rebalance_date,universe,buy_value,sell_value,brokerage,stt,exchange_charge,sebi_charge,gst,stamp_duty,total_transaction_cost,transaction_cost_pct
2020-05-05,NIFTY_AUTO,333333.3333333333,0.0,0.0,333.33333333333337,9.899999999999999,0.3333333333333333,1.842,49.99999999999999,395.4086666666667,0.001186226
2020-05-05,NIFTY_METAL,333333.3333333333,0.0,0.0,333.33333333333337,9.899999999999999,0.3333333333333333,1.842,49.99999999999999,395.4086666666667,0.001186226
2020-05-05,NIFTY_PHARMA,333333.3333333333,0.0,0.0,333.33333333333337,9.899999999999999,0.3333333333333333,1.842,49.99999999999999,395.4086666666667,0.001186226
2020-06-09,NIFTY_METAL,0.0,111287.80422059473,0.0,111.28780422059474,3.3052477853516633,0.11128780422059473,0.6149764061230064,0.0,115.31931621629,0.0010362260000000001
2020-06-16,NIFTY_PHARMA,0.0,113281.20704017824,0.0,113.28120704017824,3.3644518490932938,0.11328120704017823,0.6259919501040249,0.0,117.38493204641574,0.0010362260000000001
2020-06-23,NIFTY_METAL,111172.48490437843,0.0,0.0,111.17248490437844,3.3018228016600397,0.11117248490437844,0.6143391515815952,16.675872735656764,131.8756920781812,0.0011862259999999999
2020-06-23,NIFTY_PHARMA,113163.82210813182,0.0,0.0,113.16382210813182,3.360965516611515,0.11316382210813182,0.6253432809695364,16.97457331621977,134.23786804404077,0.0011862259999999999
2020-06-25,NIFTY_PHARMA,0.0,94143.36162870366,0.0,94.14336162870366,2.7960578403724985,0.09414336162870365,0.5202362163602163,0.0,97.55379904706508,0.0010362260000000001
2020-07-03,NIFTY_METAL,0.0,120543.96592745742,0.0,120.54396592745742,3.5801557880454853,0.12054396592745742,0.6661259557151297,0.0,124.9107916371455,0.001036226
2020-07-08,NIFTY_AUTO,0.0,114794.67442451102,0.0,114.79467442451102,3.4094018304079774,0.11479467442451101,0.634355370869848,0.0,118.95322630021334,0.001036226
2020-07-22,NIFTY_AUTO,114675.7211982108,0.0,0.0,114.6757211982108,3.4058689195868608,0.11467572119821079,0.6336980353413129,17.201358179731617,136.0313220540688,0.0011862259999999999
2020-07-22,NIFTY_METAL,120419.05513582028,0.0,0.0,120.41905513582029,3.576445937533862,0.12041905513582027,0.6654356986805429,18.06285827037304,142.84421409754356,0.001186226
2020-07-22,NIFTY_PHARMA,94045.8078296566,0.0,0.0,94.0458078296566,2.793160492540801,0.09404580782965659,0.5196971340666823,14.106871174448488,111.55958243854224,0.001186226
2020-08-07,NIFTY_PHARMA,0.0,120824.99125938775,0.0,120.82499125938776,3.5885022404038165,0.12082499125938775,0.6676789016993767,0.0,125.20199739275033,0.001036226
2020-08-17,NIFTY_AUTO,0.0,113819.77458863675,0.0,113.81977458863675,3.3804473052825115,0.11381977458863675,0.6289680743768067,0.0,117.9430097428847,0.001036226
2020-08-24,NIFTY_AUTO,113701.83157889386,0.0,0.0,113.70183157889386,3.3769443978931477,0.11370183157889385,0.6283163213049675,17.05527473683408,134.87606886650494,0.0011862259999999999
2020-08-24,NIFTY_PHARMA,120699.789261995,0.0,0.0,120.69978926199501,3.5847837410812513,0.120699789261995,0.6669870354617843,18.10496838929925,143.1772282170993,0.001186226
2020-09-25,NIFTY_METAL,0.0,120518.58633647022,0.0,120.51858633647022,3.5794020141931657,0.12051858633647022,0.6659857080953344,0.0,124.8844926450952,0.001036226
2020-09-28,NIFTY_FINANCIAL_SERVICES,206412.46040301758,0.0,0.0,206.4124604030176,6.130450073969621,0.20641246040301756,1.1406352561870752,30.961869060452635,244.85182725402996,0.001186226
2020-09-28,NIFTY_METAL,0.0,292734.558122435,0.0,292.73455812243503,8.69421637623632,0.292734558122435,1.6176511681845755,0.0,303.33916022497834,0.0010362260000000001
2020-09-28,NIFTY_REALTY,206412.46040301758,0.0,0.0,206.4124604030176,6.130450073969621,0.20641246040301756,1.1406352561870752,30.961869060452635,244.85182725402996,0.001186226
2020-09-29,NIFTY_REALTY,0.0,67201.89779277057,0.0,67.20189779277057,1.995896364445286,0.06720189779277057,0.3713576872028502,0.0,69.63635374221147,0.001036226
2020-10-22,NIFTY_AUTO,134658.7007782557,134798.38236682216,0.0,269.45708314507783,8.002875369408812,0.2694570831450779,1.4890198414597,20.198805116738352,299.41724055582984,0.0011111871213814824
2020-10-22,NIFTY_REALTY,67132.26143902836,0.0,0.0,67.13226143902835,1.9938281647391423,0.06713226143902835,0.3709728767120707,10.069839215854252,79.63403395777286,0.001186226
2020-11-09,NIFTY_PHARMA,0.0,92035.50863424188,0.0,92.03550863424188,2.733454606436984,0.09203550863424187,0.5085882207128206,0.0,95.36958697002592,0.001036226
2020-11-11,NIFTY_REALTY,0.0,62200.5668477944,0.0,62.2005668477944,1.8473568353794936,0.062200566847794396,0.3437203324009118,0.0,64.45384458242259,0.001036226
2020-11-12,NIFTY_FINANCIAL_SERVICES,0.0,67376.97201352287,0.0,67.37697201352287,2.0010960688016293,0.06737697201352287,0.3723251473467274,0.0,69.81777020168475,0.0010362260000000001
2020-11-17,NIFTY_REALTY,0.0,72248.91691838473,0.0,72.24891691838472,2.1457928324760265,0.07224891691838473,0.399247514890994,0.0,74.86620618267013,0.001036226
2020-11-24,NIFTY_FINANCIAL_SERVICES,67307.15424332119,0.0,0.0,67.3071542433212,1.9990224810266393,0.06730715424332119,0.37193933434859283,10.096073136498177,79.84149634943793,0.0011862260000000003
2020-11-24,NIFTY_PHARMA,91940.13904727185,0.0,0.0,91.94013904727186,2.730622129703974,0.09194013904727184,0.5080612083752243,13.791020857090777,109.0617833814891,0.0011862259999999999
2020-11-24,NIFTY_REALTY,134310.16371541403,0.0,0.0,134.31016371541403,3.989011862347797,0.13431016371541402,0.742197964691378,20.1465245573121,159.32220826348072,0.0011862259999999999
2020-11-25,NIFTY_AUTO,0.0,147188.94123543648,0.0,147.1889412354365,4.371511554692463,0.14718894123543647,0.8133660892670219,0.0,152.5210078206314,0.0010362260000000001
2020-12-01,NIFTY_REALTY,0.0,70356.8772613963,0.0,70.35687726139629,2.08959925466347,0.07035687726139629,0.38879210374647594,0.0,72.90562549706765,0.0010362260000000001
2020-12-02,NIFTY_REALTY,0.0,72739.89899020485,0.0,72.73989899020485,2.160375000009084,0.07273989899020485,0.401960681819872,0.0,75.37497457102401,0.0010362260000000001
2020-12-03,NIFTY_PHARMA,0.0,92801.43496193137,0.0,92.80143496193138,2.756202618369362,0.09280143496193137,0.5128207295996328,0.0,96.1632597448623,0.0010362260000000001
2020-12-22,NIFTY_AUTO,147036.42022761583,0.0,0.0,147.03642022761582,4.36698168076019,0.14703642022761582,0.8125232581778051,22.055463034142374,174.4184246209238,0.0011862259999999999
2020-12-22,NIFTY_PHARMA,92705.27170218651,0.0,0.0,92.70527170218651,2.7533465695549393,0.09270527170218651,0.5122893314262826,13.905790755327976,109.96940363019789,0.0011862259999999999
2020-12-22,NIFTY_REALTY,142948.49565153307,0.0,0.0,142.94849565153308,4.245570320850533,0.14294849565153306,0.7899333869703717,21.44227434772996,169.56922220273546,0.0011862259999999999
2020-12-23,NIFTY_FINANCIAL_SERVICES,0.0,76956.89392813593,0.0,76.95689392813594,2.285619749665637,0.07695689392813593,0.4252637958468792,0.0,79.7447343675766,0.0010362260000000001
2020-12-28,NIFTY_AUTO,0.0,124574.84360028525,0.0,124.57484360028526,3.699872854928472,0.12457484360028524,0.6884005857351763,0.0,129.08769188454917,0.001036226
2020-12-28,NIFTY_REALTY,0.0,73095.99136936152,0.0,73.09599136936153,2.170950943670037,0.07309599136936153,0.4039284483070918,0.0,75.74396675270802,0.0010362260000000001
2021-01-19,NIFTY_PHARMA,0.0,142814.3538338746,0.0,142.8143538338746,4.241586308866076,0.14281435383387459,0.789192119285991,0.0,147.98794661586052,0.001036226
2021-01-22,NIFTY_AUTO,124445.75590840071,0.0,0.0,124.44575590840071,3.696038950479501,0.12444575590840071,0.6876872471498223,18.666863386260104,147.62079124819854,0.001186226
2021-01-22,NIFTY_FINANCIAL_SERVICES,76877.14919376836,0.0,0.0,76.87714919376836,2.2832513310549203,0.07687714919376835,0.424823126444764,11.531572379065253,91.19367317952705,0.0011862259999999999
2021-01-22,NIFTY_PHARMA,142666.36588725873,0.0,0.0,142.66636588725873,4.237191066851584,0.14266636588725873,0.7883743378929916,21.399954883088807,169.2345525409794,0.001186226
2021-01-22,NIFTY_REALTY,73020.24740260882,0.0,0.0,73.02024740260882,2.168701347857482,0.07302024740260882,0.4035098871468163,10.953037110391321,86.61851599540704,0.0011862259999999999
2021-02-01,NIFTY_BANK,368920.53234366793,0.0,0.0,368.92053234366796,10.956939810606938,0.3689205323436679,2.038654861731109,55.33807985155019,437.6231273998999,0.001186226
2021-02-01,NIFTY_PHARMA,0.0,369303.21393583185,0.0,369.3032139358319,10.968305453894205,0.3693032139358318,2.040769560209407,0.0,382.6815921638713,0.001036226
2021-02-26,NIFTY_REALTY,0.0,69823.80099785067,0.0,69.82380099785068,2.073766889636165,0.06982380099785067,0.38584632431412286,0.0,72.35323801279881,0.001036226
2021-03-19,NIFTY_REALTY,0.0,105750.13096128272,0.0,105.75013096128272,3.1407788895500968,0.10575013096128272,0.5843752236920483,0.0,109.58103520548615,0.001036226
2021-03-22,NIFTY_FINANCIAL_SERVICES,0.0,318016.7238595352,0.0,318.01672385953515,9.445096698628195,0.3180167238595351,1.7573604160477911,0.0,329.53719769807066,0.001036226
2021-03-22,NIFTY_METAL,317687.1866618371,0.0,0.0,317.68718666183713,9.435309443856562,0.3176871866618371,1.755539393493312,47.65307799927557,376.84880068512433,0.0011862259999999999
2021-03-23,NIFTY_REALTY,175391.9976859151,0.0,0.0,175.3919976859151,5.2091423312716785,0.1753919976859151,0.9692161792123669,26.308799652887263,208.05454784697233,0.001186226
2021-03-24,NIFTY_REALTY,0.0,83318.11241195055,0.0,83.31811241195055,2.4745479386349314,0.08331811241195056,0.46041588918843873,0.0,86.33639435218586,0.001036226
2021-03-30,NIFTY_AUTO,0.0,448332.9757920572,0.0,448.3329757920572,13.315489381024099,0.44833297579205716,2.4774880242269077,0.0,464.5742861731003,0.0010362260000000001
2021-03-30,NIFTY_BANK,0.0,449076.9610169295,0.0,449.07696101692954,13.337585742202807,0.4490769610169295,2.481599286579552,0.0,465.34522300672876,0.001036226
2021-03-30,NIFTY_PRIVATE_BANK,448240.00864990347,0.0,0.0,448.2400086499035,13.312728256902133,0.44824000864990343,2.4769742877993663,67.23600129748552,531.7139525007404,0.001186226
2021-03-30,NIFTY_PSU_BANK,448240.00864990347,0.0,0.0,448.2400086499035,13.312728256902133,0.44824000864990343,2.4769742877993663,67.23600129748552,531.7139525007404,0.001186226
2021-04-12,NIFTY_FMCG,397419.5108208272,0.0,0.0,397.4195108208272,11.80335947137857,0.39741951082082727,2.196140216795891,59.61292662312408,471.4293566429466,0.001186226
2021-04-12,NIFTY_PRIVATE_BANK,0.0,397831.7544283915,0.0,397.8317544283915,11.815603106523229,0.3978317544283915,2.1984182749712913,0.0,412.2436075643144,0.001036226
2021-04-12,NIFTY_REALTY,0.0,78195.23490250249,0.0,78.19523490250249,2.3223984766043237,0.07819523490250249,0.43210686807122867,0.0,81.02793548208055,0.0010362260000000001
2021-04-19,NIFTY_PHARMA,644679.6506024003,0.0,0.0,644.6796506024003,19.14698562289129,0.6446796506024003,3.562499749228864,96.70194759036005,764.7357632154828,0.0011862259999999999
2021-04-19,NIFTY_PSU_BANK,0.0,405243.5563187666,0.0,405.24355631876665,12.035733622667369,0.40524355631876663,2.239375892217504,0.0,419.9239093899703,0.0010362260000000001
2021-04-19,NIFTY_REALTY,0.0,78591.47373686933,0.0,78.59147373686933,2.334166769985019,0.07859147373686932,0.43429648386993985,0.0,81.43852846446116,0.001036226
2021-05-06,NIFTY_PHARMA,0.0,200798.35943691863,0.0,200.79835943691864,5.963711275276483,0.20079835943691862,1.1096117342484122,0.0,208.07248080588047,0.0010362260000000001
2021-05-24,NIFTY_PHARMA,200590.28695611274,0.0,0.0,200.59028695611275,5.957531522596549,0.20059028695611272,1.108461925719479,30.08854304341691,237.94541373480178,0.0011862259999999999
2021-05-28,NIFTY_PHARMA,0.0,199564.04805043223,0.0,199.56404805043223,5.927052227097837,0.19956404805043224,1.1027909295266884,0.0,206.7934552551072,0.0010362260000000001
2021-06-16,NIFTY_METAL,0.0,120021.14562283616,0.0,120.02114562283617,3.564628024998234,0.12002114562283615,0.6632368507117926,0.0,124.36903164416904,0.0010362260000000001
2021-06-22,NIFTY_METAL,119896.776591192,0.0,0.0,119.89677659119201,3.5609342647584024,0.119896776591192,0.6625495874429269,17.9845164886788,142.22467370866332,0.001186226
2021-06-22,NIFTY_PHARMA,199357.25459517713,0.0,0.0,199.35725459517712,5.920910461476761,0.1993572545951771,1.1016481888929488,29.90358818927657,236.48275868941857,0.0011862259999999999
2021-08-23,NIFTY_CONSUMER_DURABLES,358354.76841628726,0.0,0.0,358.3547684162873,10.643136621963732,0.3583547684162872,1.9802684502684036,53.75321526244309,425.08974351937877,0.001186226
2021-08-23,NIFTY_HEALTHCARE,358354.76841628726,0.0,0.0,358.3547684162873,10.643136621963732,0.3583547684162872,1.9802684502684036,53.75321526244309,425.08974351937877,0.001186226
2021-08-23,NIFTY_PHARMA,0.0,717452.9802645021,0.0,717.4529802645021,21.308353513855714,0.7174529802645021,3.9646451689416384,0.0,743.443431927564,0.0010362260000000001
2021-08-24,NIFTY_FMCG,138153.03160730217,138296.3378683061,0.0,276.44936947560825,8.210546273425566,0.2764493694756083,1.5276592157222113,20.72295474109532,307.1869790753269,0.0011111871213814824
2021-09-21,NIFTY_FMCG,0.0,147920.0231775406,0.0,147.9200231775406,4.393224688372956,0.1479200231775406,0.8174060480790893,0.0,153.27857393717017,0.001036226
2021-09-22,NIFTY_FMCG,147766.74460360344,0.0,0.0,147.76674460360343,4.388672314727022,0.14776674460360342,0.8165590306795125,22.165011690540513,175.2847543841541,0.001186226
2021-10-25,NIFTY_HEALTHCARE,0.0,308056.8583179929,0.0,308.0568583179929,9.14928869204439,0.3080568583179929,1.7023221990652289,0.0,319.21652606742055,0.0010362260000000001
2021-10-25,NIFTY_REALTY,307737.6417919255,0.0,0.0,307.7376417919255,9.139807961220185,0.3077376417919254,1.70055820854218,46.16064626878882,365.0463918722686,0.001186226
2021-10-28,NIFTY_CONSUMER_DURABLES,0.0,121604.88509611116,0.0,121.60488509611116,3.6116650873545013,0.12160488509611116,0.6719885950411102,0.0,126.01014366360288,0.001036226
2021-10-28,NIFTY_REALTY,0.0,97926.09084487749,0.0,97.92609084487749,2.9084048980928614,0.09792609084487748,0.541139578008793,0.0,101.47356141182402,0.0010362260000000001
2021-11-01,NIFTY_FMCG,0.0,425773.0139203807,0.0,425.77301392038066,12.645458513435305,0.42577301392038064,2.3528216749240234,0.0,441.1970671226604,0.0010362260000000001
2021-11-01,NIFTY_PSU_BANK,425331.816853258,0.0,0.0,425.331816853258,12.632354960541761,0.425331816853258,2.3503836199311032,63.799772527988694,504.5396597785728,0.0011862259999999999
2021-11-10,NIFTY_REALTY,0.0,110496.50473557715,0.0,110.49650473557716,3.2817461906466416,0.11049650473557715,0.6106036851687994,0.0,114.49935111612818,0.0010362260000000001
2021-11-17,NIFTY_METAL,0.0,172829.1358958422,0.0,172.8291358958422,5.133025336106513,0.17282913589584217,0.9550538049604239,0.0,179.09004417280497,0.001036226
2021-11-22,NIFTY_MEDIA,463236.3902218931,0.0,0.0,463.2363902218931,13.758120789590224,0.46323639022189306,2.559844292366181,69.48545853328396,549.5030502273553,0.0011862259999999999
2021-11-22,NIFTY_METAL,0.0,290887.76984041434,0.0,290.88776984041436,8.639366764260307,0.2908877698404143,1.6074458161381298,0.0,301.4254701906532,0.001036226
2021-11-23,NIFTY_CONSUMER_DURABLES,121478.87495244756,0.0,0.0,121.47887495244755,3.6079225860876925,0.12147887495244755,0.6712922629872252,18.221831242867133,144.10139991934204,0.0011862259999999999
2021-11-23,NIFTY_MEDIA,229348.77396047034,229586.67764509981,0.0,458.93545160557017,13.630382912685434,0.45893545160557014,2.5360773055723804,34.40231609407055,509.96316336950406,0.0011111871213814824
2021-11-23,NIFTY_REALTY,208206.62266792668,0.0,0.0,208.2066226679267,6.183736693237423,0.20820662266792667,1.1505497968629628,31.230993400189,246.980109180884,0.001186226
2021-11-24,NIFTY_MEDIA,0.0,229290.3618659443,0.0,229.2903618659443,6.809923747418545,0.2292903618659443,1.267058539671208,0.0,237.5966345149,0.0010362260000000001
2021-11-24,NIFTY_REALTY,0.0,208011.50422367224,0.0,208.01150422367226,6.177941675443066,0.2080115042236722,1.1494715723400128,0.0,215.546928975679,0.0010362260000000001
2021-11-29,NIFTY_CONSUMER_DURABLES,0.0,388182.1395786049,0.0,388.1821395786049,11.529009545484564,0.38818213957860487,2.1450945033113706,0.0,402.2444257669794,0.001036226
2021-12-13,NIFTY_OIL_GAS,387779.89515283797,0.0,0.0,387.779895152838,11.517062886039287,0.38777989515283795,2.1428717006145828,58.16698427292569,459.9945939075705,0.0011862260000000003
2021-12-20,NIFTY_REALTY,0.0,78147.66620017172,0.0,78.14766620017173,2.3209856861451,0.07814766620017172,0.43184400342214896,0.0,80.97864355593913,0.001036226
2021-12-22,NIFTY_MEDIA,229052.7652314294,0.0,0.0,229.0527652314294,6.802867127373453,0.2290527652314294,1.2657455806688789,34.3579147847144,271.7083454894175,0.0011862259999999999
2021-12-27,NIFTY_PSU_BANK,0.0,371304.38126059197,0.0,371.304381260592,11.027740123439582,0.37130438126059195,2.051828010846031,0.0,384.75525377613826,0.0010362260000000003
2021-12-28,NIFTY_MEDIA,0.0,226478.93234406196,0.0,226.47893234406197,6.72642429061864,0.22647893234406194,1.2515225801332863,0.0,234.68335814715797,0.0010362260000000001
2022-01-17,NIFTY_METAL,328391.13542906404,0.0,0.0,328.3911354290641,9.753216722243202,0.32839113542906406,1.8146894143810077,49.258670314359605,389.5461030154769,0.0011862259999999999
2022-01-17,NIFTY_PSU_BANK,328391.13542906404,0.0,0.0,328.3911354290641,9.753216722243202,0.32839113542906406,1.8146894143810077,49.258670314359605,389.5461030154769,0.0011862259999999999
2022-01-24,NIFTY_MEDIA,226244.2489859148,0.0,0.0,226.24424898591482,6.71945419488167,0.2262442489859148,1.2502257198961653,33.93663734788722,268.3768104975658,0.0011862260000000003
2022-01-24,NIFTY_PSU_BANK,214818.48959795156,215041.32100585217,0.0,429.85981060380374,12.766836374932971,0.42985981060380374,2.3754053133966195,32.22277343969273,477.65468554242983,0.0011111871213814824
2022-01-25,NIFTY_MEDIA,0.0,219275.3132930457,0.0,219.2753132930457,6.512476804803457,0.2192753132930457,1.2117153812573704,0.0,227.2187807923996,0.0010362260000000001
2022-02-14,NIFTY_MEDIA,0.0,183711.74512122208,0.0,183.7117451212221,5.456238830100296,0.18371174512122207,1.0151911035398733,0.0,190.3668867999835,0.0010362260000000001
2022-02-21,NIFTY_METAL,0.0,95236.4481478159,0.0,95.2364481478159,2.8285225099901323,0.0952364481478159,0.5262766124648307,0.0,98.68648371841869,0.0010362260000000001
2022-02-22,NIFTY_MEDIA,402569.47274667537,0.0,0.0,402.5694727466754,11.956313340576258,0.40256947274667537,2.224598906398128,60.3854209120013,477.5383753783977,0.0011862259999999999
2022-02-22,NIFTY_METAL,95137.76166409747,0.0,0.0,95.13776166409748,2.825591521423695,0.09513776166409747,0.5257312709558026,14.27066424961462,112.85488646775569,0.001186226
2022-02-23,NIFTY_MEDIA,0.0,200894.45957281257,0.0,200.89445957281256,5.966565449312533,0.20089445957281257,1.1101427835993622,0.0,208.17206226529728,0.0010362260000000001
2022-02-28,NIFTY_MEDIA,0.0,188121.5855547323,0.0,188.1215855547323,5.58721109097555,0.1881215855547323,1.0395598817754508,0.0,194.93647811303805,0.0010362260000000001
2022-02-28,NIFTY_OIL_GAS,0.0,397280.5392532848,0.0,397.2805392532848,11.79923201582256,0.39728053925328477,2.1953722599136514,0.0,411.67242406827427,0.001036226
2022-03-07,NIFTY_PSU_BANK,0.0,285255.8523356861,0.0,285.2558523356861,8.472098814369875,0.28525585233568607,1.5763238400070012,0.0,295.58953084239863,0.001036226
2022-03-28,NIFTY_OIL_GAS,1070442.0662212267,0.0,0.0,1070.4420662212267,31.792129366770432,1.0704420662212266,5.915262857938498,160.566309933184,1269.786210445341,0.0011862260000000003
2022-05-09,NIFTY_METAL,0.0,94252.18024641016,0.0,94.25218024641016,2.799289753318382,0.09425218024641016,0.5208375480416626,0.0,97.66655972801662,0.0010362260000000001
2022-05-16,NIFTY_METAL,0.0,207811.27523580598,0.0,207.811275235806,6.171994874503438,0.20781127523580598,1.1483651069530638,0.0,215.33944649249833,0.0010362260000000001
2022-05-16,NIFTY_OIL_GAS,0.0,980021.8335092708,0.0,980.0218335092709,29.10664845522534,0.9800218335092707,5.41560065197223,0.0,1015.5241044499776,0.001036226
2022-05-23,NIFTY_FMCG,1280756.7588808164,0.0,0.0,1280.7567588808165,38.03847573876025,1.2807567588808164,7.077461849575392,192.11351383212246,1519.2669670601554,0.001186226
2022-06-20,NIFTY_FMCG,0.0,1199938.9017092073,0.0,1199.9389017092074,35.63818538076346,1.1999389017092073,6.63086237084508,0.0,1243.407888362525,0.001036226
2022-06-27,NIFTY_AUTO,1198695.4938208447,0.0,0.0,1198.6954938208446,35.60125616647909,1.1986954938208445,6.623991298853987,179.80432407312668,1421.9237608531253,0.0011862259999999999
2022-11-24,NIFTY_AUTO,0.0,426604.97670801426,0.0,426.60497670801425,12.670167808228024,0.4266049767080142,2.357419101288487,0.0,442.05916859423877,0.001036226
2022-12-22,NIFTY_AUTO,426162.91753942,0.0,0.0,426.16291753942005,12.657038650920775,0.42616291753942,2.354976282322835,63.924437630913,505.5255330211161,0.001186226
2022-12-27,NIFTY_AUTO,0.0,1402146.0406947518,0.0,1402.1460406947517,41.643737408634124,1.4021460406947517,7.748259020879197,0.0,1452.9401831649595,0.0010362259999999997
2022-12-27,NIFTY_HEALTHCARE,1400693.1005115868,0.0,0.0,1400.6931005115869,41.600585085194126,1.4006931005115866,7.7402300734270275,210.10396507673798,1661.5385738474574,0.0011862259999999999
2023-01-30,NIFTY_HEALTHCARE,0.0,1380792.0873318496,0.0,1380.7920873318494,41.00952499375593,1.3807920873318493,7.6302570745958,0.0,1430.8126614875332,0.001036226
2023-01-30,NIFTY_IT,459787.0915567873,0.0,0.0,459.78709155678735,13.655676619236583,0.4597870915567873,2.5407834679428065,68.9680637335181,545.4114024690416,0.001186226
2023-01-30,NIFTY_METAL,459787.0915567873,0.0,0.0,459.78709155678735,13.655676619236583,0.4597870915567873,2.5407834679428065,68.9680637335181,545.4114024690416,0.001186226
2023-01-30,NIFTY_PHARMA,459787.0915567873,0.0,0.0,459.78709155678735,13.655676619236583,0.4597870915567873,2.5407834679428065,68.9680637335181,545.4114024690416,0.001186226
2023-02-06,NIFTY_AUTO,900823.7833789773,0.0,0.0,900.8237833789774,26.75446636635563,0.9008237833789773,4.977952226952228,135.1235675068466,1068.5805932625108,0.001186226
2023-02-06,NIFTY_METAL,0.0,447642.47599668894,0.0,447.642475996689,13.294981537101663,0.44764247599668894,2.473672322357703,0.0,463.858772332145,0.0010362260000000001
2023-02-06,NIFTY_PHARMA,0.0,454115.7326838365,0.0,454.11573268383654,13.487237260709945,0.45411573268383654,2.5094435388108804,0.0,470.5665292160412,0.0010362260000000001
2023-03-09,NIFTY_IT,0.0,148234.1968894637,0.0,148.2341968894637,4.4025556476170715,0.14823419688946368,0.8191421720111762,0.0,153.6041289059814,0.0010362260000000001
2023-03-10,NIFTY_AUTO,0.0,264322.07988800487,0.0,264.32207988800485,7.850365772673745,0.2643220798880049,1.4606438134611148,0.0,273.8974115540277,0.001036226
2023-03-20,NIFTY_AUTO,0.0,584587.4608436427,0.0,584.5874608436427,17.36224758705619,0.5845874608436425,3.230430308621969,0.0,605.7647262001644,0.001036226
2023-03-22,NIFTY_IT,148080.59276055772,0.0,0.0,148.08059276055772,4.397993604988565,0.1480805927605577,0.818293355594842,22.212088914083655,175.65704922798534,0.001186226
2023-03-27,NIFTY_IT,0.0,432754.1616120186,0.0,432.7541616120186,12.852798599876952,0.43275416161201863,2.3913994970680146,0.0,448.4311138705756,0.0010362260000000001
2023-04-11,NIFTY_PHARMA,1280335.6090920414,0.0,0.0,1280.3356090920415,38.02596759003363,1.2803356090920412,7.07513457584262,192.0503413638062,1518.7673882308159,0.001186226
2023-04-18,NIFTY_PHARMA,0.0,878898.2550813493,0.0,878.8982550813494,26.103278175916074,0.8788982550813492,4.856791757579536,0.0,910.7372232699262,0.001036226
2023-04-24,NIFTY_PHARMA,877987.5178580794,0.0,0.0,877.9875178580794,26.076229280384958,0.8779875178580794,4.851759023683747,131.6981276787119,1041.491621358718,0.0011862259999999999
2023-05-22,NIFTY_BANK,1245490.022347601,0.0,0.0,1245.4900223476009,36.99105366372375,1.2454900223476009,6.882577863492843,186.8235033521401,1477.4326472493053,0.001186226
2023-05-22,NIFTY_PHARMA,0.0,1246781.9702414963,0.0,1246.7819702414965,37.02942451617244,1.2467819702414964,6.889717167554509,0.0,1291.9478938954649,0.0010362260000000001
2023-10-30,NIFTY_BANK,0.0,1425730.122073959,0.0,1425.7301220739591,42.34418462559658,1.425730122073959,7.878584654580697,0.0,1477.3786214762104,0.0010362260000000001
2023-10-30,NIFTY_REALTY,1424252.7434524829,0.0,0.0,1424.2527434524827,42.30030648053874,1.4242527434524828,7.87042066031842,213.63791151787242,1689.485634854665,0.001186226
2023-12-01,NIFTY_REALTY,0.0,555647.3375742426,0.0,555.6473375742427,16.502725925955005,0.5556473375742426,3.0705071874352643,0.0,575.7762180252072,0.0010362260000000001
2023-12-06,NIFTY_REALTY,0.0,592102.5063835938,0.0,592.1025063835938,17.585444439592735,0.5921025063835937,3.271958450275739,0.0,613.5520117798459,0.0010362260000000001
2023-12-22,NIFTY_REALTY,1146560.5157280313,0.0,0.0,1146.5605157280313,34.05284731712253,1.1465605157280312,6.3358934099131,171.9840773592047,1360.0798943299997,0.001186226
2024-03-07,NIFTY_REALTY,0.0,595243.8821513843,0.0,595.2438821513842,17.678743299896112,0.5952438821513842,3.2893176927685492,0.0,616.8071870262004,0.0010362260000000001
2024-03-18,NIFTY_PHARMA,1922727.2731486154,0.0,0.0,1922.7272731486155,57.10500001251387,1.9227272731486154,10.62499091141925,288.4090909722923,2280.7890823179896,0.001186226
2024-03-18,NIFTY_REALTY,0.0,1329477.8376860912,0.0,1329.4778376860913,39.48549177927691,1.3294778376860914,7.34669453105334,0.0,1377.6395018341077,0.0010362260000000001
2024-03-22,NIFTY_PHARMA,1297819.841561879,1299166.0712231984,0.0,2596.9859127850773,77.1304816097168,2.596985912785077,14.350944154050339,194.67297623428183,2885.7373006959115,0.0011111871213814824
2024-03-28,NIFTY_PHARMA,0.0,651196.2903115675,0.0,651.1962903115675,19.340529822253554,0.6511962903115674,3.5985107002617216,0.0,674.7865271243943,0.001036226
2024-04-23,NIFTY_PHARMA,650521.5037844431,0.0,0.0,650.5215037844431,19.32048866239796,0.6505215037844431,3.5947818299128325,97.57822556766646,771.6655213482047,0.0011862259999999999
2024-04-30,NIFTY_PHARMA,0.0,601886.0477499145,0.0,601.8860477499145,17.87601561817246,0.6018860477499144,3.326022299866027,0.0,623.6899717157029,0.0010362260000000001
2024-05-22,NIFTY_PHARMA,601262.3577781988,0.0,0.0,601.2623577781987,17.857492026012505,0.6012623577781988,3.3225757890823266,90.18935366672982,713.2330416178016,0.001186226
2024-05-29,NIFTY_PHARMA,0.0,615203.2135308898,0.0,615.2032135308898,18.271535441867428,0.6152032135308898,3.399612957971697,0.0,637.4895651442598,0.001036226
2024-05-31,NIFTY_PHARMA,0.0,598131.4281103263,0.0,598.1314281103263,17.764503414876692,0.5981314281103263,3.3052742717376637,0.0,619.799337225051,0.001036226
2024-06-24,NIFTY_PHARMA,2049011.2433068203,837802.0428276047,0.0,2886.813286134425,85.73835459819242,2.8868132861344247,15.952530219178831,307.351686496023,3298.7426707339537,0.0011426934629191487
2024-06-27,NIFTY_PHARMA,0.0,656396.2040105314,0.0,656.3962040105314,19.494967259112784,0.6563962040105314,3.6272454233621962,0.0,680.1748128970169,0.001036226
2024-07-05,NIFTY_PHARMA,0.0,699896.2220318498,0.0,699.8962220318498,20.78691779434594,0.6998962220318498,3.867626522948002,0.0,725.2506625711757,0.0010362260000000001
2024-07-22,NIFTY_PHARMA,0.0,663261.8557423282,0.0,663.2618557423282,19.69887711554715,0.6632618557423282,3.6651850148321055,0.0,687.2891797284498,0.001036226
2024-07-23,NIFTY_PHARMA,2017461.5671295128,0.0,0.0,2017.4615671295128,59.91860854374653,2.0174615671295126,11.148492619957686,302.6192350694269,2393.165364929773,0.0011862259999999999
2024-08-22,NIFTY_PHARMA,778898.9454701488,779706.8980302671,0.0,1558.605843500416,46.29059355196235,1.5586058435004158,8.612855891183298,116.83484182052231,1731.9027406075843,0.0011111871213814824
2024-09-05,NIFTY_PHARMA,0.0,808509.7551833962,0.0,808.5097551833961,24.012739728946865,0.8085097551833961,4.467824907143447,0.0,837.7988295746699,0.001036226
2024-09-24,NIFTY_PHARMA,807671.9563538214,0.0,0.0,807.6719563538214,23.987857103708496,0.8076719563538214,4.463195230811217,121.1507934530732,958.0814740977683,0.001186226
2024-10-22,NIFTY_PHARMA,1670357.5832823666,1672090.2466703127,0.0,3342.4478299526795,99.27070054959458,3.342447829952679,18.470366708318508,250.55363749235497,3714.0849825329005,0.0011111871213814824
2024-10-23,NIFTY_PHARMA,0.0,819418.9485884979,0.0,819.418948588498,24.336742773078388,0.819418948588498,4.52810910990004,0.0,849.1032194200649,0.0010362260000000001
2024-11-13,NIFTY_PHARMA,0.0,624180.8423850562,0.0,624.1808423850562,18.53817101883617,0.6241808423850562,3.4492233350198203,0.0,646.7924175812972,0.001036226
2024-11-18,NIFTY_PHARMA,0.0,788374.6077353772,0.0,788.3746077353771,23.4147258497407,0.7883746077353772,4.356558082345694,0.0,816.9342662751989,0.001036226
2024-12-09,NIFTY_CONSUMER_DURABLES,1114830.7844028273,0.0,0.0,1114.8307844028272,33.11047429676397,1.1148307844028271,6.160554914610024,167.22461766042406,1322.4412620590283,0.001186226
2024-12-09,NIFTY_PSU_BANK,1114830.7844028273,0.0,0.0,1114.8307844028272,33.11047429676397,1.1148307844028271,6.160554914610024,167.22461766042406,1322.4412620590283,0.001186226
2025-01-13,NIFTY_PHARMA,918594.5584072873,0.0,0.0,918.5945584072874,27.282258384696433,0.9185945584072873,5.0761535297586695,137.78918376109306,1089.660748641243,0.001186226
2025-01-13,NIFTY_PSU_BANK,0.0,919547.4173493776,0.0,919.5474173493776,27.310558295276515,0.9195474173493776,5.081419028272661,0.0,952.8589420902763,0.0010362260000000001
2025-01-20,NIFTY_CONSUMER_DURABLES,0.0,987602.2032740533,0.0,987.6022032740534,29.331785437239386,0.9876022032740532,5.457489775292419,0.0,1023.3790806898592,0.0010362260000000001
2025-01-22,NIFTY_PHARMA,304914.7703004741,305231.0586594645,0.0,610.1458289599386,18.121331120110177,0.6101458289599386,3.3716658508326205,45.73721554507111,677.9861873049124,0.0011111871213814821
2025-02-03,NIFTY_PHARMA,0.0,869859.1458406979,0.0,869.8591458406979,25.834816631468726,0.8698591458406978,4.806841639915696,0.0,901.370663257923,0.001036226
2025-02-24,NIFTY_FINANCIAL_SERVICES_EX_BANK,1855536.5993708037,0.0,0.0,1855.5365993708037,55.10943700131287,1.8555365993708035,10.25369524812306,278.33048990562054,2201.0857581252308,0.0011862259999999999
2025-03-17,NIFTY_FINANCIAL_SERVICES_EX_BANK,0.0,1634936.0589334636,0.0,1634.9360589334638,48.557600950323874,1.6349360589334636,9.03465666166632,0.0,1694.1632526043873,0.001036226
2025-03-24,NIFTY_BANK,326648.37913617183,0.0,0.0,326.64837913617185,9.701456860344305,0.32664837913617184,1.8050589431064854,48.99725687042577,387.4788001891846,0.001186226
2025-03-24,NIFTY_FINANCIAL_SERVICES,326648.37913617183,0.0,0.0,326.64837913617185,9.701456860344305,0.32664837913617184,1.8050589431064854,48.99725687042577,387.4788001891846,0.001186226
2025-03-24,NIFTY_HEALTHCARE,326648.37913617183,0.0,0.0,326.64837913617185,9.701456860344305,0.32664837913617184,1.8050589431064854,48.99725687042577,387.4788001891846,0.001186226
2025-03-24,NIFTY_MIDSMALL_HEALTHCARE,326648.37913617183,0.0,0.0,326.64837913617185,9.701456860344305,0.32664837913617184,1.8050589431064854,48.99725687042577,387.4788001891846,0.001186226
2025-03-24,NIFTY_PHARMA,326648.37913617183,0.0,0.0,326.64837913617185,9.701456860344305,0.32664837913617184,1.8050589431064854,48.99725687042577,387.4788001891846,0.001186226
2025-05-19,NIFTY_PHARMA,0.0,103676.08526904612,0.0,103.67608526904613,3.07917973249067,0.10367608526904612,0.5729140471967489,0.0,107.43185513400259,0.0010362260000000001
2025-05-22,NIFTY_PHARMA,103568.65341391212,0.0,0.0,103.56865341391212,3.07598900639319,0.10356865341391212,0.5723203787652783,15.535298012086816,122.85582946457131,0.0011862259999999999
2025-06-18,NIFTY_PHARMA,0.0,99875.16812023259,0.0,99.87516812023259,2.966292493170908,0.09987516812023257,0.5519101790324052,0.0,103.49324596055614,0.0010362260000000001
2025-06-24,NIFTY_PHARMA,99771.67487427202,0.0,0.0,99.77167487427202,2.963218743765879,0.09977167487427202,0.5513382753552272,14.965751231140802,118.3517547994082,0.0011862259999999999
2025-07-29,NIFTY_BANK,0.0,102278.88064058212,0.0,102.27888064058213,3.037682755025289,0.10227888064058212,0.5651930944198569,0.0,105.98403537066785,0.0010362260000000001
2025-08-11,NIFTY_BANK,0.0,238865.9463398305,0.0,238.8659463398305,7.0943186062929655,0.2388659463398305,1.3199732194739031,0.0,247.5191041119372,0.0010362260000000001
2025-08-11,NIFTY_FINANCIAL_SERVICES_EX_BANK,340791.32384093,0.0,0.0,340.79132384093003,10.121502318075622,0.34079132384093,1.8832128555449792,51.1186985761395,404.2555289145311,0.0011862260000000003
2025-09-01,NIFTY_AUTO,346471.0816609138,0.0,0.0,346.47108166091385,10.290191125329141,0.34647108166091384,1.91459919725821,51.970662249137064,410.99300531429924,0.0011862260000000003
2025-09-01,NIFTY_FINANCIAL_SERVICES,0.0,331204.49421812134,0.0,331.20449421812134,9.836773478278204,0.3312044942181213,1.8302360350493383,0.0,343.20270822566704,0.0010362260000000001
2025-09-01,NIFTY_FINANCIAL_SERVICES_EX_BANK,0.0,362456.45861822006,0.0,362.45645861822004,10.764956820961135,0.36245645861822007,2.002934390324284,0.0,375.5868062881237,0.001036226
2025-09-01,NIFTY_PSU_BANK,346471.0816609138,0.0,0.0,346.47108166091385,10.290191125329141,0.34647108166091384,1.91459919725821,51.970662249137064,410.99300531429924,0.0011862260000000003
2025-09-18,NIFTY_HEALTHCARE,0.0,115207.11140832044,0.0,115.20711140832044,3.421651208827117,0.11520711140832043,0.6366344976423788,0.0,119.38060422619826,0.001036226
2025-09-23,NIFTY_HEALTHCARE,115087.73080409424,0.0,0.0,115.08773080409425,3.418105604881599,0.11508773080409423,0.6359748004234248,17.263159620614136,136.52005856081752,0.001186226
2025-09-24,NIFTY_HEALTHCARE,0.0,105037.09754516998,0.0,105.03709754516998,3.119601797091548,0.10503709754516997,0.5804350010346092,0.0,108.84217144084131,0.0010362260000000001
2025-09-29,NIFTY_METAL,348426.16021213203,0.0,0.0,348.426160212132,10.348256958300322,0.348426160212132,1.9254029613322414,52.263924031819805,413.3121703237965,0.001186226
2025-09-29,NIFTY_MIDSMALL_HEALTHCARE,0.0,348787.5829740869,0.0,348.78758297408694,10.35899121433038,0.3487875829740869,1.9274001835148042,0.0,361.42276195490615,0.001036226
2025-10-23,NIFTY_HEALTHCARE,104928.25537372913,0.0,0.0,104.92825537372913,3.116369184599755,0.10492825537372913,0.5798335391952272,15.739238306059368,124.46862465895721,0.001186226
2025-10-31,NIFTY_PHARMA,0.0,101798.31511544401,0.0,101.79831511544401,3.023409958928687,0.101798315115444,0.5625374893279436,0.0,105.48606087881608,0.001036226
2025-11-17,NIFTY_PHARMA,0.0,110675.7474135755,0.0,110.67574741357551,3.2870696981831924,0.1106757474135755,0.6115941802074182,0.0,114.6850870393797,0.0010362260000000001
2025-11-24,NIFTY_PHARMA,212253.89138110133,0.0,0.0,212.25389138110134,6.30394057401871,0.21225389138110132,1.1729150037719658,31.838083707165197,251.7810845574383,0.001186226
2025-12-04,NIFTY_AUTO,0.0,105673.66125075059,0.0,105.6736612507506,3.1385077391472924,0.10567366125075059,0.5839526520716477,0.0,109.50179530322028,0.001036226
2025-12-17,NIFTY_METAL,0.0,110799.4937711913,0.0,110.7994937711913,3.2907449650043814,0.11079949377119129,0.6122780025796031,0.0,114.81331623254647,0.001036226
2025-12-23,NIFTY_AUTO,105564.15945544737,0.0,0.0,105.56415945544737,3.135255535826787,0.10556415945544737,0.5833475451508021,15.834623918317105,125.22295061419752,0.001186226
2025-12-23,NIFTY_METAL,110684.68045495875,0.0,0.0,110.68468045495875,3.287335009512275,0.11068468045495874,0.611643544194102,16.60270206824381,131.2970457573639,0.0011862259999999999
2026-01-07,NIFTY_PHARMA,0.0,103097.63791268495,0.0,103.09763791268495,3.061999846006743,0.10309763791268495,0.569717547105497,0.0,106.83245294370987,0.001036226
2026-01-19,NIFTY_HEALTHCARE,0.0,386386.0488608927,0.0,386.38604886089274,11.475665651168514,0.38638604886089273,2.135169306005293,0.0,400.38326986692744,0.0010362260000000001
2026-01-19,NIFTY_MIDSMALL_FINANCIAL_SERVICES,385985.6655910258,0.0,0.0,385.98566559102574,11.463774268053466,0.38598566559102576,2.132956788056008,57.897849838653855,457.86623215138,0.0011862259999999996
2026-01-22,NIFTY_PHARMA,102990.80545974124,0.0,0.0,102.99080545974124,3.058826922154315,0.10299080545974124,0.5691271909705301,15.448620818961185,122.17037119728701,0.001186226
2026-01-27,NIFTY_AUTO,0.0,375642.5552498348,0.0,375.64255524983474,11.156583890920093,0.3756425552498347,2.075800760310587,0.0,389.2505824563152,0.0010362259999999997
2026-01-27,NIFTY_BANK,346637.1861383894,0.0,0.0,346.63718613838944,10.295124428310164,0.3466371861383894,1.9155170906007395,51.99557792075841,411.19004276419713,0.001186226
2026-01-27,NIFTY_IT,346637.1861383894,0.0,0.0,346.63718613838944,10.295124428310164,0.3466371861383894,1.9155170906007395,51.99557792075841,411.19004276419713,0.001186226
2026-01-27,NIFTY_PHARMA,0.0,318350.9511420985,0.0,318.35095114209855,9.455023248920327,0.3183509511420985,1.7592073560112365,0.0,329.8835326981722,0.0010362260000000001
2026-01-27,NIFTY_PSU_BANK,0.0,151269.33352672038,0.0,151.26933352672037,4.4926992057435955,0.15126933352672037,0.8359143370686568,0.0,156.74921640305936,0.0010362260000000001
2026-02-09,NIFTY_IT,0.0,318801.2508770296,0.0,318.8012508770296,9.468397151047778,0.3188012508770296,1.7616957123464654,0.0,330.35014499130085,0.001036226
2026-02-09,NIFTY_PRIVATE_BANK,318470.9007320383,0.0,0.0,318.4709007320383,9.458585751741538,0.31847090073203826,1.7598701974452435,47.77063510980574,377.7784626917628,0.0011862259999999999
2026-02-24,NIFTY_PRIVATE_BANK,88271.78421886124,88363.34861814642,0.0,176.6351328370077,5.246063445259128,0.17663513283700766,0.9760857440573043,13.240767632829185,196.2746847919903,0.0011111871213814824
2026-02-24,NIFTY_PSU_BANK,151112.58431031732,0.0,0.0,151.11258431031732,4.488043754016425,0.15111258431031732,0.8350481408988134,22.666887646547597,179.25367643609044,0.0011862259999999999
2026-03-09,NIFTY_AUTO,330675.5849358537,0.0,0.0,330.67558493585375,9.821064872594855,0.3306755849358537,1.8273132823555274,49.60133774037805,392.25597641611796,0.0011862259999999999
2026-03-09,NIFTY_BANK,0.0,347577.6100794682,0.0,347.57761007946823,10.323055019360206,0.3475776100794682,1.9207138732991411,0.0,360.16895658220704,0.001036226
2026-03-09,NIFTY_HEALTHCARE,330675.5849358537,0.0,0.0,330.67558493585375,9.821064872594855,0.3306755849358537,1.8273132823555274,49.60133774037805,392.25597641611796,0.0011862259999999999
2026-03-09,NIFTY_MIDSMALL_FINANCIAL_SERVICES,0.0,355712.54061265767,0.0,355.7125406126577,10.564662456195933,0.35571254061265767,1.965667499425546,0.0,368.5985831088918,0.001036226
2026-03-09,NIFTY_PHARMA,330675.5849358537,0.0,0.0,330.67558493585375,9.821064872594855,0.3306755849358537,1.8273132823555274,49.60133774037805,392.25597641611796,0.0011862259999999999
2026-03-09,NIFTY_PRIVATE_BANK,0.0,289765.63433933526,0.0,289.7656343393353,8.606039339878258,0.2897656343393352,1.6012448953591667,0.0,300.26268420891205,0.0010362260000000001
2026-03-16,NIFTY_AUTO,0.0,297727.9446227107,0.0,297.72794462271065,8.842519955294506,0.2977279446227107,1.6452446219850991,0.0,308.51343714461296,0.001036226
2026-03-16,NIFTY_MIDSMALL_HEALTHCARE,735267.3376859906,0.0,0.0,735.2673376859907,21.83743992927392,0.7352673376859906,4.0630873080527845,110.29010065289859,872.1932329139021,0.0011862260000000003
2026-03-16,NIFTY_PSU_BANK,0.0,438302.0865183291,0.0,438.30208651832913,13.017571969594375,0.4383020865183291,2.422057330100287,0.0,454.1800179045421,0.0010362260000000001
2026-04-08,NIFTY_PHARMA,0.0,100041.65776678166,0.0,100.04165776678167,2.9712372356734154,0.10004165776678166,0.5528302008192354,0.0,103.66576686104109,0.001036226
2026-04-22,NIFTY_MIDSMALL_HEALTHCARE,266933.1313897911,267210.0213613863,0.0,534.1431527511774,15.864051636709968,0.5341431527511773,2.951675062103006,40.03996970846866,593.5329923112101,0.0011111871213814824
2026-04-22,NIFTY_PHARMA,99937.99199992062,0.0,0.0,99.93799199992063,2.9681583623976424,0.09993799199992061,0.5522573437915613,14.990698799988092,118.54904449809786,0.0011862260000000003
2026-04-27,NIFTY_PHARMA,0.0,107647.76032993545,0.0,107.64776032993545,3.197138481799083,0.10764776032993545,0.5948615235832233,0.0,111.5474080956477,0.0010362260000000001
2026-05-22,NIFTY_PHARMA,107536.2129218398,0.0,0.0,107.5362129218398,3.193825523778642,0.1075362129218398,0.5942451126060867,16.13043193827597,127.56225170942236,0.001186226
2026-06-11,NIFTY_PHARMA,0.0,112427.39665928793,0.0,112.42739665928794,3.3390936807808513,0.11242739665928793,0.621273793939225,0.0,116.5001915306673,0.001036226
2026-06-23,NIFTY_PHARMA,112310.89646775727,0.0,0.0,112.31089646775727,3.335633625092391,0.11231089646775726,0.6206300138808266,16.84663447016359,133.22610547336183,0.0011862259999999999
2026-07-17,NIFTY_MIDSMALL_HEALTHCARE,0.0,279572.4215609758,0.0,279.5724215609758,8.30330092036098,0.2795724215609758,1.5449172015459522,0.0,289.7002121044437,0.0010362260000000001
2026-07-22,NIFTY_MIDSMALL_HEALTHCARE,279282.72134887136,0.0,0.0,279.28272134887135,8.294696824061479,0.27928272134887133,1.5433163181738627,41.8924082023307,331.2924254147863,0.001186226
2026-07-29,NIFTY_METAL,0.0,131801.86538700043,0.0,131.80186538700045,3.914515401993913,0.13180186538700042,0.7283371081285643,0.0,136.57651976250992,0.0010362260000000001
2026-08-05,NIFTY_METAL,0.0,196615.52079992185,0.0,196.61552079992185,5.839480967757679,0.19661552079992184,1.0864973679403682,0.0,203.73811465641984,0.0010362260000000001
