decision_date,execution_date,universe,action,symbol,reason,entry_date,entry_rank,exit_rank,score,price,quantity,gross_value,cost_value,brokerage,stt,exchange_charge,sebi_charge,gst,stamp_duty,transaction_cost,net_value,realized_pnl,rebalance_date,rank_before,rank_after,trade_value,entry_price,exit_price,notes,portfolio_value,cash_after,weight_after,weight_before
2020-05-04,2020-05-05,NIFTY_AUTO,BUY,MRF,INITIAL_ENTRY,2020-05-05,1,,0.9888037542502086,58056.8724963474,1.9115619469375376,111111.11111111111,111111.11111111111,0.0,111.11111111111111,3.3,0.1111111111111111,0.614,16.666666666666664,131.8028888888889,110979.30822222221,0.0,2020-05-05,1,,111111.11111111111,58056.8724963474,,NIFTY_AUTO,998813.774,0.0,0.1111111111111111,
2020-05-04,2020-05-05,NIFTY_AUTO,BUY,BAJAJ-AUTO,INITIAL_ENTRY,2020-05-05,2,,0.8112624784310659,2134.3039185939965,51.99789367173698,111111.11111111111,111111.11111111111,0.0,111.11111111111111,3.3,0.1111111111111111,0.614,16.666666666666664,131.8028888888889,110979.30822222221,0.0,2020-05-05,2,,111111.11111111111,2134.3039185939965,,NIFTY_AUTO,998813.774,0.0,0.1111111111111111,
2020-05-04,2020-05-05,NIFTY_AUTO,BUY,EXIDEIND,INITIAL_ENTRY,2020-05-05,3,,0.6775227561593056,143.39478917837727,773.9424065414852,111111.11111111111,111111.11111111111,0.0,111.11111111111111,3.3,0.1111111111111111,0.614,16.666666666666664,131.8028888888889,110979.30822222221,0.0,2020-05-05,3,,111111.11111111111,143.39478917837727,,NIFTY_AUTO,998813.774,0.0,0.1111111111111111,
2020-05-04,2020-05-05,NIFTY_METAL,BUY,HINDZINC,INITIAL_ENTRY,2020-05-05,1,,0.9241232400139173,91.13235313688446,1217.7816593359203,111111.11111111111,111111.11111111111,0.0,111.11111111111111,3.3,0.1111111111111111,0.614,16.666666666666664,131.8028888888889,110979.30822222221,0.0,2020-05-05,1,,111111.11111111111,91.13235313688446,,NIFTY_METAL,998813.774,0.0,0.1111111111111111,
2020-05-04,2020-05-05,NIFTY_METAL,BUY,COALINDIA,INITIAL_ENTRY,2020-05-05,2,,0.8638840913772583,86.42307167032571,1284.1398260590656,111111.11111111111,111111.11111111111,0.0,111.11111111111111,3.3,0.1111111111111111,0.614,16.666666666666664,131.8028888888889,110979.30822222221,0.0,2020-05-05,2,,111111.11111111111,86.42307167032571,,NIFTY_METAL,998813.774,0.0,0.1111111111111111,
2020-05-04,2020-05-05,NIFTY_METAL,BUY,NMDC,INITIAL_ENTRY,2020-05-05,3,,0.6728673540055752,13.35688744062259,8308.770191826163,111111.11111111111,111111.11111111111,0.0,111.11111111111111,3.3,0.1111111111111111,0.614,16.666666666666664,131.8028888888889,110979.30822222221,0.0,2020-05-05,3,,111111.11111111111,13.35688744062259,,NIFTY_METAL,998813.774,0.0,0.1111111111111111,
2020-05-04,2020-05-05,NIFTY_PHARMA,BUY,BIOCON,INITIAL_ENTRY,2020-05-05,1,,0.9189446270465851,362.7673378156524,305.9242016948577,111111.11111111111,111111.11111111111,0.0,111.11111111111111,3.3,0.1111111111111111,0.614,16.666666666666664,131.8028888888889,110979.30822222221,0.0,2020-05-05,1,,111111.11111111111,362.7673378156524,,NIFTY_PHARMA,998813.774,0.0,0.1111111111111111,
2020-05-04,2020-05-05,NIFTY_PHARMA,BUY,DRREDDY,INITIAL_ENTRY,2020-05-05,2,,0.8965024724602699,766.4317443932638,144.79998908458262,111111.11111111111,111111.11111111111,0.0,111.11111111111111,3.3,0.1111111111111111,0.614,16.666666666666664,131.8028888888889,110979.30822222221,0.0,2020-05-05,2,,111111.11111111111,766.4317443932638,,NIFTY_PHARMA,998813.774,0.0,0.1111111111111111,
2020-05-04,2020-05-05,NIFTY_PHARMA,BUY,DIVISLAB,INITIAL_ENTRY,2020-05-05,3,,0.7597706342736881,2205.0884151106216,50.328733968998144,111111.11111111111,111111.11111111111,0.0,111.11111111111111,3.3,0.1111111111111111,0.614,16.666666666666664,131.8028888888889,110979.30822222221,0.0,2020-05-05,3,,111111.11111111111,2205.0884151106216,,NIFTY_PHARMA,998813.774,0.0,0.1111111111111111,
2020-05-05,2020-05-06,NIFTY_AUTO,SELL,BAJAJ-AUTO,RANK_EXIT,2020-05-05,2,2.0,0.8112624784310659,2131.587646484375,51.99789367173698,110838.06779388261,111111.11111111111,0.0,110.83806779388262,3.2918906134783135,0.11083806779388261,0.6124911626289953,0.0,114.85328763778381,110723.21450624483,-387.8966048662842,2020-05-06,2,2.0,110838.06779388261,,2131.587646484375,NIFTY_AUTO,977737.8849038745,219811.30440066027,0.0,
2020-05-05,2020-05-06,NIFTY_AUTO,SELL,EXIDEIND,RANK_EXIT,2020-05-05,3,3.0,0.6775227561593056,141.09738159179688,773.9424065414852,109201.24706585752,111111.11111111111,0.0,109.20124706585752,3.243277037855968,0.10920124706585752,0.6034460912859286,0.0,113.15717144206528,109088.08989441545,-2023.0212166956626,2020-05-06,3,3.0,109201.24706585752,,141.09738159179688,NIFTY_AUTO,977737.8849038745,219811.30440066027,0.0,
2020-05-05,2020-05-06,NIFTY_METAL,SELL,HINDZINC,RANK_EXIT,2020-05-05,1,3.0,0.9241232400139173,91.91889953613281,1217.7816593359203,111937.15000144357,111111.11111111111,0.0,111.93715000144357,3.324533355042874,0.11193715000144357,0.618564690907977,0.0,115.99218519739586,111821.15781624618,710.0467051350715,2020-05-06,1,3.0,111937.15000144357,,91.91889953613281,NIFTY_METAL,977737.8849038745,321572.5400849394,0.0,
2020-05-05,2020-05-06,NIFTY_METAL,SELL,COALINDIA,RANK_EXIT,2020-05-05,2,4.0,0.8638840913772583,80.32720947265625,1284.1398260590656,103151.36880002693,111111.11111111111,0.0,103.15136880002693,3.0635956533608,0.10315136880002693,0.5700144639889488,0.0,106.88813028617672,103044.48066974076,-8066.630441370347,2020-05-06,2,4.0,103151.36880002693,,80.32720947265625,NIFTY_METAL,977737.8849038745,321572.5400849394,0.0,
2020-05-05,2020-05-06,NIFTY_METAL,SELL,NMDC,RANK_EXIT,2020-05-05,3,6.0,0.6728673540055752,12.85600471496582,8308.770191826163,106817.58876168462,111111.11111111111,0.0,106.81758876168462,3.172482386222033,0.10681758876168461,0.5902739954970692,0.0,110.6871627321654,106706.90159895245,-4404.209512158661,2020-05-06,3,6.0,106817.58876168462,,12.85600471496582,NIFTY_METAL,977737.8849038745,321572.5400849394,0.0,
2020-05-05,2020-05-06,NIFTY_PHARMA,SELL,DRREDDY,RANK_EXIT,2020-05-05,2,2.0,0.8965024724602699,741.8790283203125,144.79998908458262,107424.075202862,111111.11111111111,0.0,107.42407520286201,3.1904950335250017,0.107424075202862,0.5936254395710154,0.0,111.31561975116088,107312.75958311085,-3798.351528000261,2020-05-06,2,2.0,107424.075202862,,741.8790283203125,NIFTY_PHARMA,977737.8849038745,219062.25823240483,0.0,
2020-05-05,2020-05-06,NIFTY_PHARMA,SELL,DIVISLAB,RANK_EXIT,2020-05-05,3,3.0,0.7597706342736881,2222.69482421875,50.328733968998144,111865.41650237456,111111.11111111111,0.0,111.86541650237456,3.3224028701205244,0.11186541650237455,0.6181682915921218,0.0,115.91785308058958,111749.49864929396,638.3875381828548,2020-05-06,3,3.0,111865.41650237456,,2222.69482421875,NIFTY_PHARMA,977737.8849038745,219062.25823240483,0.0,
2020-05-06,2020-05-07,NIFTY_AUTO,BUY,BAJAJ-AUTO,MONTHLY_REPLACEMENT,2020-05-07,2,,0.8209736769398054,2129.9918638392187,59.43246816056818,126741.01711966742,126741.01711966742,0.0,126.74101711966742,3.7642082084541224,0.12674101711966743,0.7003708606032821,19.011152567950113,150.3434897737946,126590.67362989363,0.0,2020-05-07,2,,126741.01711966742,2129.9918638392187,,NIFTY_AUTO,976428.4663300937,0.0,0.12964664386085,
2020-05-06,2020-05-07,NIFTY_AUTO,BUY,EXIDEIND,MONTHLY_REPLACEMENT,2020-05-07,3,,0.6665901094675064,138.80002675087206,912.0363777530632,126741.01711966742,126741.01711966742,0.0,126.74101711966742,3.7642082084541224,0.12674101711966743,0.7003708606032821,19.011152567950113,150.3434897737946,126590.67362989363,0.0,2020-05-07,3,,126741.01711966742,138.80002675087206,,NIFTY_AUTO,976428.4663300937,0.0,0.12964664386085,
2020-05-06,2020-05-07,NIFTY_METAL,BUY,HINDZINC,INITIAL_ENTRY,2020-05-07,1,,1.000000002483527,91.89179208135559,918.4039238805113,84494.01141311161,84494.01141311161,0.0,84.49401141311162,2.509472138969415,0.08449401141311161,0.4669139070688547,12.67410171196674,100.22899318252975,84393.78241992908,0.0,2020-05-07,1,,84494.01141311161,91.89179208135559,,NIFTY_METAL,976428.4663300937,0.0,0.08643109590723333,
2020-05-06,2020-05-07,NIFTY_METAL,BUY,COALINDIA,INITIAL_ENTRY,2020-05-07,2,,0.7129301379124324,78.07505539185281,1080.9314447023194,84494.01141311161,84494.01141311161,0.0,84.49401141311162,2.509472138969415,0.08449401141311161,0.4669139070688547,12.67410171196674,100.22899318252975,84393.78241992908,0.0,2020-05-07,2,,84494.01141311161,78.07505539185281,,NIFTY_METAL,976428.4663300937,0.0,0.08643109590723333,
2020-05-06,2020-05-07,NIFTY_METAL,BUY,NMDC,INITIAL_ENTRY,2020-05-07,3,,0.5973459718128046,12.812066491009437,6587.054670622449,84494.01141311161,84494.01141311161,0.0,84.49401141311162,2.509472138969415,0.08449401141311161,0.4669139070688547,12.67410171196674,100.22899318252975,84393.78241992908,0.0,2020-05-07,3,,84494.01141311161,12.812066491009437,,NIFTY_METAL,976428.4663300937,0.0,0.08643109590723333,
2020-05-06,2020-05-07,NIFTY_PHARMA,SELL,BIOCON,RANK_EXIT,2020-05-05,1,2.0,0.9256696576873462,345.8105163574219,305.9242016948577,105791.80615433081,111111.11111111111,0.0,105.79180615433081,3.1420166427836254,0.10579180615433081,0.5846055208088321,0.0,109.62422012407761,105682.18193420673,-5428.9291769043775,2020-05-07,1,2.0,105791.80615433081,,345.8105163574219,NIFTY_PHARMA,976428.4663300937,0.0,0.12246610260840518,
2020-05-06,2020-05-07,NIFTY_PHARMA,BUY,DRREDDY,INITIAL_ENTRY,2020-05-07,1,,0.90469840914011,752.7400174461701,158.85881708939476,119721.40539118052,119721.40539118052,0.0,119.72140539118053,3.5557257401180618,0.11972140539118052,0.6615804861916635,17.958210808677077,142.0166438315585,119579.38874734896,0.0,2020-05-07,1,,119721.40539118052,752.7400174461701,,NIFTY_PHARMA,976428.4663300937,0.0,0.12246610260840518,
2020-05-06,2020-05-07,NIFTY_PHARMA,BUY,BIOCON,INITIAL_ENTRY,2020-05-07,2,,0.8958918725450834,349.9632208321065,341.6913024832307,119721.40539118052,119721.40539118052,0.0,119.72140539118053,3.5557257401180618,0.11972140539118052,0.6615804861916635,17.958210808677077,142.0166438315585,119579.38874734896,0.0,2020-05-07,2,,119721.40539118052,349.9632208321065,,NIFTY_PHARMA,976428.4663300937,0.0,0.12246610260840518,
2020-05-06,2020-05-07,NIFTY_PHARMA,BUY,DIVISLAB,INITIAL_ENTRY,2020-05-07,3,,0.7995376611749332,2212.024008778112,54.05881142013588,119721.40539118052,119721.40539118052,0.0,119.72140539118053,3.5557257401180618,0.11972140539118052,0.6615804861916635,17.958210808677077,142.0166438315585,119579.38874734896,0.0,2020-05-07,3,,119721.40539118052,2212.024008778112,,NIFTY_PHARMA,976428.4663300937,0.0,0.12246610260840518,
2020-05-07,2020-05-08,NIFTY_AUTO,SELL,BAJAJ-AUTO,RANK_EXIT,2020-05-07,2,2.0,0.8209736769398054,2086.0556640625,59.43246816056818,123979.43683556744,126741.01711966742,0.0,123.97943683556744,3.682189274016353,0.12397943683556743,0.6851103679533457,0.0,128.4707159143727,123850.96611965307,-2890.051000014355,2020-05-08,2,2.0,123979.43683556744,,2086.0556640625,NIFTY_AUTO,982346.7560571599,251793.07810257742,0.0,
2020-05-07,2020-05-08,NIFTY_AUTO,SELL,EXIDEIND,RANK_EXIT,2020-05-07,3,4.0,0.6665901094675064,140.4273223876953,912.0363777530632,128074.82644803528,126741.01711966742,0.0,128.07482644803528,3.803822345506648,0.12807482644803528,0.7077414909518429,0.0,132.7144651109418,127942.11198292434,1201.0948632569198,2020-05-08,3,4.0,128074.82644803528,,140.4273223876953,NIFTY_AUTO,982346.7560571599,251793.07810257742,0.0,
2020-05-07,2020-05-08,NIFTY_METAL,SELL,HINDZINC,RANK_EXIT,2020-05-07,1,2.0,1.000000002483527,95.0922622680664,918.4039238805113,87333.10679766689,84494.01141311161,0.0,87.33310679766689,2.5937932718907066,0.08733310679766688,0.4826027481639072,0.0,90.49683592451917,87242.60996174236,2748.5985486307472,2020-05-08,1,2.0,87333.10679766689,,95.0922622680664,NIFTY_METAL,982346.7560571599,255495.8713584755,0.0,
2020-05-07,2020-05-08,NIFTY_METAL,SELL,COALINDIA,RANK_EXIT,2020-05-07,2,4.0,0.7129301379124324,77.4744644165039,1080.9314447023194,83744.58474927,84494.01141311161,0.0,83.74458474927,2.487214167053319,0.08374458474926999,0.46277257532446603,0.0,86.77831607639706,83657.8064331936,-836.2049799180095,2020-05-08,2,4.0,83744.58474927,,77.4744644165039,NIFTY_METAL,982346.7560571599,255495.8713584755,0.0,
2020-05-07,2020-05-08,NIFTY_METAL,SELL,NMDC,RANK_EXIT,2020-05-07,3,7.0,0.5973459718128046,12.85600471496582,6587.054670622449,84683.20590325983,84494.01141311161,0.0,84.68320590325983,2.5150912153268172,0.08468320590325983,0.4679593958214139,0.0,87.75093972031132,84595.45496353952,101.44355042790994,2020-05-08,3,7.0,84683.20590325983,,12.85600471496582,NIFTY_METAL,982346.7560571599,255495.8713584755,0.0,
2020-05-07,2020-05-08,NIFTY_PHARMA,SELL,DRREDDY,RANK_EXIT,2020-05-07,1,2.0,0.90469840914011,767.2020874023438,158.85881708939476,121876.81607325078,119721.40539118052,0.0,121.87681607325078,3.619741437375548,0.12187681607325078,0.6734912856207838,0.0,126.29192561232037,121750.52414763847,2029.118756457945,2020-05-08,1,2.0,121876.81607325078,,767.2020874023438,NIFTY_PHARMA,982346.7560571599,242277.29866749706,0.0,
2020-05-07,2020-05-08,NIFTY_PHARMA,SELL,DIVISLAB,RANK_EXIT,2020-05-07,3,3.0,0.7995376611749332,2231.86181640625,54.05881142013588,120651.7970489074,119721.40539118052,0.0,120.65179704890741,3.58335837235255,0.1206517970489074,0.6667218304922623,0.0,125.02252904880113,120526.7745198586,805.3691286780813,2020-05-08,3,3.0,120651.7970489074,,2231.86181640625,NIFTY_PHARMA,982346.7560571599,242277.29866749706,0.0,
2020-05-08,2020-05-11,NIFTY_AUTO,BUY,BAJAJ-AUTO,MONTHLY_REPLACEMENT,2020-05-11,2,,0.7203996554017067,2095.498229806884,59.54646668327129,124927.708021425,124927.708021425,0.0,124.927708021425,3.710352928236323,0.124927708021425,0.6903505145263946,18.73915620321375,148.1924953754229,124779.51552604958,0.0,2020-05-11,2,,124927.708021425,2095.498229806884,,NIFTY_AUTO,978450.8828392037,0.0,0.12752762322005645,
2020-05-08,2020-05-11,NIFTY_AUTO,BUY,EXIDEIND,MONTHLY_REPLACEMENT,2020-05-11,3,,0.5991922443111738,142.62897416593435,874.853908581585,124927.708021425,124927.708021425,0.0,124.927708021425,3.710352928236323,0.124927708021425,0.6903505145263946,18.73915620321375,148.1924953754229,124779.51552604958,0.0,2020-05-11,3,,124927.708021425,142.62897416593435,,NIFTY_AUTO,978450.8828392037,0.0,0.12752762322005645,
2020-05-08,2020-05-11,NIFTY_METAL,BUY,HINDZINC,INITIAL_ENTRY,2020-05-11,1,,1.000000002483527,96.74673452343744,859.836190790302,83285.13868095,83285.13868095,0.0,83.28513868095,2.4735686188242147,0.08328513868095,0.4602336763509296,12.492770802142498,98.79499691694859,83186.34368403305,0.0,2020-05-11,1,,83285.13868095,96.74673452343744,,NIFTY_METAL,978450.8828392037,0.0,0.08501841548003765,
2020-05-08,2020-05-11,NIFTY_METAL,BUY,COALINDIA,INITIAL_ENTRY,2020-05-11,2,,0.6474964320659637,78.16512932341851,1064.2385473430052,83285.13868095,83285.13868095,0.0,83.28513868095,2.4735686188242147,0.08328513868095,0.4602336763509296,12.492770802142498,98.79499691694859,83186.34368403305,0.0,2020-05-11,2,,83285.13868095,78.16512932341851,,NIFTY_METAL,978450.8828392037,0.0,0.08501841548003765,
2020-05-08,2020-05-11,NIFTY_METAL,BUY,NMDC,INITIAL_ENTRY,2020-05-11,3,,0.5880873029430708,12.970240542901815,6413.631528950957,83285.13868095,83285.13868095,0.0,83.28513868095,2.4735686188242147,0.08328513868095,0.4602336763509296,12.492770802142498,98.79499691694859,83186.34368403305,0.0,2020-05-11,3,,83285.13868095,12.970240542901815,,NIFTY_METAL,978450.8828392037,0.0,0.08501841548003765,
2020-05-08,2020-05-11,NIFTY_PHARMA,SELL,BIOCON,RANK_EXIT,2020-05-07,2,2.0,0.8811348428328832,347.63970947265625,341.6913024832307,118785.46512460383,119721.40539118052,0.0,118.78546512460383,3.5279283142007336,0.11878546512460382,0.6564084802785607,0.0,123.08858738420773,118662.37653721962,-1059.0288539609028,2020-05-11,2,2.0,118785.46512460383,,347.63970947265625,NIFTY_PHARMA,978450.8828392037,0.0,0.1253957160407741,
2020-05-08,2020-05-11,NIFTY_PHARMA,BUY,DRREDDY,INITIAL_ENTRY,2020-05-11,1,,0.9239852552612623,766.0080444342613,160.17266392413072,122839.26419335655,122839.26419335655,0.0,122.83926419335656,3.6483261465426895,0.12283926419335654,0.6788097739324882,18.425889629003482,145.71512900702857,122693.54906434951,0.0,2020-05-11,1,,122839.26419335655,766.0080444342613,,NIFTY_PHARMA,978450.8828392037,0.0,0.1253957160407741,
2020-05-08,2020-05-11,NIFTY_PHARMA,BUY,BIOCON,INITIAL_ENTRY,2020-05-11,2,,0.8886721854408582,355.4012959169446,345.22538458335373,122839.26419335655,122839.26419335655,0.0,122.83926419335656,3.6483261465426895,0.12283926419335654,0.6788097739324882,18.425889629003482,145.71512900702857,122693.54906434951,0.0,2020-05-11,2,,122839.26419335655,355.4012959169446,,NIFTY_PHARMA,978450.8828392037,0.0,0.1253957160407741,
2020-05-08,2020-05-11,NIFTY_PHARMA,BUY,DIVISLAB,INITIAL_ENTRY,2020-05-11,3,,0.7308106993635496,2249.516487598025,54.54218706143314,122839.26419335655,122839.26419335655,0.0,122.83926419335656,3.6483261465426895,0.12283926419335654,0.6788097739324882,18.425889629003482,145.71512900702857,122693.54906434951,0.0,2020-05-11,3,,122839.26419335655,2249.516487598025,,NIFTY_PHARMA,978450.8828392037,0.0,0.1253957160407741,
2020-05-11,2020-05-12,NIFTY_AUTO,SELL,BAJAJ-AUTO,RANK_EXIT,2020-05-11,2,2.0,0.7203996554017067,2266.975830078125,59.54646668327129,134990.40073752834,124927.708021425,0.0,134.99040073752835,4.009214901904592,0.13499040073752833,0.7459569544755816,0.0,139.88056299464606,134850.52017453368,9922.81215310868,2020-05-12,2,2.0,134990.40073752834,,2266.975830078125,NIFTY_AUTO,974512.396628122,262303.27970893576,0.0,
2020-05-11,2020-05-12,NIFTY_AUTO,SELL,EXIDEIND,RANK_EXIT,2020-05-11,3,4.0,0.5991922443111738,145.8357391357422,874.853908581585,127584.96639378846,124927.708021425,0.0,127.58496639378846,3.7892735018955173,0.12758496639378847,0.7050345242920749,0.0,132.20685938636984,127452.7595344021,2525.051512977094,2020-05-12,3,4.0,127584.96639378846,,145.8357391357422,NIFTY_AUTO,974512.396628122,262303.27970893576,0.0,
2020-05-11,2020-05-12,NIFTY_METAL,SELL,HINDZINC,RANK_EXIT,2020-05-11,1,2.0,1.000000002483527,97.61466217041016,859.836190790302,83932.61928588766,83285.13868095,0.0,83.93261928588767,2.4927987927908637,0.08393261928588766,0.46381165417381526,0.0,86.97316235213823,83845.64612353552,560.5074425855273,2020-05-12,1,2.0,83932.61928588766,,97.61466217041016,NIFTY_METAL,974512.396628122,244729.75876388937,0.0,
2020-05-11,2020-05-12,NIFTY_METAL,SELL,COALINDIA,RANK_EXIT,2020-05-11,2,4.0,0.6474964320659637,76.1832275390625,1064.2385473430052,81077.1274080735,83285.13868095,0.0,81.07712740807351,2.407990684019783,0.0810771274080735,0.44803220605701416,0.0,84.01422742555837,80993.11318064794,-2292.0255003020575,2020-05-12,2,4.0,81077.1274080735,,76.1832275390625,NIFTY_METAL,974512.396628122,244729.75876388937,0.0,
2020-05-11,2020-05-12,NIFTY_METAL,SELL,NMDC,RANK_EXIT,2020-05-11,3,5.0,0.5880873029430708,12.469358444213867,6413.631528950957,79973.8704636009,83285.13868095,0.0,79.9738704636009,2.375223952768947,0.0799738704636009,0.4419356081818586,0.0,82.87100389501532,79890.9994597059,-3394.1392212440987,2020-05-12,3,5.0,79973.8704636009,,12.469358444213867,NIFTY_METAL,974512.396628122,244729.75876388937,0.0,
2020-05-11,2020-05-12,NIFTY_PHARMA,SELL,BIOCON,RANK_EXIT,2020-05-11,2,3.0,0.8886721854408582,339.58148193359375,345.22538458335373,117232.14769791008,122839.26419335655,0.0,117.2321476979101,3.4817947866279297,0.11723214769791009,0.6478248481786512,0.0,121.47899948041459,117110.66869842967,-5728.595494926878,2020-05-12,2,3.0,117232.14769791008,,339.58148193359375,NIFTY_PHARMA,974512.396628122,242031.6620981787,0.0,
2020-05-11,2020-05-12,NIFTY_PHARMA,SELL,DIVISLAB,RANK_EXIT,2020-05-11,3,2.0,0.7308106993635496,2292.731201171875,54.54218706143314,125050.5740559007,122839.26419335655,0.0,125.0505740559007,3.714002049460251,0.1250505740559007,0.6910294722329072,0.0,129.58065615164978,124920.99339974904,2081.729206392498,2020-05-12,3,2.0,125050.5740559007,,2292.731201171875,NIFTY_PHARMA,974512.396628122,242031.6620981787,0.0,
2020-05-12,2020-05-13,NIFTY_AUTO,BUY,BAJAJ-AUTO,MONTHLY_REPLACEMENT,2020-05-13,2,,0.8996267492572467,2392.1449889231153,52.127284927122716,124844.11676183397,124844.11676183397,0.0,124.84411676183397,3.707870267826469,0.12484411676183396,0.6898885892258945,18.726617514275095,148.09333724992325,124696.02342458404,0.0,2020-05-13,2,,124844.11676183397,2392.1449889231153,,NIFTY_AUTO,977365.4895608444,0.0,0.12758382074715283,
2020-05-12,2020-05-13,NIFTY_AUTO,BUY,HEROMOTOCO,MONTHLY_REPLACEMENT,2020-05-13,3,,0.741141065955162,1799.2546110606702,69.30426781069916,124844.11676183397,124844.11676183397,0.0,124.84411676183397,3.707870267826469,0.12484411676183396,0.6898885892258945,18.726617514275095,148.09333724992325,124696.02342458404,0.0,2020-05-13,3,,124844.11676183397,1799.2546110606702,,NIFTY_AUTO,977365.4895608444,0.0,0.12758382074715283,
2020-05-12,2020-05-13,NIFTY_METAL,BUY,HINDZINC,INITIAL_ENTRY,2020-05-13,1,,1.000000002483527,104.15126113087891,798.1725941713953,83229.41117455598,83229.41117455598,0.0,83.22941117455598,2.4719135118843125,0.08322941117455597,0.4599257261505963,12.484411676183395,98.72889149994884,83130.68228305603,0.0,2020-05-13,1,,83229.41117455598,104.15126113087891,,NIFTY_METAL,977365.4895608444,0.0,0.0850558804981019,
2020-05-12,2020-05-13,NIFTY_METAL,BUY,JSWSTEEL,INITIAL_ENTRY,2020-05-13,2,,0.5402487702667713,177.0373757059334,469.5657171350055,83229.41117455598,83229.41117455598,0.0,83.22941117455598,2.4719135118843125,0.08322941117455597,0.4599257261505963,12.484411676183395,98.72889149994884,83130.68228305603,0.0,2020-05-13,2,,83229.41117455598,177.0373757059334,,NIFTY_METAL,977365.4895608444,0.0,0.0850558804981019,
2020-05-12,2020-05-13,NIFTY_METAL,BUY,COALINDIA,INITIAL_ENTRY,2020-05-13,3,,0.4792254604399204,79.57649516263695,1044.663780594447,83229.41117455598,83229.41117455598,0.0,83.22941117455598,2.4719135118843125,0.08322941117455597,0.4599257261505963,12.484411676183395,98.72889149994884,83130.68228305603,0.0,2020-05-13,3,,83229.41117455598,79.57649516263695,,NIFTY_METAL,977365.4895608444,0.0,0.0850558804981019,
2020-05-12,2020-05-13,NIFTY_PHARMA,SELL,DRREDDY,RANK_EXIT,2020-05-11,1,3.0,0.8405025862157345,727.8405151367188,160.17266392413072,116580.15422135983,122839.26419335655,0.0,116.58015422135983,3.462430580374387,0.11658015422135982,0.6442219322272345,0.0,120.80338688818281,116459.35083447165,-6379.913358884893,2020-05-13,1,3.0,116580.15422135983,,727.8405151367188,NIFTY_PHARMA,977365.4895608444,0.0,0.12472756421212199,
2020-05-12,2020-05-13,NIFTY_PHARMA,BUY,DIVISLAB,INITIAL_ENTRY,2020-05-13,1,,0.8314475292960803,2316.4486560629944,52.62556393764385,122049.19478604653,122049.19478604653,0.0,122.04919478604653,3.624861085145582,0.12204919478604652,0.6744438503876931,18.307379217906977,144.77792813427283,121904.41685791226,0.0,2020-05-13,1,,122049.19478604653,2316.4486560629944,,NIFTY_PHARMA,977365.4895608444,0.0,0.12472756421212199,
2020-05-12,2020-05-13,NIFTY_PHARMA,BUY,BIOCON,INITIAL_ENTRY,2020-05-13,2,,0.7567240049441656,348.87558518555585,349.42088823176084,122049.19478604653,122049.19478604653,0.0,122.04919478604653,3.624861085145582,0.12204919478604652,0.6744438503876931,18.307379217906977,144.77792813427283,121904.41685791226,0.0,2020-05-13,2,,122049.19478604653,348.87558518555585,,NIFTY_PHARMA,977365.4895608444,0.0,0.12472756421212199,
2020-05-12,2020-05-13,NIFTY_PHARMA,BUY,DRREDDY,INITIAL_ENTRY,2020-05-13,3,,0.7553611012796562,741.2049321813824,164.46789756126537,122049.19478604653,122049.19478604653,0.0,122.04919478604653,3.624861085145582,0.12204919478604652,0.6744438503876931,18.307379217906977,144.77792813427283,121904.41685791226,0.0,2020-05-13,3,,122049.19478604653,741.2049321813824,,NIFTY_PHARMA,977365.4895608444,0.0,0.12472756421212199,
2020-05-13,2020-05-14,NIFTY_AUTO,SELL,BAJAJ-AUTO,RANK_EXIT,2020-05-13,2,2.0,0.8996267492572467,2330.616455078125,52.127284927122716,121488.70800969812,124844.11676183397,0.0,121.48870800969813,3.6082146278880343,0.12148870800969812,0.6713466004615918,0.0,125.88975794605744,121362.81825175206,-3481.298510081906,2020-05-14,2,2.0,121488.70800969812,,2330.616455078125,NIFTY_AUTO,951251.0919750531,248279.6039052276,0.0,
2020-05-13,2020-05-14,NIFTY_AUTO,SELL,HEROMOTOCO,RANK_EXIT,2020-05-13,3,3.0,0.741141065955162,1833.1978759765625,69.30426781069916,127048.43654668455,124844.11676183397,0.0,127.04843654668456,3.7733385654365312,0.12704843654668455,0.7020696603569788,0.0,131.65089320902476,126916.78565347553,2072.6688916415587,2020-05-14,3,3.0,127048.43654668455,,1833.1978759765625,NIFTY_AUTO,951251.0919750531,248279.6039052276,0.0,
2020-05-13,2020-05-14,NIFTY_METAL,SELL,HINDZINC,RANK_EXIT,2020-05-13,1,2.0,1.000000002483527,101.33049774169922,798.1725941713953,80879.22625117078,83229.41117455598,0.0,80.87922625117078,2.4021130196597724,0.08087922625117078,0.44693860426396975,0.0,83.80915710134569,80795.41709406943,-2433.9940804865473,2020-05-14,1,2.0,80879.22625117078,,101.33049774169922,NIFTY_METAL,951251.0919750531,238407.91581185863,0.0,
2020-05-13,2020-05-14,NIFTY_METAL,SELL,JSWSTEEL,RANK_EXIT,2020-05-13,2,5.0,0.5402487702667713,164.11082458496094,469.5657171350055,77060.81703585427,83229.41117455598,0.0,77.06081703585427,2.288706265964872,0.07706081703585427,0.4258380749401307,0.0,79.85242219379514,76980.96461366047,-6248.446560895507,2020-05-14,2,5.0,77060.81703585427,,164.11082458496094,NIFTY_METAL,951251.0919750531,238407.91581185863,0.0,
2020-05-13,2020-05-14,NIFTY_METAL,SELL,COALINDIA,RANK_EXIT,2020-05-13,3,4.0,0.4792254604399204,77.2642593383789,1044.663780594447,80715.17326526072,83229.41117455598,0.0,80.71517326526072,2.3972406459782434,0.08071517326526072,0.44603204746383074,0.0,83.63916113196805,80631.53410412875,-2597.877070427232,2020-05-14,3,4.0,80715.17326526072,,77.2642593383789,NIFTY_METAL,951251.0919750531,238407.91581185863,0.0,
2020-05-13,2020-05-14,NIFTY_PHARMA,SELL,BIOCON,RANK_EXIT,2020-05-13,2,4.0,0.7567240049441656,331.37493896484375,349.42088823176084,115789.32551084124,122049.19478604653,0.0,115.78932551084124,3.4389429676719847,0.11578932551084124,0.6398518127729087,0.0,119.98390961679698,115669.34160122444,-6379.853184822088,2020-05-14,2,4.0,115789.32551084124,,331.37493896484375,NIFTY_PHARMA,951251.0919750531,233745.68464254422,0.0,
2020-05-13,2020-05-14,NIFTY_PHARMA,SELL,DRREDDY,RANK_EXIT,2020-05-13,3,2.0,0.7553611012796562,718.6741333007812,164.46789756126537,118198.82373564407,122049.19478604653,0.0,118.19882373564407,3.510505064948629,0.11819882373564405,0.6531666999631691,0.0,122.4806943242915,118076.34304131978,-3972.8517447267513,2020-05-14,3,2.0,118198.82373564407,,718.6741333007812,NIFTY_PHARMA,951251.0919750531,233745.68464254422,0.0,
2020-05-14,2020-05-15,NIFTY_AUTO,BUY,BAJAJ-AUTO,MONTHLY_REPLACEMENT,2020-05-15,2,,0.8916912848750751,2332.6431360978527,51.413680088609574,120072.20072660508,120072.20072660508,0.0,120.07220072660508,3.5661443615801707,0.12007220072660507,0.6635189812152196,18.01083010899076,142.43276637911782,119929.76796022596,0.0,2020-05-15,2,,120072.20072660508,2332.6431360978527,,NIFTY_AUTO,948799.1541111406,0.0,0.12640163878790472,
2020-05-14,2020-05-15,NIFTY_AUTO,BUY,HEROMOTOCO,MONTHLY_REPLACEMENT,2020-05-15,3,,0.8061520010232925,1839.4545017847402,65.19855089857536,120072.20072660508,120072.20072660508,0.0,120.07220072660508,3.5661443615801707,0.12007220072660507,0.6635189812152196,18.01083010899076,142.43276637911782,119929.76796022596,0.0,2020-05-15,3,,120072.20072660508,1839.4545017847402,,NIFTY_AUTO,948799.1541111406,0.0,0.12640163878790472,
2020-05-14,2020-05-15,NIFTY_METAL,BUY,HINDZINC,INITIAL_ENTRY,2020-05-15,1,,1.000000002483527,103.20195786150421,774.7254053789061,80048.13381773671,80048.13381773671,0.0,80.04813381773671,2.3774295743867806,0.0800481338177367,0.4423459874768131,12.007220072660505,94.95517758607855,79953.17864015064,0.0,2020-05-15,1,,80048.13381773671,103.20195786150421,,NIFTY_METAL,948799.1541111406,0.0,0.08426775919193649,
2020-05-14,2020-05-15,NIFTY_METAL,BUY,COALINDIA,INITIAL_ENTRY,2020-05-15,2,,0.4610788201292356,77.89486057082449,1026.42431162008,80048.13381773671,80048.13381773671,0.0,80.04813381773671,2.3774295743867806,0.0800481338177367,0.4423459874768131,12.007220072660505,94.95517758607855,79953.17864015064,0.0,2020-05-15,2,,80048.13381773671,77.89486057082449,,NIFTY_METAL,948799.1541111406,0.0,0.08426775919193649,
2020-05-14,2020-05-15,NIFTY_METAL,BUY,JSWSTEEL,INITIAL_ENTRY,2020-05-15,3,,0.4479760676622391,165.70324874696027,482.50821420070275,80048.13381773671,80048.13381773671,0.0,80.04813381773671,2.3774295743867806,0.0800481338177367,0.4423459874768131,12.007220072660505,94.95517758607855,79953.17864015064,0.0,2020-05-15,3,,80048.13381773671,165.70324874696027,,NIFTY_METAL,948799.1541111406,0.0,0.08426775919193649,
2020-05-14,2020-05-15,NIFTY_PHARMA,BUY,DRREDDY,MONTHLY_REPLACEMENT,2020-05-15,2,,0.7409210751454036,721.3701937658413,166.25273541473143,120072.20072660508,120072.20072660508,0.0,120.07220072660508,3.5661443615801707,0.12007220072660507,0.6635189812152196,18.01083010899076,142.43276637911782,119929.76796022596,0.0,2020-05-15,2,,120072.20072660508,721.3701937658413,,NIFTY_PHARMA,948799.1541111406,0.0,0.12640163878790472,
2020-05-14,2020-05-15,NIFTY_PHARMA,BUY,AUROPHARMA,MONTHLY_REPLACEMENT,2020-05-15,3,,0.7102769985795021,642.4452913327826,186.67701293510314,120072.20072660508,120072.20072660508,0.0,120.07220072660508,3.5661443615801707,0.12007220072660507,0.6635189812152196,18.01083010899076,142.43276637911782,119929.76796022596,0.0,2020-05-15,3,,120072.20072660508,642.4452913327826,,NIFTY_PHARMA,948799.1541111406,0.0,0.12640163878790472,
2020-05-15,2020-05-18,NIFTY_AUTO,SELL,BAJAJ-AUTO,RANK_EXIT,2020-05-15,2,2.0,0.8916912848750751,2136.41650390625,51.413680088609574,109841.03466786165,120072.20072660508,0.0,109.84103466786165,3.262278729635491,0.10984103466786165,0.6069815575746035,0.0,113.82013598973961,109727.21453187191,-10344.986194733166,2020-05-18,2,2.0,109841.03466786165,,2136.41650390625,NIFTY_AUTO,911762.4233502131,220026.57073598297,0.0,
2020-05-15,2020-05-18,NIFTY_AUTO,SELL,HEROMOTOCO,RANK_EXIT,2020-05-15,3,3.0,0.8061520010232925,1693.5003662109375,65.19855089857536,110413.76982315982,120072.20072660508,0.0,110.41376982315983,3.2792889637478466,0.11041376982315981,0.6101464920427812,0.0,114.41361904877361,110299.35620411104,-9772.844522494037,2020-05-18,3,3.0,110413.76982315982,,1693.5003662109375,NIFTY_AUTO,911762.4233502131,220026.57073598297,0.0,
2020-05-15,2020-05-18,NIFTY_METAL,SELL,COALINDIA,RANK_EXIT,2020-05-15,2,5.0,0.4610788201292356,73.09024810791016,1026.42431162008,75021.60760030254,80048.13381773671,0.0,75.02160760030254,2.228141745728985,0.07502160760030253,0.41456940359927175,0.0,77.73934035723111,74943.8682599453,-5104.265557791412,2020-05-18,2,5.0,75021.60760030254,,73.09024810791016,NIFTY_METAL,911762.4233502131,148651.21945603256,0.0,
2020-05-15,2020-05-18,NIFTY_METAL,SELL,JSWSTEEL,RANK_EXIT,2020-05-15,3,7.0,0.4479760676622391,152.91720581054688,482.50821420070275,73783.8078962083,80048.13381773671,0.0,73.7838078962083,2.1913790945173863,0.0737838078962083,0.40772932243444704,0.0,76.45670012105634,73707.35119608724,-6340.782621649472,2020-05-18,3,7.0,73783.8078962083,,152.91720581054688,NIFTY_METAL,911762.4233502131,148651.21945603256,0.0,
2020-05-15,2020-05-18,NIFTY_PHARMA,SELL,DRREDDY,RANK_EXIT,2020-05-15,2,2.0,0.7409210751454036,708.496826171875,166.25273541473143,117789.5353837297,120072.20072660508,0.0,117.7895353837297,3.4983492008967723,0.1177895353837297,0.6509049725304903,0.0,122.05657909254069,117667.47880463715,-2404.7219219679246,2020-05-18,2,2.0,117789.5353837297,,708.496826171875,NIFTY_PHARMA,911762.4233502131,238374.07082255767,0.0,
2020-05-15,2020-05-18,NIFTY_PHARMA,SELL,AUROPHARMA,RANK_EXIT,2020-05-15,3,3.0,0.7102769985795021,647.27734375,186.67701293510314,120831.80107181794,120072.20072660508,0.0,120.83180107181795,3.588704491832993,0.12083180107181794,0.6677165327228659,0.0,125.20905389744563,120706.5920179205,634.39129131542,2020-05-18,3,3.0,120831.80107181794,,647.27734375,NIFTY_PHARMA,911762.4233502131,238374.07082255767,0.0,
2020-05-18,2020-05-19,NIFTY_AUTO,BUY,BAJAJ-AUTO,MONTHLY_REPLACEMENT,2020-05-19,2,,0.795072615146637,2171.3846835205713,46.539562589973244,101175.31016909552,101175.31016909552,0.0,101.17531016909552,3.004906712022137,0.10117531016909552,0.5590947639944218,15.176296525364327,120.0167834806455,101055.29338561487,0.0,2020-05-19,2,,101175.31016909552,2171.3846835205713,,NIFTY_AUTO,912586.9061487438,0.0,0.110734980641004,
2020-05-18,2020-05-19,NIFTY_AUTO,BUY,EXIDEIND,MONTHLY_REPLACEMENT,2020-05-19,3,,0.7675311341881752,146.4579326671041,689.9953559723631,101175.31016909552,101175.31016909552,0.0,101.17531016909552,3.004906712022137,0.10117531016909552,0.5590947639944218,15.176296525364327,120.0167834806455,101055.29338561487,0.0,2020-05-19,3,,101175.31016909552,146.4579326671041,,NIFTY_AUTO,912586.9061487438,0.0,0.110734980641004,
2020-05-18,2020-05-19,NIFTY_METAL,BUY,NMDC,MONTHLY_REPLACEMENT,2020-05-19,2,,0.4580639799435934,12.741768126394234,7931.0259285194115,101175.31016909552,101175.31016909552,0.0,101.17531016909552,3.004906712022137,0.10117531016909552,0.5590947639944218,15.176296525364327,120.0167834806455,101055.29338561487,0.0,2020-05-19,2,,101175.31016909552,12.741768126394234,,NIFTY_METAL,912586.9061487438,0.0,0.110734980641004,
2020-05-18,2020-05-19,NIFTY_METAL,BUY,COALINDIA,MONTHLY_REPLACEMENT,2020-05-19,3,,0.340410643160188,73.93104991110042,1366.8856793881657,101175.31016909552,101175.31016909552,0.0,101.17531016909552,3.004906712022137,0.10117531016909552,0.5590947639944218,15.176296525364327,120.0167834806455,101055.29338561487,0.0,2020-05-19,3,,101175.31016909552,73.93104991110042,,NIFTY_METAL,912586.9061487438,0.0,0.110734980641004,
2020-05-18,2020-05-19,NIFTY_PHARMA,BUY,DRREDDY,MONTHLY_REPLACEMENT,2020-05-19,2,,0.7063321707149347,712.5407730417752,141.82387479977956,101175.31016909552,101175.31016909552,0.0,101.17531016909552,3.004906712022137,0.10117531016909552,0.5590947639944218,15.176296525364327,120.0167834806455,101055.29338561487,0.0,2020-05-19,2,,101175.31016909552,712.5407730417752,,NIFTY_PHARMA,912586.9061487438,0.0,0.110734980641004,
2020-05-18,2020-05-19,NIFTY_PHARMA,BUY,CIPLA,MONTHLY_REPLACEMENT,2020-05-19,3,,0.6991707409421604,572.5483067168626,176.50090341737553,101175.31016909552,101175.31016909552,0.0,101.17531016909552,3.004906712022137,0.10117531016909552,0.5590947639944218,15.176296525364327,120.0167834806455,101055.29338561487,0.0,2020-05-19,3,,101175.31016909552,572.5483067168626,,NIFTY_PHARMA,912586.9061487438,0.0,0.110734980641004,
2020-05-19,2020-05-20,NIFTY_AUTO,SELL,BAJAJ-AUTO,RANK_EXIT,2020-05-19,2,2.0,0.795072615146637,2205.6630859375,46.539562589973244,102650.59524038181,101175.31016909552,0.0,102.6505952403818,3.0487226786393395,0.10265059524038181,0.5672471892983498,0.0,106.36921570355987,102544.22602467825,1368.9158555827307,2020-05-20,2,2.0,102650.59524038181,,2205.6630859375,NIFTY_AUTO,920458.1848500177,201119.4903599884,0.0,
2020-05-19,2020-05-20,NIFTY_AUTO,SELL,EXIDEIND,RANK_EXIT,2020-05-19,3,3.0,0.7675311341881752,143.01185607910156,689.9953559723631,98677.51654356804,101175.31016909552,0.0,98.67751654356805,2.930722241343971,0.09867751654356803,0.5452919564197569,0.0,102.25220825787535,98575.26433531016,-2600.0458337853634,2020-05-20,3,3.0,98677.51654356804,,143.01185607910156,NIFTY_AUTO,920458.1848500177,201119.4903599884,0.0,
2020-05-19,2020-05-20,NIFTY_METAL,SELL,NMDC,RANK_EXIT,2020-05-19,2,4.0,0.4580639799435934,12.495718955993652,7931.0259285194115,99103.87103547716,101175.31016909552,0.0,99.10387103547717,2.9433849697536716,0.09910387103547716,0.5476479913420468,0.0,102.69400786760836,99001.17702760955,-2174.133141485974,2020-05-20,2,4.0,99103.87103547716,,12.495718955993652,NIFTY_METAL,920458.1848500177,200074.78139384047,0.0,
2020-05-19,2020-05-20,NIFTY_METAL,SELL,COALINDIA,RANK_EXIT,2020-05-19,3,6.0,0.340410643160188,74.02114868164062,1366.8856793881657,101178.44810479677,101175.31016909552,0.0,101.17844810479677,3.004999908712464,0.10117844810479677,0.559112104227107,0.0,104.84373856584114,101073.60436623092,-101.70580286459881,2020-05-20,3,6.0,101178.44810479677,,74.02114868164062,NIFTY_METAL,920458.1848500177,200074.78139384047,0.0,
2020-05-19,2020-05-20,NIFTY_PHARMA,SELL,DRREDDY,RANK_EXIT,2020-05-19,2,2.0,0.7063321707149347,752.990234375,141.82387479977956,106791.99272545667,101175.31016909552,0.0,106.79199272545668,3.171722183946063,0.10679199272545667,0.5901325518008735,0.0,110.66063945392908,106681.33208600275,5506.0219169072225,2020-05-20,2,2.0,106791.99272545667,,752.990234375,NIFTY_PHARMA,920458.1848500177,211106.29684738937,0.0,
2020-05-19,2020-05-20,NIFTY_PHARMA,SELL,CIPLA,RANK_EXIT,2020-05-19,3,3.0,0.6991707409421604,592.2535400390625,176.50090341737553,104533.28486903332,101175.31016909552,0.0,104.53328486903332,3.1046385606102898,0.10453328486903332,0.5776509321862782,0.0,108.32010764669892,104424.96476138663,3249.6545922911027,2020-05-20,3,3.0,104533.28486903332,,592.2535400390625,NIFTY_PHARMA,920458.1848500177,211106.29684738937,0.0,
2020-05-20,2020-05-21,NIFTY_AUTO,BUY,BAJAJ-AUTO,MONTHLY_REPLACEMENT,2020-05-21,2,,0.8657658348480861,2271.847775942651,44.86613996347607,102050.09476686972,102050.09476686972,0.0,102.05009476686972,3.0308878145760305,0.10205009476686971,0.563928823681722,15.307514215030457,121.05447571492479,101929.0402911548,0.0,2020-05-21,2,,102050.09476686972,2271.847775942651,,NIFTY_AUTO,918347.9120017678,0.0,0.11099174828957264,
2020-05-20,2020-05-21,NIFTY_AUTO,BUY,EXIDEIND,MONTHLY_REPLACEMENT,2020-05-21,3,,0.7460054010152817,144.44772734900317,705.6465488368807,102050.09476686972,102050.09476686972,0.0,102.05009476686972,3.0308878145760305,0.10205009476686971,0.563928823681722,15.307514215030457,121.05447571492479,101929.0402911548,0.0,2020-05-21,3,,102050.09476686972,144.44772734900317,,NIFTY_AUTO,918347.9120017678,0.0,0.11099174828957264,
2020-05-20,2020-05-21,NIFTY_METAL,BUY,NMDC,MONTHLY_REPLACEMENT,2020-05-21,2,,0.4681045127411684,12.566020041378934,8111.481595247368,102050.09476686972,102050.09476686972,0.0,102.05009476686972,3.0308878145760305,0.10205009476686971,0.563928823681722,15.307514215030457,121.05447571492479,101929.0402911548,0.0,2020-05-21,2,,102050.09476686972,12.566020041378934,,NIFTY_METAL,918347.9120017678,0.0,0.11099174828957264,
2020-05-20,2020-05-21,NIFTY_METAL,BUY,TATASTEEL,MONTHLY_REPLACEMENT,2020-05-21,3,,0.3782985421518485,23.341454449497054,4366.867562246152,102050.09476686972,102050.09476686972,0.0,102.05009476686972,3.0308878145760305,0.10205009476686971,0.563928823681722,15.307514215030457,121.05447571492479,101929.0402911548,0.0,2020-05-21,3,,102050.09476686972,23.341454449497054,,NIFTY_METAL,918347.9120017678,0.0,0.11099174828957264,
2020-05-20,2020-05-21,NIFTY_PHARMA,SELL,DIVISLAB,RANK_EXIT,2020-05-13,1,4.0,0.7319805026054382,2286.71728515625,52.62556393764385,120339.7866973056,122049.19478604653,0.0,120.3397866973056,3.574091664909976,0.12033978669730559,0.6649976612893107,0.0,124.69921581020218,120215.08748149539,-1834.107304551144,2020-05-21,1,4.0,120339.7866973056,,2286.71728515625,NIFTY_PHARMA,918347.9120017678,0.0,0.0,
2020-05-20,2020-05-21,NIFTY_PHARMA,BUY,DRREDDY,INITIAL_ENTRY,2020-05-21,1,,0.702886302024126,760.6546442875853,141.95253532998072,108105.0923384116,108105.0923384116,0.0,108.10509233841161,3.2107212424508247,0.1081050923384116,0.5973887402620626,16.21576385076174,128.23707126422465,107976.85526714737,0.0,2020-05-21,1,,108105.0923384116,760.6546442875853,,NIFTY_PHARMA,918347.9120017678,0.0,0.11757728618534664,
2020-05-20,2020-05-21,NIFTY_PHARMA,BUY,AUROPHARMA,INITIAL_ENTRY,2020-05-21,2,,0.6665430342157682,682.0666956416688,158.30835306445485,108105.0923384116,108105.0923384116,0.0,108.10509233841161,3.2107212424508247,0.1081050923384116,0.5973887402620626,16.21576385076174,128.23707126422465,107976.85526714737,0.0,2020-05-21,2,,108105.0923384116,682.0666956416688,,NIFTY_PHARMA,918347.9120017678,0.0,0.11757728618534664,
2020-05-20,2020-05-21,NIFTY_PHARMA,BUY,CIPLA,INITIAL_ENTRY,2020-05-21,3,,0.6399300321936607,592.2535416581803,182.31525465400478,108105.0923384116,108105.0923384116,0.0,108.10509233841161,3.2107212424508247,0.1081050923384116,0.5973887402620626,16.21576385076174,128.23707126422465,107976.85526714737,0.0,2020-05-21,3,,108105.0923384116,592.2535416581803,,NIFTY_PHARMA,918347.9120017678,0.0,0.11757728618534664,
2020-05-21,2020-05-22,NIFTY_AUTO,SELL,BAJAJ-AUTO,RANK_EXIT,2020-05-21,2,2.0,0.8657658348480861,2202.213623046875,44.86613996347607,98804.82464109483,102050.09476686972,0.0,98.80482464109484,2.9345032918405165,0.09880482464109483,0.54599546096669,0.0,102.38412821854314,98702.44051287629,-3347.6542539934308,2020-05-22,2,2.0,98804.82464109483,,2202.213623046875,NIFTY_AUTO,917596.7598773423,0.0,0.1103124608813169,
2020-05-21,2020-05-22,NIFTY_AUTO,SELL,EXIDEIND,RANK_EXIT,2020-05-21,3,3.0,0.7460054010152817,147.5109100341797,705.6465488368807,104090.56458140649,102050.09476686972,0.0,104.0905645814065,3.0914897680677726,0.10409056458140649,0.5752044598768522,0.0,107.86134937393254,103982.70323203255,1932.6084651628335,2020-05-22,3,3.0,104090.56458140649,,147.5109100341797,NIFTY_AUTO,917596.7598773423,0.0,0.1103124608813169,
2020-05-21,2020-05-22,NIFTY_AUTO,BUY,BAJAJ-AUTO,MONTHLY_REPLACEMENT,2020-05-22,2,,0.8893939852714539,2261.931016447167,44.75041720670297,101342.57187245443,101342.57187245443,0.0,101.34257187245443,3.0098743846118965,0.10134257187245442,0.5600190521671832,15.201385780868163,120.21519366197411,101222.35667879245,0.0,2020-05-22,2,,101342.57187245443,2261.931016447167,,NIFTY_AUTO,917596.7598773423,0.0,0.1103124608813169,
2020-05-21,2020-05-22,NIFTY_AUTO,BUY,EXIDEIND,MONTHLY_REPLACEMENT,2020-05-22,3,,0.7860665271679561,146.84082934888204,689.3338666611331,101342.57187245443,101342.57187245443,0.0,101.34257187245443,3.0098743846118965,0.10134257187245442,0.5600190521671832,15.201385780868163,120.21519366197411,101222.35667879245,0.0,2020-05-22,3,,101342.57187245443,146.84082934888204,,NIFTY_AUTO,917596.7598773423,0.0,0.1103124608813169,
2020-05-21,2020-05-22,NIFTY_METAL,SELL,NMDC,RANK_EXIT,2020-05-21,2,4.0,0.4681045127411684,12.732980728149414,8111.481595247368,103283.3388290234,102050.09476686972,0.0,103.2833388290234,3.067515163221995,0.1032833388290234,0.5707437303691832,0.0,107.02488106144362,103176.31394796196,1126.2191810922377,2020-05-22,2,4.0,103283.3388290234,,12.732980728149414,NIFTY_METAL,917596.7598773423,0.0,0.10972752310284103,
2020-05-21,2020-05-22,NIFTY_METAL,SELL,TATASTEEL,RANK_EXIT,2020-05-21,3,5.0,0.3782985421518485,22.56450080871582,4366.867562246152,98536.18663985819,102050.09476686972,0.0,98.53618663985819,2.9265247432037884,0.09853618663985819,0.5445109673718563,0.0,102.1057585370737,98434.08088132112,-3616.0138855486002,2020-05-22,3,5.0,98536.18663985819,,22.56450080871582,NIFTY_METAL,917596.7598773423,0.0,0.10972752310284103,
2020-05-21,2020-05-22,NIFTY_METAL,BUY,NMDC,MONTHLY_REPLACEMENT,2020-05-22,2,,0.5262948634723823,13.058114830874953,7710.5785155503,100805.19741464153,100805.19741464153,0.0,100.80519741464153,2.9939143632148535,0.10080519741464153,0.5570495209133091,15.120779612196229,119.57774610838057,100685.61966853315,0.0,2020-05-22,2,,100805.19741464153,13.058114830874953,,NIFTY_METAL,917596.7598773423,0.0,0.10972752310284103,
2020-05-21,2020-05-22,NIFTY_METAL,BUY,TATASTEEL,MONTHLY_REPLACEMENT,2020-05-22,3,,0.37119579191009205,22.938588848817606,4389.355436471111,100805.19741464153,100805.19741464153,0.0,100.80519741464153,2.9939143632148535,0.10080519741464153,0.5570495209133091,15.120779612196229,119.57774610838057,100685.61966853315,0.0,2020-05-22,3,,100805.19741464153,22.938588848817606,,NIFTY_METAL,917596.7598773423,0.0,0.10972752310284103,
2020-05-21,2020-05-22,NIFTY_PHARMA,SELL,DRREDDY,RANK_EXIT,2020-05-21,1,2.0,0.702886302024126,749.6492309570312,141.95253532998072,106414.60894252085,108105.0923384116,0.0,106.41460894252086,3.160513885592869,0.10641460894252085,0.5880471290163701,0.0,110.26958456607261,106304.33935795477,-1800.752980456833,2020-05-22,1,2.0,106414.60894252085,,749.6492309570312,NIFTY_PHARMA,917596.7598773423,0.0,0.11833157335786812,
2020-05-21,2020-05-22,NIFTY_PHARMA,SELL,CIPLA,RANK_EXIT,2020-05-21,3,3.0,0.6399300321936607,610.0979614257812,182.31525465400478,111230.16520123048,108105.0923384116,0.0,111.23016520123049,3.3035359064765455,0.11123016520123048,0.6146578929019997,0.0,115.25958916581027,111114.90561206467,3009.813273653068,2020-05-22,3,3.0,111230.16520123048,,610.0979614257812,NIFTY_PHARMA,917596.7598773423,0.0,0.11833157335786812,
2020-05-21,2020-05-22,NIFTY_PHARMA,BUY,DRREDDY,MONTHLY_REPLACEMENT,2020-05-22,2,,0.6384381155172985,739.5873951030972,146.81249169914784,108709.62248500972,108709.62248500972,0.0,108.70962248500972,3.228675787804789,0.10870962248500972,0.6007293738521637,16.306443372751456,128.95418064190312,108580.66830436782,0.0,2020-05-22,2,,108709.62248500972,739.5873951030972,,NIFTY_PHARMA,917596.7598773423,0.0,0.11833157335786812,
2020-05-21,2020-05-22,NIFTY_PHARMA,BUY,CIPLA,MONTHLY_REPLACEMENT,2020-05-22,3,,0.6322623416781425,588.4842959663042,184.50903286395427,108709.62248500972,108709.62248500972,0.0,108.70962248500972,3.228675787804789,0.10870962248500972,0.6007293738521637,16.306443372751456,128.95418064190312,108580.66830436782,0.0,2020-05-22,3,,108709.62248500972,588.4842959663042,,NIFTY_PHARMA,917596.7598773423,0.0,0.11833157335786812,
2020-05-22,2020-05-26,NIFTY_AUTO,SELL,BAJAJ-AUTO,RANK_EXIT,2020-05-22,2,2.0,0.8893939852714539,2211.785888671875,44.75041720670297,98978.3412899647,101342.57187245443,0.0,98.97834128996469,2.9396567363119512,0.09897834128996469,0.5469543139683448,0.0,102.56393068153494,98875.77735928317,-2466.794513171262,2020-05-26,2,2.0,98978.3412899647,,2211.785888671875,NIFTY_AUTO,922648.4905505222,204014.20688699762,0.0,
2020-05-22,2020-05-26,NIFTY_AUTO,SELL,EXIDEIND,RANK_EXIT,2020-05-22,3,4.0,0.7860665271679561,152.67999267578125,689.3338666611331,105247.48971298977,101342.57187245443,0.0,105.24748971298978,3.1258504444757964,0.10524748971298976,0.5815976281539814,0.0,109.06018527533256,105138.42952771444,3795.8576552600134,2020-05-26,3,4.0,105247.48971298977,,152.67999267578125,NIFTY_AUTO,922648.4905505222,204014.20688699762,0.0,
2020-05-22,2020-05-26,NIFTY_METAL,SELL,NMDC,RANK_EXIT,2020-05-22,2,4.0,0.5262948634723823,13.321739196777344,7710.5785155503,102718.31604043569,100805.19741464153,0.0,102.7183160404357,3.05073398640094,0.10271831604043569,0.5676214144394476,0.0,106.43938975731652,102611.87665067837,1806.6792360368418,2020-05-26,2,4.0,102718.31604043569,,13.321739196777344,NIFTY_METAL,922648.4905505222,203715.8908090471,0.0,
2020-05-22,2020-05-26,NIFTY_METAL,SELL,TATASTEEL,RANK_EXIT,2020-05-22,3,6.0,0.37119579191009205,23.057802200317383,4389.355436471111,101208.88944103864,100805.19741464153,0.0,101.20888944103865,3.0059040163988477,0.10120888944103863,0.5592803230511796,0.0,104.87528266992972,101104.01415836871,298.8167437271768,2020-05-26,3,6.0,101208.88944103864,,23.057802200317383,NIFTY_METAL,922648.4905505222,203715.8908090471,0.0,
2020-05-22,2020-05-26,NIFTY_PHARMA,SELL,AUROPHARMA,RANK_EXIT,2020-05-21,2,3.0,0.6866768995920818,690.9090576171875,158.30835306445485,109376.67502869149,108105.0923384116,0.0,109.3766750286915,3.2484872483521374,0.10937667502869149,0.6044155062085491,0.0,113.33895445828087,109263.33607423322,1158.243735821612,2020-05-26,2,3.0,109376.67502869149,,690.9090576171875,NIFTY_PHARMA,922648.4905505222,218400.84405948647,0.0,
2020-05-22,2020-05-26,NIFTY_PHARMA,SELL,DRREDDY,RANK_EXIT,2020-05-22,2,2.0,0.6384381155172985,744.1513671875,146.81249169914784,109250.71641812436,108709.62248500972,0.0,109.25071641812436,3.2447462776182934,0.10925071641812435,0.6037194589265551,0.0,113.20843287108733,109137.50798525327,427.8855002435448,2020-05-26,2,2.0,109250.71641812436,,744.1513671875,NIFTY_PHARMA,922648.4905505222,218400.84405948647,0.0,
2020-05-26,2020-05-27,NIFTY_AUTO,BUY,BAJAJ-AUTO,MONTHLY_REPLACEMENT,2020-05-27,2,,0.8733883748451869,2215.3640928471355,47.04931730877711,104355.15695925518,104355.15695925518,0.0,104.35515695925518,3.099348161689879,0.10435515695925518,0.5766665973568441,15.653273543888275,123.78880041914944,104231.36815883603,0.0,2020-05-27,2,,104355.15695925518,2215.3640928471355,,NIFTY_AUTO,922639.9296067077,0.0,0.11297079696438737,
2020-05-26,2020-05-27,NIFTY_AUTO,BUY,EXIDEIND,MONTHLY_REPLACEMENT,2020-05-27,3,,0.8526964982350668,153.7329983571246,678.0025711637045,104355.15695925518,104355.15695925518,0.0,104.35515695925518,3.099348161689879,0.10435515695925518,0.5766665973568441,15.653273543888275,123.78880041914944,104231.36815883603,0.0,2020-05-27,3,,104355.15695925518,153.7329983571246,,NIFTY_AUTO,922639.9296067077,0.0,0.11297079696438737,
2020-05-26,2020-05-27,NIFTY_METAL,BUY,NMDC,MONTHLY_REPLACEMENT,2020-05-27,2,,0.5746906126538913,13.26901424048643,7855.245783127219,104355.15695925518,104355.15695925518,0.0,104.35515695925518,3.099348161689879,0.10435515695925518,0.5766665973568441,15.653273543888275,123.78880041914944,104231.36815883603,0.0,2020-05-27,2,,104355.15695925518,13.26901424048643,,NIFTY_METAL,922639.9296067077,0.0,0.11297079696438737,
2020-05-26,2020-05-27,NIFTY_METAL,BUY,JINDALSTEL,MONTHLY_REPLACEMENT,2020-05-27,3,,0.524231344461441,107.6289201584938,968.4327224071881,104355.15695925518,104355.15695925518,0.0,104.35515695925518,3.099348161689879,0.10435515695925518,0.5766665973568441,15.653273543888275,123.78880041914944,104231.36815883603,0.0,2020-05-27,3,,104355.15695925518,107.6289201584938,,NIFTY_METAL,922639.9296067077,0.0,0.11297079696438737,
2020-05-26,2020-05-27,NIFTY_PHARMA,BUY,BIOCON,MONTHLY_REPLACEMENT,2020-05-27,2,,0.700236689299345,353.9675907414097,294.4658519174487,104355.15695925518,104355.15695925518,0.0,104.35515695925518,3.099348161689879,0.10435515695925518,0.5766665973568441,15.653273543888275,123.78880041914944,104231.36815883603,0.0,2020-05-27,2,,104355.15695925518,353.9675907414097,,NIFTY_PHARMA,922639.9296067077,0.0,0.11297079696438737,
2020-05-26,2020-05-27,NIFTY_PHARMA,BUY,DRREDDY,MONTHLY_REPLACEMENT,2020-05-27,3,,0.6803822020689647,744.2379985907115,140.0511239095672,104355.15695925518,104355.15695925518,0.0,104.35515695925518,3.099348161689879,0.10435515695925518,0.5766665973568441,15.653273543888275,123.78880041914944,104231.36815883603,0.0,2020-05-27,3,,104355.15695925518,744.2379985907115,,NIFTY_PHARMA,922639.9296067077,0.0,0.11297079696438737,
2020-05-27,2020-05-28,NIFTY_AUTO,SELL,BAJAJ-AUTO,RANK_EXIT,2020-05-27,2,2.0,0.8733883748451869,2242.096923828125,47.04931730877711,105489.12960622252,104355.15695925518,0.0,105.48912960622252,3.1330271493048087,0.10548912960622252,0.5829329302039856,0.0,109.31057881533754,105379.81902740718,1024.6620681519998,2020-05-28,2,2.0,105489.12960622252,,2242.096923828125,NIFTY_AUTO,934937.7638794574,208271.30767628626,0.0,
2020-05-27,2020-05-28,NIFTY_AUTO,SELL,EXIDEIND,RANK_EXIT,2020-05-27,3,4.0,0.8526964982350668,151.91419982910156,678.0025711637045,102998.21808040766,104355.15695925518,0.0,102.99821808040767,3.0590470769881075,0.10299821808040766,0.5691681531123327,0.0,106.7294315285885,102891.48864887908,-1463.6683103761025,2020-05-28,3,4.0,102998.21808040766,,151.91419982910156,NIFTY_AUTO,934937.7638794574,208271.30767628626,0.0,
2020-05-27,2020-05-28,NIFTY_METAL,SELL,NMDC,RANK_EXIT,2020-05-27,2,5.0,0.5746906126538913,13.875347137451172,7855.245783127219,108994.26209088964,104355.15695925518,0.0,108.99426209088963,3.237129584099422,0.10899426209088962,0.602302292314256,0.0,112.9426882293942,108881.31940266024,4526.162443405061,2020-05-28,2,5.0,108994.26209088964,,13.875347137451172,NIFTY_METAL,934937.7638794574,222496.45143259893,0.0,
2020-05-27,2020-05-28,NIFTY_METAL,SELL,JINDALSTEL,RANK_EXIT,2020-05-27,3,4.0,0.524231344461441,117.44025421142578,968.4327224071881,113732.98510616331,104355.15695925518,0.0,113.73298510616331,3.3778696576530503,0.11373298510616331,0.6284884756966584,0.0,117.85307622461919,113615.13202993869,9259.975070683504,2020-05-28,3,4.0,113732.98510616331,,117.44025421142578,NIFTY_METAL,934937.7638794574,222496.45143259893,0.0,
2020-05-27,2020-05-28,NIFTY_PHARMA,SELL,BIOCON,RANK_EXIT,2020-05-27,2,3.0,0.700236689299345,341.5589599609375,294.4658519174487,100577.4501249352,104355.15695925518,0.0,100.57745012493521,2.9871502687105758,0.1005774501249352,0.555790989390392,0.0,104.22096883316111,100473.22915610204,-3881.927803153143,2020-05-28,2,3.0,100577.4501249352,,341.5589599609375,NIFTY_PHARMA,934937.7638794574,205216.2499146292,0.0,
2020-05-27,2020-05-28,NIFTY_PHARMA,SELL,DRREDDY,RANK_EXIT,2020-05-27,3,2.0,0.6803822020689647,748.6671142578125,140.0511239095672,104851.670785939,104355.15695925518,0.0,104.851670785939,3.1140946223423884,0.104851670785939,0.5794103327630988,0.0,108.65002741183044,104743.02075852717,387.8637992719887,2020-05-28,3,2.0,104851.670785939,,748.6671142578125,NIFTY_PHARMA,934937.7638794574,205216.2499146292,0.0,
2020-05-28,2020-05-29,NIFTY_AUTO,BUY,HEROMOTOCO,MONTHLY_REPLACEMENT,2020-05-29,2,,0.812714658677578,1860.7199469764453,56.89819051747821,105997.33483725239,105997.33483725239,0.0,105.9973348372524,3.148120844666396,0.10599733483725239,0.5857412723106566,15.899600225587857,125.73679451465456,105871.59804273774,0.0,2020-05-29,2,,105997.33483725239,1860.7199469764453,,NIFTY_AUTO,939975.9639905905,0.0,0.1126322396513934,
2020-05-28,2020-05-29,NIFTY_AUTO,BUY,BAJAJ-AUTO,MONTHLY_REPLACEMENT,2020-05-29,3,,0.7791620368758838,2244.6843731445133,47.16547204114282,105997.33483725239,105997.33483725239,0.0,105.9973348372524,3.148120844666396,0.10599733483725239,0.5857412723106566,15.899600225587857,125.73679451465456,105871.59804273774,0.0,2020-05-29,3,,105997.33483725239,2244.6843731445133,,NIFTY_AUTO,939975.9639905905,0.0,0.1126322396513934,
2020-05-28,2020-05-29,NIFTY_METAL,BUY,JINDALSTEL,MONTHLY_REPLACEMENT,2020-05-29,2,,0.625,114.48205507630449,924.7877143031044,105997.33483725239,105997.33483725239,0.0,105.9973348372524,3.148120844666396,0.10599733483725239,0.5857412723106566,15.899600225587857,125.73679451465456,105871.59804273774,0.0,2020-05-29,2,,105997.33483725239,114.48205507630449,,NIFTY_METAL,939975.9639905905,0.0,0.1126322396513934,
2020-05-28,2020-05-29,NIFTY_METAL,BUY,NMDC,MONTHLY_REPLACEMENT,2020-05-29,3,,0.5706985915700595,13.699597214095565,7728.081080647106,105997.33483725239,105997.33483725239,0.0,105.9973348372524,3.148120844666396,0.10599733483725239,0.5857412723106566,15.899600225587857,125.73679451465456,105871.59804273774,0.0,2020-05-29,3,,105997.33483725239,13.699597214095565,,NIFTY_METAL,939975.9639905905,0.0,0.1126322396513934,
2020-05-28,2020-05-29,NIFTY_PHARMA,SELL,CIPLA,RANK_EXIT,2020-05-22,3,2.0,0.7319563254714012,618.495361328125,184.50903286395427,114117.98094949429,108709.62248500972,0.0,114.1179809494943,3.3893040341999803,0.11411798094949428,0.6306159627269055,0.0,118.25201892737067,113999.72893056693,5290.106445557205,2020-05-29,3,2.0,114117.98094949429,,618.495361328125,NIFTY_PHARMA,939975.9639905905,0.0,0.11546667434319326,
2020-05-28,2020-05-29,NIFTY_PHARMA,BUY,DRREDDY,INITIAL_ENTRY,2020-05-29,1,,0.7116005569696426,747.174680855657,145.26174575433475,108664.7995350239,108664.7995350239,0.0,108.6647995350239,3.22734454619021,0.1086647995350239,0.6004816822305421,16.299719930253584,128.90101049323326,108535.89852453067,0.0,2020-05-29,1,,108664.7995350239,747.174680855657,,NIFTY_PHARMA,939975.9639905905,0.0,0.11546667434319326,
2020-05-28,2020-05-29,NIFTY_PHARMA,BUY,CIPLA,INITIAL_ENTRY,2020-05-29,2,,0.6911475211381912,604.0384925922542,179.68374508509336,108664.7995350239,108664.7995350239,0.0,108.6647995350239,3.22734454619021,0.1086647995350239,0.6004816822305421,16.299719930253584,128.90101049323326,108535.89852453067,0.0,2020-05-29,2,,108664.7995350239,604.0384925922542,,NIFTY_PHARMA,939975.9639905905,0.0,0.11546667434319326,
2020-05-28,2020-05-29,NIFTY_PHARMA,BUY,BIOCON,INITIAL_ENTRY,2020-05-29,3,,0.6517869575570028,342.2510298119862,317.12365798914993,108664.7995350239,108664.7995350239,0.0,108.6647995350239,3.22734454619021,0.1086647995350239,0.6004816822305421,16.299719930253584,128.90101049323326,108535.89852453067,0.0,2020-05-29,3,,108664.7995350239,342.2510298119862,,NIFTY_PHARMA,939975.9639905905,0.0,0.11546667434319326,
2020-05-04,2020-05-05,NIFTY_AUTO,KEEP,MRF,SELECTED,,1,,0.9891834606726965,,,,,,,,,,,,,,2020-05-05,1,,,,,NIFTY_AUTO,998813.774,0.0,0.1111111111111111,
2020-05-04,2020-05-05,NIFTY_AUTO,KEEP,BAJAJ-AUTO,SELECTED,,2,,0.8471945052345594,,,,,,,,,,,,,,2020-05-05,2,,,,,NIFTY_AUTO,998813.774,0.0,0.1111111111111111,
2020-05-04,2020-05-05,NIFTY_AUTO,KEEP,EXIDEIND,SELECTED,,3,,0.730280304948489,,,,,,,,,,,,,,2020-05-05,3,,,,,NIFTY_AUTO,998813.774,0.0,0.1111111111111111,
2020-05-04,2020-05-05,NIFTY_AUTO,SKIP,APOLLOTYRE,ENTRY_FILTERED,,12,,0.11206454286972682,,,,,,,,,,,,,,2020-05-05,12,,,,,NIFTY_AUTO,998813.774,0.0,,
2020-05-04,2020-05-05,NIFTY_METAL,SKIP,RATNAMANI,ENTRY_FILTERED,,1,,0.9588772431015968,,,,,,,,,,,,,,2020-05-05,1,,,,,NIFTY_METAL,998813.774,0.0,,
2020-05-04,2020-05-05,NIFTY_METAL,SKIP,APLAPOLLO,ENTRY_FILTERED,,2,,0.768918264657259,,,,,,,,,,,,,,2020-05-05,2,,,,,NIFTY_METAL,998813.774,0.0,,
2020-05-04,2020-05-05,NIFTY_METAL,KEEP,HINDZINC,SELECTED,,3,,0.745192567507426,,,,,,,,,,,,,,2020-05-05,3,,,,,NIFTY_METAL,998813.774,0.0,0.1111111111111111,
2020-05-04,2020-05-05,NIFTY_METAL,KEEP,COALINDIA,SELECTED,,4,,0.7069863006472588,,,,,,,,,,,,,,2020-05-05,4,,,,,NIFTY_METAL,998813.774,0.0,0.1111111111111111,
2020-05-04,2020-05-05,NIFTY_METAL,SKIP,NATIONALUM,ENTRY_FILTERED,,5,,0.6033145760496458,,,,,,,,,,,,,,2020-05-05,5,,,,,NIFTY_METAL,998813.774,0.0,,
2020-05-04,2020-05-05,NIFTY_METAL,KEEP,NMDC,SELECTED,,6,,0.5536814406514168,,,,,,,,,,,,,,2020-05-05,6,,,,,NIFTY_METAL,998813.774,0.0,0.1111111111111111,
2020-05-04,2020-05-05,NIFTY_METAL,SKIP,HINDCOPPER,ENTRY_FILTERED,,10,,0.4451537442704042,,,,,,,,,,,,,,2020-05-05,10,,,,,NIFTY_METAL,998813.774,0.0,,
2020-05-04,2020-05-05,NIFTY_METAL,SKIP,WELCORP,ENTRY_FILTERED,,14,,0.09422413383920988,,,,,,,,,,,,,,2020-05-05,14,,,,,NIFTY_METAL,998813.774,0.0,,
2020-05-04,2020-05-05,NIFTY_PHARMA,KEEP,BIOCON,SELECTED,,1,,0.9189446270465851,,,,,,,,,,,,,,2020-05-05,1,,,,,NIFTY_PHARMA,998813.774,0.0,0.1111111111111111,
2020-05-04,2020-05-05,NIFTY_PHARMA,KEEP,DRREDDY,SELECTED,,2,,0.8965024724602699,,,,,,,,,,,,,,2020-05-05,2,,,,,NIFTY_PHARMA,998813.774,0.0,0.1111111111111111,
2020-05-04,2020-05-05,NIFTY_PHARMA,KEEP,DIVISLAB,SELECTED,,3,,0.7597706342736881,,,,,,,,,,,,,,2020-05-05,3,,,,,NIFTY_PHARMA,998813.774,0.0,0.1111111111111111,
2020-05-06,2020-05-07,NIFTY_AUTO,KEEP,MRF,SELECTED,,1,,0.9919651597738266,,,,,,,,,,,,,,2020-05-07,1,,,,,NIFTY_AUTO,976428.4663300937,0.0,0.11401511673138448,
2020-05-06,2020-05-07,NIFTY_AUTO,KEEP,BAJAJ-AUTO,SELECTED,,2,,0.8677432189385097,,,,,,,,,,,,,,2020-05-07,2,,,,,NIFTY_AUTO,976428.4663300937,0.0,0.12964664386085,
2020-05-06,2020-05-07,NIFTY_AUTO,KEEP,EXIDEIND,SELECTED,,3,,0.7451331242918968,,,,,,,,,,,,,,2020-05-07,3,,,,,NIFTY_AUTO,976428.4663300937,0.0,0.12964664386085,
2020-05-06,2020-05-07,NIFTY_AUTO,SKIP,APOLLOTYRE,ENTRY_FILTERED,,12,,0.11099262783924739,,,,,,,,,,,,,,2020-05-07,12,,,,,NIFTY_AUTO,976428.4663300937,0.0,,
2020-05-06,2020-05-07,NIFTY_METAL,SKIP,RATNAMANI,ENTRY_FILTERED,,1,,0.9406924123565357,,,,,,,,,,,,,,2020-05-07,1,,,,,NIFTY_METAL,976428.4663300937,0.0,,
2020-05-06,2020-05-07,NIFTY_METAL,KEEP,HINDZINC,SELECTED,,2,,0.8169581865270933,,,,,,,,,,,,,,2020-05-07,2,,,,,NIFTY_METAL,976428.4663300937,0.0,0.08643109590723333,
2020-05-06,2020-05-07,NIFTY_METAL,SKIP,APLAPOLLO,ENTRY_FILTERED,,3,,0.7090274306635063,,,,,,,,,,,,,,2020-05-07,3,,,,,NIFTY_METAL,976428.4663300937,0.0,,
2020-05-06,2020-05-07,NIFTY_METAL,KEEP,COALINDIA,SELECTED,,4,,0.6429337958494823,,,,,,,,,,,,,,2020-05-07,4,,,,,NIFTY_METAL,976428.4663300937,0.0,0.08643109590723333,
2020-05-06,2020-05-07,NIFTY_METAL,SKIP,NATIONALUM,ENTRY_FILTERED,,5,,0.5720733975370725,,,,,,,,,,,,,,2020-05-07,5,,,,,NIFTY_METAL,976428.4663300937,0.0,,
2020-05-06,2020-05-07,NIFTY_METAL,KEEP,NMDC,SELECTED,,6,,0.5433142619828384,,,,,,,,,,,,,,2020-05-07,6,,,,,NIFTY_METAL,976428.4663300937,0.0,0.08643109590723333,
2020-05-06,2020-05-07,NIFTY_METAL,SKIP,HINDCOPPER,ENTRY_FILTERED,,10,,0.4208936542272568,,,,,,,,,,,,,,2020-05-07,10,,,,,NIFTY_METAL,976428.4663300937,0.0,,
2020-05-06,2020-05-07,NIFTY_METAL,SKIP,WELCORP,ENTRY_FILTERED,,14,,0.08524532352263729,,,,,,,,,,,,,,2020-05-07,14,,,,,NIFTY_METAL,976428.4663300937,0.0,,
2020-05-06,2020-05-07,NIFTY_PHARMA,KEEP,DRREDDY,SELECTED,,1,,0.90469840914011,,,,,,,,,,,,,,2020-05-07,1,,,,,NIFTY_PHARMA,976428.4663300937,0.0,0.12246610260840518,
2020-05-06,2020-05-07,NIFTY_PHARMA,KEEP,BIOCON,SELECTED,,2,,0.8958918725450834,,,,,,,,,,,,,,2020-05-07,2,,,,,NIFTY_PHARMA,976428.4663300937,0.0,0.12246610260840518,
2020-05-06,2020-05-07,NIFTY_PHARMA,KEEP,DIVISLAB,SELECTED,,3,,0.7995376611749332,,,,,,,,,,,,,,2020-05-07,3,,,,,NIFTY_PHARMA,976428.4663300937,0.0,0.12246610260840518,
2020-05-08,2020-05-11,NIFTY_AUTO,KEEP,MRF,SELECTED,,1,,0.9972965344786644,,,,,,,,,,,,,,2020-05-11,1,,,,,NIFTY_AUTO,978450.8828392037,0.0,0.11370235899745189,
2020-05-08,2020-05-11,NIFTY_AUTO,KEEP,BAJAJ-AUTO,SELECTED,,2,,0.7762474194169044,,,,,,,,,,,,,,2020-05-11,2,,,,,NIFTY_AUTO,978450.8828392037,0.0,0.12752762322005645,
2020-05-08,2020-05-11,NIFTY_AUTO,KEEP,EXIDEIND,SELECTED,,3,,0.6762674947579702,,,,,,,,,,,,,,2020-05-11,3,,,,,NIFTY_AUTO,978450.8828392037,0.0,0.12752762322005645,
2020-05-08,2020-05-11,NIFTY_AUTO,SKIP,APOLLOTYRE,ENTRY_FILTERED,,12,,0.10984119027853012,,,,,,,,,,,,,,2020-05-11,12,,,,,NIFTY_AUTO,978450.8828392037,0.0,,
2020-05-08,2020-05-11,NIFTY_METAL,SKIP,RATNAMANI,ENTRY_FILTERED,,1,,0.9262948731581371,,,,,,,,,,,,,,2020-05-11,1,,,,,NIFTY_METAL,978450.8828392037,0.0,,
2020-05-08,2020-05-11,NIFTY_METAL,KEEP,HINDZINC,SELECTED,,2,,0.8445269614458084,,,,,,,,,,,,,,2020-05-11,2,,,,,NIFTY_METAL,978450.8828392037,0.0,0.08501841548003765,
2020-05-08,2020-05-11,NIFTY_METAL,SKIP,APLAPOLLO,ENTRY_FILTERED,,3,,0.7024915516376495,,,,,,,,,,,,,,2020-05-11,3,,,,,NIFTY_METAL,978450.8828392037,0.0,,
2020-05-08,2020-05-11,NIFTY_METAL,KEEP,COALINDIA,SELECTED,,4,,0.5995473638176918,,,,,,,,,,,,,,2020-05-11,4,,,,,NIFTY_METAL,978450.8828392037,0.0,0.08501841548003765,
2020-05-08,2020-05-11,NIFTY_METAL,KEEP,NMDC,SELECTED,,5,,0.5333622669180235,,,,,,,,,,,,,,2020-05-11,5,,,,,NIFTY_METAL,978450.8828392037,0.0,0.08501841548003765,
2020-05-08,2020-05-11,NIFTY_METAL,SKIP,NATIONALUM,ENTRY_FILTERED,,6,,0.504575123389562,,,,,,,,,,,,,,2020-05-11,6,,,,,NIFTY_METAL,978450.8828392037,0.0,,
2020-05-08,2020-05-11,NIFTY_METAL,SKIP,HINDCOPPER,ENTRY_FILTERED,,10,,0.3933356888592243,,,,,,,,,,,,,,2020-05-11,10,,,,,NIFTY_METAL,978450.8828392037,0.0,,
2020-05-08,2020-05-11,NIFTY_METAL,SKIP,WELCORP,ENTRY_FILTERED,,14,,0.12142776822050413,,,,,,,,,,,,,,2020-05-11,14,,,,,NIFTY_METAL,978450.8828392037,0.0,,
2020-05-08,2020-05-11,NIFTY_PHARMA,KEEP,DRREDDY,SELECTED,,1,,0.9239852552612623,,,,,,,,,,,,,,2020-05-11,1,,,,,NIFTY_PHARMA,978450.8828392037,0.0,0.1253957160407741,
2020-05-08,2020-05-11,NIFTY_PHARMA,KEEP,BIOCON,SELECTED,,2,,0.8886721854408582,,,,,,,,,,,,,,2020-05-11,2,,,,,NIFTY_PHARMA,978450.8828392037,0.0,0.1253957160407741,
2020-05-08,2020-05-11,NIFTY_PHARMA,KEEP,DIVISLAB,SELECTED,,3,,0.7308106993635496,,,,,,,,,,,,,,2020-05-11,3,,,,,NIFTY_PHARMA,978450.8828392037,0.0,0.1253957160407741,
2020-05-12,2020-05-13,NIFTY_AUTO,KEEP,MRF,SELECTED,,1,,0.9214197844266891,,,,,,,,,,,,,,2020-05-13,1,,,,,NIFTY_AUTO,977365.4895608444,0.0,0.11548202437502277,
2020-05-12,2020-05-13,NIFTY_AUTO,KEEP,BAJAJ-AUTO,SELECTED,,2,,0.9165514136354129,,,,,,,,,,,,,,2020-05-13,2,,,,,NIFTY_AUTO,977365.4895608444,0.0,0.12758382074715283,
2020-05-12,2020-05-13,NIFTY_AUTO,KEEP,HEROMOTOCO,SELECTED,,3,,0.781640795369943,,,,,,,,,,,,,,2020-05-13,3,,,,,NIFTY_AUTO,977365.4895608444,0.0,0.12758382074715283,
2020-05-12,2020-05-13,NIFTY_AUTO,SKIP,APOLLOTYRE,ENTRY_FILTERED,,12,,0.11344049669181308,,,,,,,,,,,,,,2020-05-13,12,,,,,NIFTY_AUTO,977365.4895608444,0.0,,
2020-05-12,2020-05-13,NIFTY_METAL,SKIP,RATNAMANI,ENTRY_FILTERED,,1,,0.9161144743363063,,,,,,,,,,,,,,2020-05-13,1,,,,,NIFTY_METAL,977365.4895608444,0.0,,
2020-05-12,2020-05-13,NIFTY_METAL,KEEP,HINDZINC,SELECTED,,2,,0.8503543337186178,,,,,,,,,,,,,,2020-05-13,2,,,,,NIFTY_METAL,977365.4895608444,0.0,0.0850558804981019,
2020-05-12,2020-05-13,NIFTY_METAL,SKIP,APLAPOLLO,ENTRY_FILTERED,,3,,0.6506173498928547,,,,,,,,,,,,,,2020-05-13,3,,,,,NIFTY_METAL,977365.4895608444,0.0,,
2020-05-12,2020-05-13,NIFTY_METAL,KEEP,JSWSTEEL,SELECTED,,4,,0.5220174416899681,,,,,,,,,,,,,,2020-05-13,4,,,,,NIFTY_METAL,977365.4895608444,0.0,0.0850558804981019,
2020-05-12,2020-05-13,NIFTY_METAL,KEEP,COALINDIA,SELECTED,,5,,0.5212922642628353,,,,,,,,,,,,,,2020-05-13,5,,,,,NIFTY_METAL,977365.4895608444,0.0,0.0850558804981019,
2020-05-12,2020-05-13,NIFTY_METAL,SKIP,NATIONALUM,ENTRY_FILTERED,,8,,0.39259628703196847,,,,,,,,,,,,,,2020-05-13,8,,,,,NIFTY_METAL,977365.4895608444,0.0,,
2020-05-12,2020-05-13,NIFTY_METAL,SKIP,HINDCOPPER,ENTRY_FILTERED,,9,,0.38679156452417374,,,,,,,,,,,,,,2020-05-13,9,,,,,NIFTY_METAL,977365.4895608444,0.0,,
2020-05-12,2020-05-13,NIFTY_METAL,SKIP,WELCORP,ENTRY_FILTERED,,14,,0.08256948242584865,,,,,,,,,,,,,,2020-05-13,14,,,,,NIFTY_METAL,977365.4895608444,0.0,,
2020-05-12,2020-05-13,NIFTY_PHARMA,KEEP,DIVISLAB,SELECTED,,1,,0.8314475292960803,,,,,,,,,,,,,,2020-05-13,1,,,,,NIFTY_PHARMA,977365.4895608444,0.0,0.12472756421212199,
2020-05-12,2020-05-13,NIFTY_PHARMA,KEEP,BIOCON,SELECTED,,2,,0.7567240049441656,,,,,,,,,,,,,,2020-05-13,2,,,,,NIFTY_PHARMA,977365.4895608444,0.0,0.12472756421212199,
2020-05-12,2020-05-13,NIFTY_PHARMA,KEEP,DRREDDY,SELECTED,,3,,0.7553611012796562,,,,,,,,,,,,,,2020-05-13,3,,,,,NIFTY_PHARMA,977365.4895608444,0.0,0.12472756421212199,
2020-05-14,2020-05-15,NIFTY_AUTO,KEEP,MRF,SELECTED,,1,,0.9098296860853832,,,,,,,,,,,,,,2020-05-15,1,,,,,NIFTY_AUTO,948799.1541111406,0.0,0.11594814577812973,
2020-05-14,2020-05-15,NIFTY_AUTO,KEEP,BAJAJ-AUTO,SELECTED,,2,,0.8957495912909508,,,,,,,,,,,,,,2020-05-15,2,,,,,NIFTY_AUTO,948799.1541111406,0.0,0.12640163878790472,
2020-05-14,2020-05-15,NIFTY_AUTO,KEEP,HEROMOTOCO,SELECTED,,3,,0.8174493039647739,,,,,,,,,,,,,,2020-05-15,3,,,,,NIFTY_AUTO,948799.1541111406,0.0,0.12640163878790472,
2020-05-14,2020-05-15,NIFTY_AUTO,SKIP,APOLLOTYRE,ENTRY_FILTERED,,11,,0.12411513986686866,,,,,,,,,,,,,,2020-05-15,11,,,,,NIFTY_AUTO,948799.1541111406,0.0,,
2020-05-14,2020-05-15,NIFTY_METAL,SKIP,RATNAMANI,ENTRY_FILTERED,,1,,0.9110742434859276,,,,,,,,,,,,,,2020-05-15,1,,,,,NIFTY_METAL,948799.1541111406,0.0,,
2020-05-14,2020-05-15,NIFTY_METAL,KEEP,HINDZINC,SELECTED,,2,,0.9004225209355354,,,,,,,,,,,,,,2020-05-15,2,,,,,NIFTY_METAL,948799.1541111406,0.0,0.08426775919193649,
2020-05-14,2020-05-15,NIFTY_METAL,SKIP,APLAPOLLO,ENTRY_FILTERED,,3,,0.6842982272307079,,,,,,,,,,,,,,2020-05-15,3,,,,,NIFTY_METAL,948799.1541111406,0.0,,
2020-05-14,2020-05-15,NIFTY_METAL,KEEP,COALINDIA,SELECTED,,4,,0.5527699428300064,,,,,,,,,,,,,,2020-05-15,4,,,,,NIFTY_METAL,948799.1541111406,0.0,0.08426775919193649,
2020-05-14,2020-05-15,NIFTY_METAL,KEEP,JSWSTEEL,SELECTED,,6,,0.5045167232553165,,,,,,,,,,,,,,2020-05-15,6,,,,,NIFTY_METAL,948799.1541111406,0.0,0.08426775919193649,
2020-05-14,2020-05-15,NIFTY_METAL,SKIP,HINDCOPPER,ENTRY_FILTERED,,7,,0.4897366650402546,,,,,,,,,,,,,,2020-05-15,7,,,,,NIFTY_METAL,948799.1541111406,0.0,,
2020-05-14,2020-05-15,NIFTY_METAL,SKIP,NATIONALUM,ENTRY_FILTERED,,8,,0.4558804879585902,,,,,,,,,,,,,,2020-05-15,8,,,,,NIFTY_METAL,948799.1541111406,0.0,,
2020-05-14,2020-05-15,NIFTY_METAL,SKIP,WELCORP,ENTRY_FILTERED,,14,,0.08648580561081569,,,,,,,,,,,,,,2020-05-15,14,,,,,NIFTY_METAL,948799.1541111406,0.0,,
2020-05-14,2020-05-15,NIFTY_PHARMA,KEEP,DIVISLAB,SELECTED,,1,,0.8117624744772911,,,,,,,,,,,,,,2020-05-15,1,,,,,NIFTY_PHARMA,948799.1541111406,0.0,0.1256420214944418,
2020-05-14,2020-05-15,NIFTY_PHARMA,KEEP,DRREDDY,SELECTED,,2,,0.7409210751454036,,,,,,,,,,,,,,2020-05-15,2,,,,,NIFTY_PHARMA,948799.1541111406,0.0,0.12640163878790472,
2020-05-14,2020-05-15,NIFTY_PHARMA,KEEP,AUROPHARMA,SELECTED,,3,,0.7102769985795021,,,,,,,,,,,,,,2020-05-15,3,,,,,NIFTY_PHARMA,948799.1541111406,0.0,0.12640163878790472,
2020-05-18,2020-05-19,NIFTY_AUTO,KEEP,MRF,SELECTED,,1,,0.9267594044407209,,,,,,,,,,,,,,2020-05-19,1,,,,,NIFTY_AUTO,912586.9061487438,0.0,0.1178381341339141,
2020-05-18,2020-05-19,NIFTY_AUTO,KEEP,BAJAJ-AUTO,SELECTED,,2,,0.795412411292394,,,,,,,,,,,,,,2020-05-19,2,,,,,NIFTY_AUTO,912586.9061487438,0.0,0.110734980641004,
2020-05-18,2020-05-19,NIFTY_AUTO,KEEP,EXIDEIND,SELECTED,,3,,0.7684840261936188,,,,,,,,,,,,,,2020-05-19,3,,,,,NIFTY_AUTO,912586.9061487438,0.0,0.110734980641004,
2020-05-18,2020-05-19,NIFTY_AUTO,SKIP,APOLLOTYRE,ENTRY_FILTERED,,10,,0.14150321600027382,,,,,,,,,,,,,,2020-05-19,10,,,,,NIFTY_AUTO,912586.9061487438,0.0,,
2020-05-18,2020-05-19,NIFTY_METAL,KEEP,HINDZINC,SELECTED,,1,,0.9700483580430349,,,,,,,,,,,,,,2020-05-19,1,,,,,NIFTY_METAL,912586.9061487438,0.0,0.08787672673236314,
2020-05-18,2020-05-19,NIFTY_METAL,SKIP,RATNAMANI,ENTRY_FILTERED,,2,,0.9114401414990425,,,,,,,,,,,,,,2020-05-19,2,,,,,NIFTY_METAL,912586.9061487438,0.0,,
2020-05-18,2020-05-19,NIFTY_METAL,SKIP,APLAPOLLO,ENTRY_FILTERED,,3,,0.7434154363969963,,,,,,,,,,,,,,2020-05-19,3,,,,,NIFTY_METAL,912586.9061487438,0.0,,
2020-05-18,2020-05-19,NIFTY_METAL,KEEP,NMDC,SELECTED,,4,,0.5911865706245105,,,,,,,,,,,,,,2020-05-19,4,,,,,NIFTY_METAL,912586.9061487438,0.0,0.110734980641004,
2020-05-18,2020-05-19,NIFTY_METAL,SKIP,HINDCOPPER,ENTRY_FILTERED,,5,,0.5842935542265575,,,,,,,,,,,,,,2020-05-19,5,,,,,NIFTY_METAL,912586.9061487438,0.0,,
2020-05-18,2020-05-19,NIFTY_METAL,KEEP,COALINDIA,SELECTED,,6,,0.5334458748499553,,,,,,,,,,,,,,2020-05-19,6,,,,,NIFTY_METAL,912586.9061487438,0.0,0.110734980641004,
2020-05-18,2020-05-19,NIFTY_METAL,SKIP,NATIONALUM,ENTRY_FILTERED,,7,,0.4873417317867279,,,,,,,,,,,,,,2020-05-19,7,,,,,NIFTY_METAL,912586.9061487438,0.0,,
2020-05-18,2020-05-19,NIFTY_METAL,SKIP,WELCORP,ENTRY_FILTERED,,14,,0.10246827577551207,,,,,,,,,,,,,,2020-05-19,14,,,,,NIFTY_METAL,912586.9061487438,0.0,,
2020-05-18,2020-05-19,NIFTY_PHARMA,KEEP,DIVISLAB,SELECTED,,1,,0.7410909359653791,,,,,,,,,,,,,,2020-05-19,1,,,,,NIFTY_PHARMA,912586.9061487438,0.0,0.12987525528769872,
2020-05-18,2020-05-19,NIFTY_PHARMA,KEEP,DRREDDY,SELECTED,,2,,0.7063321707149347,,,,,,,,,,,,,,2020-05-19,2,,,,,NIFTY_PHARMA,912586.9061487438,0.0,0.110734980641004,
2020-05-18,2020-05-19,NIFTY_PHARMA,KEEP,CIPLA,SELECTED,,3,,0.6991707409421604,,,,,,,,,,,,,,2020-05-19,3,,,,,NIFTY_PHARMA,912586.9061487438,0.0,0.110734980641004,
2020-05-20,2020-05-21,NIFTY_AUTO,KEEP,MRF,SELECTED,,1,,0.9595847502350807,,,,,,,,,,,,,,2020-05-21,1,,,,,NIFTY_AUTO,918347.9120017678,0.0,0.1183832812808859,
2020-05-20,2020-05-21,NIFTY_AUTO,KEEP,BAJAJ-AUTO,SELECTED,,2,,0.8688599616289139,,,,,,,,,,,,,,2020-05-21,2,,,,,NIFTY_AUTO,918347.9120017678,0.0,0.11099174828957264,
2020-05-20,2020-05-21,NIFTY_AUTO,KEEP,EXIDEIND,SELECTED,,3,,0.7635376105705898,,,,,,,,,,,,,,2020-05-21,3,,,,,NIFTY_AUTO,918347.9120017678,0.0,0.11099174828957264,
2020-05-20,2020-05-21,NIFTY_AUTO,SKIP,APOLLOTYRE,ENTRY_FILTERED,,11,,0.14519613701850176,,,,,,,,,,,,,,2020-05-21,11,,,,,NIFTY_AUTO,918347.9120017678,0.0,,
2020-05-20,2020-05-21,NIFTY_METAL,KEEP,HINDZINC,SELECTED,,1,,0.9283218656977018,,,,,,,,,,,,,,2020-05-21,1,,,,,NIFTY_METAL,918347.9120017678,0.0,0.08491786700478364,
2020-05-20,2020-05-21,NIFTY_METAL,SKIP,APLAPOLLO,ENTRY_FILTERED,,2,,0.8117335910598438,,,,,,,,,,,,,,2020-05-21,2,,,,,NIFTY_METAL,918347.9120017678,0.0,,
2020-05-20,2020-05-21,NIFTY_METAL,SKIP,RATNAMANI,ENTRY_FILTERED,,3,,0.7966670766472816,,,,,,,,,,,,,,2020-05-21,3,,,,,NIFTY_METAL,918347.9120017678,0.0,,
2020-05-20,2020-05-21,NIFTY_METAL,KEEP,NMDC,SELECTED,,4,,0.6098213419318199,,,,,,,,,,,,,,2020-05-21,4,,,,,NIFTY_METAL,918347.9120017678,0.0,0.11099174828957264,
2020-05-20,2020-05-21,NIFTY_METAL,SKIP,NATIONALUM,ENTRY_FILTERED,,5,,0.5579337353507678,,,,,,,,,,,,,,2020-05-21,5,,,,,NIFTY_METAL,918347.9120017678,0.0,,
2020-05-20,2020-05-21,NIFTY_METAL,KEEP,TATASTEEL,SELECTED,,6,,0.5557395455737909,,,,,,,,,,,,,,2020-05-21,6,,,,,NIFTY_METAL,918347.9120017678,0.0,0.11099174828957264,
2020-05-20,2020-05-21,NIFTY_METAL,SKIP,HINDCOPPER,ENTRY_FILTERED,,8,,0.5354206326107185,,,,,,,,,,,,,,2020-05-21,8,,,,,NIFTY_METAL,918347.9120017678,0.0,,
2020-05-20,2020-05-21,NIFTY_METAL,SKIP,WELCORP,ENTRY_FILTERED,,14,,0.10383304829398791,,,,,,,,,,,,,,2020-05-21,14,,,,,NIFTY_METAL,918347.9120017678,0.0,,
2020-05-20,2020-05-21,NIFTY_PHARMA,KEEP,DRREDDY,SELECTED,,1,,0.702886302024126,,,,,,,,,,,,,,2020-05-21,1,,,,,NIFTY_PHARMA,918347.9120017678,0.0,0.11757728618534664,
2020-05-20,2020-05-21,NIFTY_PHARMA,KEEP,AUROPHARMA,SELECTED,,2,,0.6665430342157682,,,,,,,,,,,,,,2020-05-21,2,,,,,NIFTY_PHARMA,918347.9120017678,0.0,0.11757728618534664,
2020-05-20,2020-05-21,NIFTY_PHARMA,KEEP,CIPLA,SELECTED,,3,,0.6399300321936607,,,,,,,,,,,,,,2020-05-21,3,,,,,NIFTY_PHARMA,918347.9120017678,0.0,0.11757728618534664,
2020-05-21,2020-05-22,NIFTY_AUTO,KEEP,MRF,SELECTED,,1,,0.9367855389912924,,,,,,,,,,,,,,2020-05-22,1,,,,,NIFTY_AUTO,917596.7598773423,0.0,0.11844428768396957,
2020-05-21,2020-05-22,NIFTY_AUTO,KEEP,BAJAJ-AUTO,SELECTED,,2,,0.8953724304835002,,,,,,,,,,,,,,2020-05-22,2,,,,,NIFTY_AUTO,917596.7598773423,0.0,0.1103124608813169,
2020-05-21,2020-05-22,NIFTY_AUTO,KEEP,EXIDEIND,SELECTED,,3,,0.8067068581779798,,,,,,,,,,,,,,2020-05-22,3,,,,,NIFTY_AUTO,917596.7598773423,0.0,0.1103124608813169,
2020-05-21,2020-05-22,NIFTY_AUTO,SKIP,APOLLOTYRE,ENTRY_FILTERED,,11,,0.11952498151610295,,,,,,,,,,,,,,2020-05-22,11,,,,,NIFTY_AUTO,917596.7598773423,0.0,,
2020-05-21,2020-05-22,NIFTY_METAL,KEEP,HINDZINC,SELECTED,,1,,0.8814261356989543,,,,,,,,,,,,,,2020-05-22,1,,,,,NIFTY_METAL,917596.7598773423,0.0,0.0829543070762821,
2020-05-21,2020-05-22,NIFTY_METAL,SKIP,APLAPOLLO,ENTRY_FILTERED,,2,,0.8266937422255676,,,,,,,,,,,,,,2020-05-22,2,,,,,NIFTY_METAL,917596.7598773423,0.0,,
2020-05-21,2020-05-22,NIFTY_METAL,SKIP,RATNAMANI,ENTRY_FILTERED,,3,,0.740527305752039,,,,,,,,,,,,,,2020-05-22,3,,,,,NIFTY_METAL,917596.7598773423,0.0,,
2020-05-21,2020-05-22,NIFTY_METAL,KEEP,NMDC,SELECTED,,4,,0.6389855965971947,,,,,,,,,,,,,,2020-05-22,4,,,,,NIFTY_METAL,917596.7598773423,0.0,0.10972752310284103,
2020-05-21,2020-05-22,NIFTY_METAL,KEEP,TATASTEEL,SELECTED,,5,,0.5545466393232346,,,,,,,,,,,,,,2020-05-22,5,,,,,NIFTY_METAL,917596.7598773423,0.0,0.10972752310284103,
2020-05-21,2020-05-22,NIFTY_METAL,SKIP,NATIONALUM,ENTRY_FILTERED,,7,,0.5365469865500927,,,,,,,,,,,,,,2020-05-22,7,,,,,NIFTY_METAL,917596.7598773423,0.0,,
2020-05-21,2020-05-22,NIFTY_METAL,SKIP,HINDCOPPER,ENTRY_FILTERED,,8,,0.5254689728220304,,,,,,,,,,,,,,2020-05-22,8,,,,,NIFTY_METAL,917596.7598773423,0.0,,
2020-05-21,2020-05-22,NIFTY_METAL,SKIP,WELCORP,ENTRY_FILTERED,,14,,0.10407568886876106,,,,,,,,,,,,,,2020-05-22,14,,,,,NIFTY_METAL,917596.7598773423,0.0,,
2020-05-21,2020-05-22,NIFTY_PHARMA,KEEP,AUROPHARMA,SELECTED,,1,,0.6866768995920818,,,,,,,,,,,,,,2020-05-22,1,,,,,NIFTY_PHARMA,917596.7598773423,0.0,0.12185829055569618,
2020-05-21,2020-05-22,NIFTY_PHARMA,KEEP,DRREDDY,SELECTED,,2,,0.6384381155172985,,,,,,,,,,,,,,2020-05-22,2,,,,,NIFTY_PHARMA,917596.7598773423,0.0,0.11833157335786812,
2020-05-21,2020-05-22,NIFTY_PHARMA,KEEP,CIPLA,SELECTED,,3,,0.6322623416781425,,,,,,,,,,,,,,2020-05-22,3,,,,,NIFTY_PHARMA,917596.7598773423,0.0,0.11833157335786812,
2020-05-26,2020-05-27,NIFTY_AUTO,KEEP,MRF,SELECTED,,1,,0.9376174708207449,,,,,,,,,,,,,,2020-05-27,1,,,,,NIFTY_AUTO,922639.9296067077,0.0,0.11911914744565856,
2020-05-26,2020-05-27,NIFTY_AUTO,KEEP,BAJAJ-AUTO,SELECTED,,2,,0.8765735228856405,,,,,,,,,,,,,,2020-05-27,2,,,,,NIFTY_AUTO,922639.9296067077,0.0,0.11297079696438737,
2020-05-26,2020-05-27,NIFTY_AUTO,KEEP,EXIDEIND,SELECTED,,3,,0.8749352147181829,,,,,,,,,,,,,,2020-05-27,3,,,,,NIFTY_AUTO,922639.9296067077,0.0,0.11297079696438737,
2020-05-26,2020-05-27,NIFTY_AUTO,SKIP,APOLLOTYRE,ENTRY_FILTERED,,11,,0.17472198853890103,,,,,,,,,,,,,,2020-05-27,11,,,,,NIFTY_AUTO,922639.9296067077,0.0,,
2020-05-26,2020-05-27,NIFTY_METAL,KEEP,HINDZINC,SELECTED,,1,,0.8305452391505241,,,,,,,,,,,,,,2020-05-27,1,,,,,NIFTY_METAL,922639.9296067077,0.0,0.08225124370129532,
2020-05-26,2020-05-27,NIFTY_METAL,SKIP,APLAPOLLO,ENTRY_FILTERED,,2,,0.8034860715270042,,,,,,,,,,,,,,2020-05-27,2,,,,,NIFTY_METAL,922639.9296067077,0.0,,
2020-05-26,2020-05-27,NIFTY_METAL,SKIP,RATNAMANI,ENTRY_FILTERED,,3,,0.7234814390540123,,,,,,,,,,,,,,2020-05-27,3,,,,,NIFTY_METAL,922639.9296067077,0.0,,
2020-05-26,2020-05-27,NIFTY_METAL,KEEP,NMDC,SELECTED,,4,,0.6528951476017635,,,,,,,,,,,,,,2020-05-27,4,,,,,NIFTY_METAL,922639.9296067077,0.0,0.11297079696438737,
2020-05-26,2020-05-27,NIFTY_METAL,KEEP,JINDALSTEL,SELECTED,,5,,0.6302657785514991,,,,,,,,,,,,,,2020-05-27,5,,,,,NIFTY_METAL,922639.9296067077,0.0,0.11297079696438737,
2020-05-26,2020-05-27,NIFTY_METAL,SKIP,NATIONALUM,ENTRY_FILTERED,,9,,0.5249105642239253,,,,,,,,,,,,,,2020-05-27,9,,,,,NIFTY_METAL,922639.9296067077,0.0,,
2020-05-26,2020-05-27,NIFTY_METAL,SKIP,HINDCOPPER,ENTRY_FILTERED,,11,,0.5052599310874939,,,,,,,,,,,,,,2020-05-27,11,,,,,NIFTY_METAL,922639.9296067077,0.0,,
2020-05-26,2020-05-27,NIFTY_METAL,SKIP,WELCORP,ENTRY_FILTERED,,14,,0.10679411391417186,,,,,,,,,,,,,,2020-05-27,14,,,,,NIFTY_METAL,922639.9296067077,0.0,,
2020-05-26,2020-05-27,NIFTY_PHARMA,KEEP,CIPLA,SELECTED,,1,,0.7147442549467087,,,,,,,,,,,,,,2020-05-27,1,,,,,NIFTY_PHARMA,922639.9296067077,0.0,0.12080482706672184,
2020-05-26,2020-05-27,NIFTY_PHARMA,KEEP,BIOCON,SELECTED,,2,,0.700236689299345,,,,,,,,,,,,,,2020-05-27,2,,,,,NIFTY_PHARMA,922639.9296067077,0.0,0.11297079696438737,
2020-05-26,2020-05-27,NIFTY_PHARMA,KEEP,DRREDDY,SELECTED,,3,,0.6803822020689647,,,,,,,,,,,,,,2020-05-27,3,,,,,NIFTY_PHARMA,922639.9296067077,0.0,0.11297079696438737,
2020-05-28,2020-05-29,NIFTY_AUTO,KEEP,MRF,SELECTED,,1,,0.8925930534799894,,,,,,,,,,,,,,2020-05-29,1,,,,,NIFTY_AUTO,939975.9639905905,0.0,0.1190044547839598,
2020-05-28,2020-05-29,NIFTY_AUTO,KEEP,HEROMOTOCO,SELECTED,,2,,0.8412662148475647,,,,,,,,,,,,,,2020-05-29,2,,,,,NIFTY_AUTO,939975.9639905905,0.0,0.1126322396513934,
2020-05-28,2020-05-29,NIFTY_AUTO,KEEP,BAJAJ-AUTO,SELECTED,,3,,0.7874025528629621,,,,,,,,,,,,,,2020-05-29,3,,,,,NIFTY_AUTO,939975.9639905905,0.0,0.1126322396513934,
2020-05-28,2020-05-29,NIFTY_AUTO,SKIP,APOLLOTYRE,ENTRY_FILTERED,,11,,0.20921301717559498,,,,,,,,,,,,,,2020-05-29,11,,,,,NIFTY_AUTO,939975.9639905905,0.0,,
2020-05-28,2020-05-29,NIFTY_METAL,KEEP,HINDZINC,SELECTED,,1,,0.8404882624745369,,,,,,,,,,,,,,2020-05-29,1,,,,,NIFTY_METAL,939975.9639905905,0.0,0.08406656358088675,
2020-05-28,2020-05-29,NIFTY_METAL,SKIP,RATNAMANI,ENTRY_FILTERED,,2,,0.8137028043468794,,,,,,,,,,,,,,2020-05-29,2,,,,,NIFTY_METAL,939975.9639905905,0.0,,
2020-05-28,2020-05-29,NIFTY_METAL,SKIP,APLAPOLLO,ENTRY_FILTERED,,3,,0.7937440959115823,,,,,,,,,,,,,,2020-05-29,3,,,,,NIFTY_METAL,939975.9639905905,0.0,,
2020-05-28,2020-05-29,NIFTY_METAL,KEEP,JINDALSTEL,SELECTED,,4,,0.7018850743770599,,,,,,,,,,,,,,2020-05-29,4,,,,,NIFTY_METAL,939975.9639905905,0.0,0.1126322396513934,
2020-05-28,2020-05-29,NIFTY_METAL,KEEP,NMDC,SELECTED,,5,,0.6729070097208023,,,,,,,,,,,,,,2020-05-29,5,,,,,NIFTY_METAL,939975.9639905905,0.0,0.1126322396513934,
2020-05-28,2020-05-29,NIFTY_METAL,SKIP,NATIONALUM,ENTRY_FILTERED,,8,,0.5882627889513969,,,,,,,,,,,,,,2020-05-29,8,,,,,NIFTY_METAL,939975.9639905905,0.0,,
2020-05-28,2020-05-29,NIFTY_METAL,SKIP,HINDCOPPER,ENTRY_FILTERED,,11,,0.5255197236935298,,,,,,,,,,,,,,2020-05-29,11,,,,,NIFTY_METAL,939975.9639905905,0.0,,
2020-05-28,2020-05-29,NIFTY_METAL,SKIP,WELCORP,ENTRY_FILTERED,,14,,0.108998604118824,,,,,,,,,,,,,,2020-05-29,14,,,,,NIFTY_METAL,939975.9639905905,0.0,,
2020-05-28,2020-05-29,NIFTY_PHARMA,KEEP,DRREDDY,SELECTED,,1,,0.7116005569696426,,,,,,,,,,,,,,2020-05-29,1,,,,,NIFTY_PHARMA,939975.9639905905,0.0,0.11546667434319326,
2020-05-28,2020-05-29,NIFTY_PHARMA,KEEP,CIPLA,SELECTED,,2,,0.6911475211381912,,,,,,,,,,,,,,2020-05-29,2,,,,,NIFTY_PHARMA,939975.9639905905,0.0,0.11546667434319326,
2020-05-28,2020-05-29,NIFTY_PHARMA,KEEP,BIOCON,SELECTED,,3,,0.6517869575570028,,,,,,,,,,,,,,2020-05-29,3,,,,,NIFTY_PHARMA,939975.9639905905,0.0,0.11546667434319326,
