decision_date,exit_date,universe,action,symbol,reason,entry_date,entry_rank,exit_rank,score,exit_price,quantity,gross_value,cost_value,brokerage,stt,exchange_charge,sebi_charge,gst,stamp_duty,sell_transaction_cost,net_value,realized_pnl,entry_price,buy_transaction_cost,invested_amount,total_transaction_cost,net_realized_pnl,holding_days,proceeds,gross_realized_pnl,return_pct,sell_reason
2020-05-05,2020-05-06,NIFTY_AUTO,SELL,BAJAJ-AUTO,RANK_EXIT,2020-05-05,2,2.0,0.8112624784310659,2131.587646484375,51.99789367173698,110838.06779388261,111111.11111111111,0.0,110.83806779388262,3.2918906134783135,0.11083806779388261,0.6124911626289953,0.0,114.85328763778381,110723.21450624483,-387.8966048662842,2134.3039185939965,131.8028888888889,111111.11111111111,246.6561765266727,-387.8966048662842,1,110838.06779388261,-273.0433172284975,-0.0034910694437965575,RANK_EXIT
2020-05-05,2020-05-06,NIFTY_AUTO,SELL,EXIDEIND,RANK_EXIT,2020-05-05,3,3.0,0.6775227561593056,141.09738159179688,773.9424065414852,109201.24706585752,111111.11111111111,0.0,109.20124706585752,3.243277037855968,0.10920124706585752,0.6034460912859286,0.0,113.15717144206528,109088.08989441545,-2023.0212166956626,143.39478917837727,131.8028888888889,111111.11111111111,244.96006033095418,-2023.0212166956626,1,109201.24706585752,-1909.864045253591,-0.018207190950260965,RANK_EXIT
2020-05-05,2020-05-06,NIFTY_METAL,SELL,HINDZINC,RANK_EXIT,2020-05-05,1,3.0,0.9241232400139173,91.91889953613281,1217.7816593359203,111937.15000144357,111111.11111111111,0.0,111.93715000144357,3.324533355042874,0.11193715000144357,0.618564690907977,0.0,115.99218519739586,111821.15781624618,710.0467051350715,91.13235313688446,131.8028888888889,111111.11111111111,247.79507408628476,710.0467051350715,1,111937.15000144357,826.0388903324638,0.006390420346215644,RANK_EXIT
2020-05-05,2020-05-06,NIFTY_METAL,SELL,COALINDIA,RANK_EXIT,2020-05-05,2,4.0,0.8638840913772583,80.32720947265625,1284.1398260590656,103151.36880002693,111111.11111111111,0.0,103.15136880002693,3.0635956533608,0.10315136880002693,0.5700144639889488,0.0,106.88813028617672,103044.48066974076,-8066.630441370347,86.42307167032571,131.8028888888889,111111.11111111111,238.6910191750656,-8066.630441370347,1,103151.36880002693,-7959.742311084177,-0.07259967397233313,RANK_EXIT
2020-05-05,2020-05-06,NIFTY_METAL,SELL,NMDC,RANK_EXIT,2020-05-05,3,6.0,0.6728673540055752,12.85600471496582,8308.770191826163,106817.58876168462,111111.11111111111,0.0,106.81758876168462,3.172482386222033,0.10681758876168461,0.5902739954970692,0.0,110.6871627321654,106706.90159895245,-4404.209512158661,13.35688744062259,131.8028888888889,111111.11111111111,242.4900516210543,-4404.209512158661,1,106817.58876168462,-4293.522349426494,-0.03963788560942795,RANK_EXIT
2020-05-05,2020-05-06,NIFTY_PHARMA,SELL,DRREDDY,RANK_EXIT,2020-05-05,2,2.0,0.8965024724602699,741.8790283203125,144.79998908458262,107424.075202862,111111.11111111111,0.0,107.42407520286201,3.1904950335250017,0.107424075202862,0.5936254395710154,0.0,111.31561975116088,107312.75958311085,-3798.351528000261,766.4317443932638,131.8028888888889,111111.11111111111,243.11850864004978,-3798.351528000261,1,107424.075202862,-3687.035908249105,-0.034185163752002354,RANK_EXIT
2020-05-05,2020-05-06,NIFTY_PHARMA,SELL,DIVISLAB,RANK_EXIT,2020-05-05,3,3.0,0.7597706342736881,2222.69482421875,50.328733968998144,111865.41650237456,111111.11111111111,0.0,111.86541650237456,3.3224028701205244,0.11186541650237455,0.6181682915921218,0.0,115.91785308058958,111749.49864929396,638.3875381828548,2205.0884151106216,131.8028888888889,111111.11111111111,247.72074196947847,638.3875381828548,1,111865.41650237456,754.3053912634496,0.005745487843645693,RANK_EXIT
2020-05-06,2020-05-07,NIFTY_PHARMA,SELL,BIOCON,RANK_EXIT,2020-05-05,1,2.0,0.9256696576873462,345.8105163574219,305.9242016948577,105791.80615433081,111111.11111111111,0.0,105.79180615433081,3.1420166427836254,0.10579180615433081,0.5846055208088321,0.0,109.62422012407761,105682.18193420673,-5428.9291769043775,362.7673378156524,131.8028888888889,111111.11111111111,241.42710901296653,-5428.9291769043775,2,105791.80615433081,-5319.3049567802955,-0.0488603625921394,RANK_EXIT
2020-05-07,2020-05-08,NIFTY_AUTO,SELL,BAJAJ-AUTO,RANK_EXIT,2020-05-07,2,2.0,0.8209736769398054,2086.0556640625,59.43246816056818,123979.43683556744,126741.01711966742,0.0,123.97943683556744,3.682189274016353,0.12397943683556743,0.6851103679533457,0.0,128.4707159143727,123850.96611965307,-2890.051000014355,2129.9918638392187,150.3434897737946,126741.01711966742,278.8142056881673,-2890.051000014355,1,123979.43683556744,-2761.5802840999822,-0.022802807375970496,RANK_EXIT
2020-05-07,2020-05-08,NIFTY_AUTO,SELL,EXIDEIND,RANK_EXIT,2020-05-07,3,4.0,0.6665901094675064,140.4273223876953,912.0363777530632,128074.82644803528,126741.01711966742,0.0,128.07482644803528,3.803822345506648,0.12807482644803528,0.7077414909518429,0.0,132.7144651109418,127942.11198292434,1201.0948632569198,138.80002675087206,150.3434897737946,126741.01711966742,283.05795488473643,1201.0948632569198,1,128074.82644803528,1333.8093283678609,0.009476765222128996,RANK_EXIT
2020-05-07,2020-05-08,NIFTY_METAL,SELL,HINDZINC,RANK_EXIT,2020-05-07,1,2.0,1.000000002483527,95.0922622680664,918.4039238805113,87333.10679766689,84494.01141311161,0.0,87.33310679766689,2.5937932718907066,0.08733310679766688,0.4826027481639072,0.0,90.49683592451917,87242.60996174236,2748.5985486307472,91.89179208135559,100.22899318252975,84494.01141311161,190.72582910704892,2748.5985486307472,1,87333.10679766689,2839.095384555272,0.03253009891070487,RANK_EXIT
2020-05-07,2020-05-08,NIFTY_METAL,SELL,COALINDIA,RANK_EXIT,2020-05-07,2,4.0,0.7129301379124324,77.4744644165039,1080.9314447023194,83744.58474927,84494.01141311161,0.0,83.74458474927,2.487214167053319,0.08374458474926999,0.46277257532446603,0.0,86.77831607639706,83657.8064331936,-836.2049799180095,78.07505539185281,100.22899318252975,84494.01141311161,187.0073092589268,-836.2049799180095,1,83744.58474927,-749.4266638416157,-0.009896618303865366,RANK_EXIT
2020-05-07,2020-05-08,NIFTY_METAL,SELL,NMDC,RANK_EXIT,2020-05-07,3,7.0,0.5973459718128046,12.85600471496582,6587.054670622449,84683.20590325983,84494.01141311161,0.0,84.68320590325983,2.5150912153268172,0.08468320590325983,0.4679593958214139,0.0,87.75093972031132,84595.45496353952,101.44355042790994,12.812066491009437,100.22899318252975,84494.01141311161,187.97993290284109,101.44355042790994,1,84683.20590325983,189.1944901482202,0.0012006004772566418,RANK_EXIT
2020-05-07,2020-05-08,NIFTY_PHARMA,SELL,DRREDDY,RANK_EXIT,2020-05-07,1,2.0,0.90469840914011,767.2020874023438,158.85881708939476,121876.81607325078,119721.40539118052,0.0,121.87681607325078,3.619741437375548,0.12187681607325078,0.6734912856207838,0.0,126.29192561232037,121750.52414763847,2029.118756457945,752.7400174461701,142.0166438315585,119721.40539118052,268.30856944387887,2029.118756457945,1,121876.81607325078,2155.410682070258,0.016948671374412576,RANK_EXIT
2020-05-07,2020-05-08,NIFTY_PHARMA,SELL,DIVISLAB,RANK_EXIT,2020-05-07,3,3.0,0.7995376611749332,2231.86181640625,54.05881142013588,120651.7970489074,119721.40539118052,0.0,120.65179704890741,3.58335837235255,0.1206517970489074,0.6667218304922623,0.0,125.02252904880113,120526.7745198586,805.3691286780813,2212.024008778112,142.0166438315585,119721.40539118052,267.0391728803596,805.3691286780813,1,120651.7970489074,930.3916577268828,0.006727027017821912,RANK_EXIT
2020-05-08,2020-05-11,NIFTY_PHARMA,SELL,BIOCON,RANK_EXIT,2020-05-07,2,2.0,0.8811348428328832,347.63970947265625,341.6913024832307,118785.46512460383,119721.40539118052,0.0,118.78546512460383,3.5279283142007336,0.11878546512460382,0.6564084802785607,0.0,123.08858738420773,118662.37653721962,-1059.0288539609028,349.9632208321065,142.0166438315585,119721.40539118052,265.10523121576625,-1059.0288539609028,4,118785.46512460383,-935.9402665766975,-0.008845776997861052,RANK_EXIT
2020-05-11,2020-05-12,NIFTY_AUTO,SELL,BAJAJ-AUTO,RANK_EXIT,2020-05-11,2,2.0,0.7203996554017067,2266.975830078125,59.54646668327129,134990.40073752834,124927.708021425,0.0,134.99040073752835,4.009214901904592,0.13499040073752833,0.7459569544755816,0.0,139.88056299464606,134850.52017453368,9922.81215310868,2095.498229806884,148.1924953754229,124927.708021425,288.07305837006896,9922.81215310868,1,134990.40073752834,10062.692716103338,0.0794284335337916,RANK_EXIT
2020-05-11,2020-05-12,NIFTY_AUTO,SELL,EXIDEIND,RANK_EXIT,2020-05-11,3,4.0,0.5991922443111738,145.8357391357422,874.853908581585,127584.96639378846,124927.708021425,0.0,127.58496639378846,3.7892735018955173,0.12758496639378847,0.7050345242920749,0.0,132.20685938636984,127452.7595344021,2525.051512977094,142.62897416593435,148.1924953754229,124927.708021425,280.3993547617928,2525.051512977094,1,127584.96639378846,2657.25837236346,0.020212101486277563,RANK_EXIT
2020-05-11,2020-05-12,NIFTY_METAL,SELL,HINDZINC,RANK_EXIT,2020-05-11,1,2.0,1.000000002483527,97.61466217041016,859.836190790302,83932.61928588766,83285.13868095,0.0,83.93261928588767,2.4927987927908637,0.08393261928588766,0.46381165417381526,0.0,86.97316235213823,83845.64612353552,560.5074425855273,96.74673452343744,98.79499691694859,83285.13868095,185.76815926908682,560.5074425855273,1,83932.61928588766,647.4806049376639,0.006729981500453856,RANK_EXIT
2020-05-11,2020-05-12,NIFTY_METAL,SELL,COALINDIA,RANK_EXIT,2020-05-11,2,4.0,0.6474964320659637,76.1832275390625,1064.2385473430052,81077.1274080735,83285.13868095,0.0,81.07712740807351,2.407990684019783,0.0810771274080735,0.44803220605701416,0.0,84.01422742555837,80993.11318064794,-2292.0255003020575,78.16512932341851,98.79499691694859,83285.13868095,182.80922434250698,-2292.0255003020575,1,81077.1274080735,-2208.0112728764943,-0.027520221933980134,RANK_EXIT
2020-05-11,2020-05-12,NIFTY_METAL,SELL,NMDC,RANK_EXIT,2020-05-11,3,5.0,0.5880873029430708,12.469358444213867,6413.631528950957,79973.8704636009,83285.13868095,0.0,79.9738704636009,2.375223952768947,0.0799738704636009,0.4419356081818586,0.0,82.87100389501532,79890.9994597059,-3394.1392212440987,12.970240542901815,98.79499691694859,83285.13868095,181.6660008119639,-3394.1392212440987,1,79973.8704636009,-3311.2682173490903,-0.040753239713587075,RANK_EXIT
2020-05-11,2020-05-12,NIFTY_PHARMA,SELL,BIOCON,RANK_EXIT,2020-05-11,2,3.0,0.8886721854408582,339.58148193359375,345.22538458335373,117232.14769791008,122839.26419335655,0.0,117.2321476979101,3.4817947866279297,0.11723214769791009,0.6478248481786512,0.0,121.47899948041459,117110.66869842967,-5728.595494926878,355.4012959169446,145.71512900702857,122839.26419335655,267.19412848744315,-5728.595494926878,1,117232.14769791008,-5607.116495446462,-0.046634889361676056,RANK_EXIT
2020-05-11,2020-05-12,NIFTY_PHARMA,SELL,DIVISLAB,RANK_EXIT,2020-05-11,3,2.0,0.7308106993635496,2292.731201171875,54.54218706143314,125050.5740559007,122839.26419335655,0.0,125.0505740559007,3.714002049460251,0.1250505740559007,0.6910294722329072,0.0,129.58065615164978,124920.99339974904,2081.729206392498,2249.516487598025,145.71512900702857,122839.26419335655,275.2957851586783,2081.729206392498,1,125050.5740559007,2211.309862544149,0.016946773656310154,RANK_EXIT
2020-05-12,2020-05-13,NIFTY_PHARMA,SELL,DRREDDY,RANK_EXIT,2020-05-11,1,3.0,0.8405025862157345,727.8405151367188,160.17266392413072,116580.15422135983,122839.26419335655,0.0,116.58015422135983,3.462430580374387,0.11658015422135982,0.6442219322272345,0.0,120.80338688818281,116459.35083447165,-6379.913358884893,766.0080444342613,145.71512900702857,122839.26419335655,266.5185158952114,-6379.913358884893,2,116580.15422135983,-6259.109971996717,-0.05193708543257405,RANK_EXIT
2020-05-13,2020-05-14,NIFTY_AUTO,SELL,BAJAJ-AUTO,RANK_EXIT,2020-05-13,2,2.0,0.8996267492572467,2330.616455078125,52.127284927122716,121488.70800969812,124844.11676183397,0.0,121.48870800969813,3.6082146278880343,0.12148870800969812,0.6713466004615918,0.0,125.88975794605744,121362.81825175206,-3481.298510081906,2392.1449889231153,148.09333724992325,124844.11676183397,273.9830951959807,-3481.298510081906,1,121488.70800969812,-3355.408752135845,-0.02788516271634333,RANK_EXIT
2020-05-13,2020-05-14,NIFTY_AUTO,SELL,HEROMOTOCO,RANK_EXIT,2020-05-13,3,3.0,0.741141065955162,1833.1978759765625,69.30426781069916,127048.43654668455,124844.11676183397,0.0,127.04843654668456,3.7733385654365312,0.12704843654668455,0.7020696603569788,0.0,131.65089320902476,126916.78565347553,2072.6688916415587,1799.2546110606702,148.09333724992325,124844.11676183397,279.744230458948,2072.6688916415587,1,127048.43654668455,2204.3197848505806,0.01660205498986872,RANK_EXIT
2020-05-13,2020-05-14,NIFTY_METAL,SELL,HINDZINC,RANK_EXIT,2020-05-13,1,2.0,1.000000002483527,101.33049774169922,798.1725941713953,80879.22625117078,83229.41117455598,0.0,80.87922625117078,2.4021130196597724,0.08087922625117078,0.44693860426396975,0.0,83.80915710134569,80795.41709406943,-2433.9940804865473,104.15126113087891,98.72889149994884,83229.41117455598,182.53804860129452,-2433.9940804865473,1,80879.22625117078,-2350.184923385197,-0.029244398658327196,RANK_EXIT
2020-05-13,2020-05-14,NIFTY_METAL,SELL,JSWSTEEL,RANK_EXIT,2020-05-13,2,5.0,0.5402487702667713,164.11082458496094,469.5657171350055,77060.81703585427,83229.41117455598,0.0,77.06081703585427,2.288706265964872,0.07706081703585427,0.4258380749401307,0.0,79.85242219379514,76980.96461366047,-6248.446560895507,177.0373757059334,98.72889149994884,83229.41117455598,178.581313693744,-6248.446560895507,1,77060.81703585427,-6168.594138701708,-0.0750749821813676,RANK_EXIT
2020-05-13,2020-05-14,NIFTY_METAL,SELL,COALINDIA,RANK_EXIT,2020-05-13,3,4.0,0.4792254604399204,77.2642593383789,1044.663780594447,80715.17326526072,83229.41117455598,0.0,80.71517326526072,2.3972406459782434,0.08071517326526072,0.44603204746383074,0.0,83.63916113196805,80631.53410412875,-2597.877070427232,79.57649516263695,98.72889149994884,83229.41117455598,182.3680526319169,-2597.877070427232,1,80715.17326526072,-2514.2379092952615,-0.031213450074502363,RANK_EXIT
2020-05-13,2020-05-14,NIFTY_PHARMA,SELL,BIOCON,RANK_EXIT,2020-05-13,2,4.0,0.7567240049441656,331.37493896484375,349.42088823176084,115789.32551084124,122049.19478604653,0.0,115.78932551084124,3.4389429676719847,0.11578932551084124,0.6398518127729087,0.0,119.98390961679698,115669.34160122444,-6379.853184822088,348.87558518555585,144.77792813427283,122049.19478604653,264.76183775106983,-6379.853184822088,1,115789.32551084124,-6259.869275205288,-0.05227280029176788,RANK_EXIT
2020-05-13,2020-05-14,NIFTY_PHARMA,SELL,DRREDDY,RANK_EXIT,2020-05-13,3,2.0,0.7553611012796562,718.6741333007812,164.46789756126537,118198.82373564407,122049.19478604653,0.0,118.19882373564407,3.510505064948629,0.11819882373564405,0.6531666999631691,0.0,122.4806943242915,118076.34304131978,-3972.8517447267513,741.2049321813824,144.77792813427283,122049.19478604653,267.25862245856433,-3972.8517447267513,1,118198.82373564407,-3850.371050402464,-0.032551232736038944,RANK_EXIT
2020-05-15,2020-05-18,NIFTY_AUTO,SELL,BAJAJ-AUTO,RANK_EXIT,2020-05-15,2,2.0,0.8916912848750751,2136.41650390625,51.413680088609574,109841.03466786165,120072.20072660508,0.0,109.84103466786165,3.262278729635491,0.10984103466786165,0.6069815575746035,0.0,113.82013598973961,109727.21453187191,-10344.986194733166,2332.6431360978527,142.43276637911782,120072.20072660508,256.25290236885746,-10344.986194733166,3,109841.03466786165,-10231.16605874343,-0.08615638034558792,RANK_EXIT
2020-05-15,2020-05-18,NIFTY_AUTO,SELL,HEROMOTOCO,RANK_EXIT,2020-05-15,3,3.0,0.8061520010232925,1693.5003662109375,65.19855089857536,110413.76982315982,120072.20072660508,0.0,110.41376982315983,3.2792889637478466,0.11041376982315981,0.6101464920427812,0.0,114.41361904877361,110299.35620411104,-9772.844522494037,1839.4545017847402,142.43276637911782,120072.20072660508,256.84638542789145,-9772.844522494037,3,110413.76982315982,-9658.43090344526,-0.08139140003560051,RANK_EXIT
2020-05-15,2020-05-18,NIFTY_METAL,SELL,COALINDIA,RANK_EXIT,2020-05-15,2,5.0,0.4610788201292356,73.09024810791016,1026.42431162008,75021.60760030254,80048.13381773671,0.0,75.02160760030254,2.228141745728985,0.07502160760030253,0.41456940359927175,0.0,77.73934035723111,74943.8682599453,-5104.265557791412,77.89486057082449,94.95517758607855,80048.13381773671,172.69451794330968,-5104.265557791412,3,75021.60760030254,-5026.526217434177,-0.06376495383906665,RANK_EXIT
2020-05-15,2020-05-18,NIFTY_METAL,SELL,JSWSTEEL,RANK_EXIT,2020-05-15,3,7.0,0.4479760676622391,152.91720581054688,482.50821420070275,73783.8078962083,80048.13381773671,0.0,73.7838078962083,2.1913790945173863,0.0737838078962083,0.40772932243444704,0.0,76.45670012105634,73707.35119608724,-6340.782621649472,165.70324874696027,94.95517758607855,80048.13381773671,171.4118777071349,-6340.782621649472,3,73783.8078962083,-6264.32592152842,-0.07921212299698246,RANK_EXIT
2020-05-15,2020-05-18,NIFTY_PHARMA,SELL,DRREDDY,RANK_EXIT,2020-05-15,2,2.0,0.7409210751454036,708.496826171875,166.25273541473143,117789.5353837297,120072.20072660508,0.0,117.7895353837297,3.4983492008967723,0.1177895353837297,0.6509049725304903,0.0,122.05657909254069,117667.47880463715,-2404.7219219679246,721.3701937658413,142.43276637911782,120072.20072660508,264.4893454716585,-2404.7219219679246,3,117789.5353837297,-2282.665342875378,-0.020027299469952138,RANK_EXIT
2020-05-15,2020-05-18,NIFTY_PHARMA,SELL,AUROPHARMA,RANK_EXIT,2020-05-15,3,3.0,0.7102769985795021,647.27734375,186.67701293510314,120831.80107181794,120072.20072660508,0.0,120.83180107181795,3.588704491832993,0.12083180107181794,0.6677165327228659,0.0,125.20905389744563,120706.5920179205,634.39129131542,642.4452913327826,142.43276637911782,120072.20072660508,267.64182027656346,634.39129131542,3,120831.80107181794,759.6003452128643,0.0052834152074873585,RANK_EXIT
2020-05-19,2020-05-20,NIFTY_AUTO,SELL,BAJAJ-AUTO,RANK_EXIT,2020-05-19,2,2.0,0.795072615146637,2205.6630859375,46.539562589973244,102650.59524038181,101175.31016909552,0.0,102.6505952403818,3.0487226786393395,0.10265059524038181,0.5672471892983498,0.0,106.36921570355987,102544.22602467825,1368.9158555827307,2171.3846835205713,120.0167834806455,101175.31016909552,226.3859991842054,1368.9158555827307,1,102650.59524038181,1475.2850712862855,0.013530137474200425,RANK_EXIT
2020-05-19,2020-05-20,NIFTY_AUTO,SELL,EXIDEIND,RANK_EXIT,2020-05-19,3,3.0,0.7675311341881752,143.01185607910156,689.9953559723631,98677.51654356804,101175.31016909552,0.0,98.67751654356805,2.930722241343971,0.09867751654356803,0.5452919564197569,0.0,102.25220825787535,98575.26433531016,-2600.0458337853634,146.4579326671041,120.0167834806455,101175.31016909552,222.26899173852087,-2600.0458337853634,1,98677.51654356804,-2497.7936255274835,-0.02569842216880655,RANK_EXIT
2020-05-19,2020-05-20,NIFTY_METAL,SELL,NMDC,RANK_EXIT,2020-05-19,2,4.0,0.4580639799435934,12.495718955993652,7931.0259285194115,99103.87103547716,101175.31016909552,0.0,99.10387103547717,2.9433849697536716,0.09910387103547716,0.5476479913420468,0.0,102.69400786760836,99001.17702760955,-2174.133141485974,12.741768126394234,120.0167834806455,101175.31016909552,222.71079134825385,-2174.133141485974,1,99103.87103547716,-2071.4391336183617,-0.02148877169590406,RANK_EXIT
2020-05-19,2020-05-20,NIFTY_METAL,SELL,COALINDIA,RANK_EXIT,2020-05-19,3,6.0,0.340410643160188,74.02114868164062,1366.8856793881657,101178.44810479677,101175.31016909552,0.0,101.17844810479677,3.004999908712464,0.10117844810479677,0.559112104227107,0.0,104.84373856584114,101073.60436623092,-101.70580286459881,73.93104991110042,120.0167834806455,101175.31016909552,224.86052204648664,-101.70580286459881,1,101178.44810479677,3.1379357012483524,-0.0010052433018946684,RANK_EXIT
2020-05-19,2020-05-20,NIFTY_PHARMA,SELL,DRREDDY,RANK_EXIT,2020-05-19,2,2.0,0.7063321707149347,752.990234375,141.82387479977956,106791.99272545667,101175.31016909552,0.0,106.79199272545668,3.171722183946063,0.10679199272545667,0.5901325518008735,0.0,110.66063945392908,106681.33208600275,5506.0219169072225,712.5407730417752,120.0167834806455,101175.31016909552,230.67742293457457,5506.0219169072225,1,106791.99272545667,5616.682556361149,0.054420608226502507,RANK_EXIT
2020-05-19,2020-05-20,NIFTY_PHARMA,SELL,CIPLA,RANK_EXIT,2020-05-19,3,3.0,0.6991707409421604,592.2535400390625,176.50090341737553,104533.28486903332,101175.31016909552,0.0,104.53328486903332,3.1046385606102898,0.10453328486903332,0.5776509321862782,0.0,108.32010764669892,104424.96476138663,3249.6545922911027,572.5483067168626,120.0167834806455,101175.31016909552,228.33689112734442,3249.6545922911027,1,104533.28486903332,3357.9746999377967,0.0321190474915265,RANK_EXIT
2020-05-20,2020-05-21,NIFTY_PHARMA,SELL,DIVISLAB,RANK_EXIT,2020-05-13,1,4.0,0.7319805026054382,2286.71728515625,52.62556393764385,120339.7866973056,122049.19478604653,0.0,120.3397866973056,3.574091664909976,0.12033978669730559,0.6649976612893107,0.0,124.69921581020218,120215.08748149539,-1834.107304551144,2316.4486560629944,144.77792813427283,122049.19478604653,269.477143944475,-1834.107304551144,8,120339.7866973056,-1709.4080887409364,-0.015027606759441162,RANK_EXIT
2020-05-21,2020-05-22,NIFTY_AUTO,SELL,BAJAJ-AUTO,RANK_EXIT,2020-05-21,2,2.0,0.8657658348480861,2202.213623046875,44.86613996347607,98804.82464109483,102050.09476686972,0.0,98.80482464109484,2.9345032918405165,0.09880482464109483,0.54599546096669,0.0,102.38412821854314,98702.44051287629,-3347.6542539934308,2271.847775942651,121.05447571492479,102050.09476686972,223.43860393346793,-3347.6542539934308,1,98804.82464109483,-3245.270125774885,-0.03280402886093387,RANK_EXIT
2020-05-21,2020-05-22,NIFTY_AUTO,SELL,EXIDEIND,RANK_EXIT,2020-05-21,3,3.0,0.7460054010152817,147.5109100341797,705.6465488368807,104090.56458140649,102050.09476686972,0.0,104.0905645814065,3.0914897680677726,0.10409056458140649,0.5752044598768522,0.0,107.86134937393254,103982.70323203255,1932.6084651628335,144.44772734900317,121.05447571492479,102050.09476686972,228.91582508885733,1932.6084651628335,1,104090.56458140649,2040.469814536773,0.018937840965045822,RANK_EXIT
2020-05-21,2020-05-22,NIFTY_METAL,SELL,NMDC,RANK_EXIT,2020-05-21,2,4.0,0.4681045127411684,12.732980728149414,8111.481595247368,103283.3388290234,102050.09476686972,0.0,103.2833388290234,3.067515163221995,0.1032833388290234,0.5707437303691832,0.0,107.02488106144362,103176.31394796196,1126.2191810922377,12.566020041378934,121.05447571492479,102050.09476686972,228.0793567763684,1126.2191810922377,1,103283.3388290234,1233.2440621536807,0.011035944490449034,RANK_EXIT
2020-05-21,2020-05-22,NIFTY_METAL,SELL,TATASTEEL,RANK_EXIT,2020-05-21,3,5.0,0.3782985421518485,22.56450080871582,4366.867562246152,98536.18663985819,102050.09476686972,0.0,98.53618663985819,2.9265247432037884,0.09853618663985819,0.5445109673718563,0.0,102.1057585370737,98434.08088132112,-3616.0138855486002,23.341454449497054,121.05447571492479,102050.09476686972,223.16023425199847,-3616.0138855486002,1,98536.18663985819,-3513.9081270115275,-0.03543371413627074,RANK_EXIT
2020-05-21,2020-05-22,NIFTY_PHARMA,SELL,DRREDDY,RANK_EXIT,2020-05-21,1,2.0,0.702886302024126,749.6492309570312,141.95253532998072,106414.60894252085,108105.0923384116,0.0,106.41460894252086,3.160513885592869,0.10641460894252085,0.5880471290163701,0.0,110.26958456607261,106304.33935795477,-1800.752980456833,760.6546442875853,128.23707126422465,108105.0923384116,238.50665583029726,-1800.752980456833,1,106414.60894252085,-1690.4833958907548,-0.016657429742715224,RANK_EXIT
2020-05-21,2020-05-22,NIFTY_PHARMA,SELL,CIPLA,RANK_EXIT,2020-05-21,3,3.0,0.6399300321936607,610.0979614257812,182.31525465400478,111230.16520123048,108105.0923384116,0.0,111.23016520123049,3.3035359064765455,0.11123016520123048,0.6146578929019997,0.0,115.25958916581027,111114.90561206467,3009.813273653068,592.2535416581803,128.23707126422465,108105.0923384116,243.49666043003492,3009.813273653068,1,111230.16520123048,3125.072862818881,0.02784154944552625,RANK_EXIT
2020-05-22,2020-05-26,NIFTY_AUTO,SELL,BAJAJ-AUTO,RANK_EXIT,2020-05-22,2,2.0,0.8893939852714539,2211.785888671875,44.75041720670297,98978.3412899647,101342.57187245443,0.0,98.97834128996469,2.9396567363119512,0.09897834128996469,0.5469543139683448,0.0,102.56393068153494,98875.77735928317,-2466.794513171262,2261.931016447167,120.21519366197411,101342.57187245443,222.77912434350907,-2466.794513171262,4,98978.3412899647,-2364.230582489734,-0.024341147728872203,RANK_EXIT
2020-05-22,2020-05-26,NIFTY_AUTO,SELL,EXIDEIND,RANK_EXIT,2020-05-22,3,4.0,0.7860665271679561,152.67999267578125,689.3338666611331,105247.48971298977,101342.57187245443,0.0,105.24748971298978,3.1258504444757964,0.10524748971298976,0.5815976281539814,0.0,109.06018527533256,105138.42952771444,3795.8576552600134,146.84082934888204,120.21519366197411,101342.57187245443,229.27537893730667,3795.8576552600134,4,105247.48971298977,3904.917840535345,0.03745570676889198,RANK_EXIT
2020-05-22,2020-05-26,NIFTY_METAL,SELL,NMDC,RANK_EXIT,2020-05-22,2,4.0,0.5262948634723823,13.321739196777344,7710.5785155503,102718.31604043569,100805.19741464153,0.0,102.7183160404357,3.05073398640094,0.10271831604043569,0.5676214144394476,0.0,106.43938975731652,102611.87665067837,1806.6792360368418,13.058114830874953,119.57774610838057,100805.19741464153,226.01713586569707,1806.6792360368418,4,102718.31604043569,1913.118625794159,0.017922481006663146,RANK_EXIT
2020-05-22,2020-05-26,NIFTY_METAL,SELL,TATASTEEL,RANK_EXIT,2020-05-22,3,6.0,0.37119579191009205,23.057802200317383,4389.355436471111,101208.88944103864,100805.19741464153,0.0,101.20888944103865,3.0059040163988477,0.10120888944103863,0.5592803230511796,0.0,104.87528266992972,101104.01415836871,298.8167437271768,22.938588848817606,119.57774610838057,100805.19741464153,224.45302877831028,298.8167437271768,4,101208.88944103864,403.6920263971115,0.002964298978534364,RANK_EXIT
2020-05-22,2020-05-26,NIFTY_PHARMA,SELL,AUROPHARMA,RANK_EXIT,2020-05-21,2,3.0,0.6866768995920818,690.9090576171875,158.30835306445485,109376.67502869149,108105.0923384116,0.0,109.3766750286915,3.2484872483521374,0.10937667502869149,0.6044155062085491,0.0,113.33895445828087,109263.33607423322,1158.243735821612,682.0666956416688,128.23707126422465,108105.0923384116,241.5760257225055,1158.243735821612,5,109376.67502869149,1271.5826902798872,0.010714053434188391,RANK_EXIT
2020-05-22,2020-05-26,NIFTY_PHARMA,SELL,DRREDDY,RANK_EXIT,2020-05-22,2,2.0,0.6384381155172985,744.1513671875,146.81249169914784,109250.71641812436,108709.62248500972,0.0,109.25071641812436,3.2447462776182934,0.10925071641812435,0.6037194589265551,0.0,113.20843287108733,109137.50798525327,427.8855002435448,739.5873951030972,128.95418064190312,108709.62248500972,242.16261351299045,427.8855002435448,4,109250.71641812436,541.0939331146365,0.003936040715278422,RANK_EXIT
2020-05-27,2020-05-28,NIFTY_AUTO,SELL,BAJAJ-AUTO,RANK_EXIT,2020-05-27,2,2.0,0.8733883748451869,2242.096923828125,47.04931730877711,105489.12960622252,104355.15695925518,0.0,105.48912960622252,3.1330271493048087,0.10548912960622252,0.5829329302039856,0.0,109.31057881533754,105379.81902740718,1024.6620681519998,2215.3640928471355,123.78880041914944,104355.15695925518,233.09937923448697,1024.6620681519998,1,105489.12960622252,1133.9726469673333,0.009818988328023623,RANK_EXIT
2020-05-27,2020-05-28,NIFTY_AUTO,SELL,EXIDEIND,RANK_EXIT,2020-05-27,3,4.0,0.8526964982350668,151.91419982910156,678.0025711637045,102998.21808040766,104355.15695925518,0.0,102.99821808040767,3.0590470769881075,0.10299821808040766,0.5691681531123327,0.0,106.7294315285885,102891.48864887908,-1463.6683103761025,153.7329983571246,123.78880041914944,104355.15695925518,230.51823194773795,-1463.6683103761025,1,102998.21808040766,-1356.938878847519,-0.014025835933988222,RANK_EXIT
2020-05-27,2020-05-28,NIFTY_METAL,SELL,NMDC,RANK_EXIT,2020-05-27,2,5.0,0.5746906126538913,13.875347137451172,7855.245783127219,108994.26209088964,104355.15695925518,0.0,108.99426209088963,3.237129584099422,0.10899426209088962,0.602302292314256,0.0,112.9426882293942,108881.31940266024,4526.162443405061,13.26901424048643,123.78880041914944,104355.15695925518,236.73148864854363,4526.162443405061,1,108994.26209088964,4639.105131634453,0.043372676303599186,RANK_EXIT
2020-05-27,2020-05-28,NIFTY_METAL,SELL,JINDALSTEL,RANK_EXIT,2020-05-27,3,4.0,0.524231344461441,117.44025421142578,968.4327224071881,113732.98510616331,104355.15695925518,0.0,113.73298510616331,3.3778696576530503,0.11373298510616331,0.6284884756966584,0.0,117.85307622461919,113615.13202993869,9259.975070683504,107.6289201584938,123.78880041914944,104355.15695925518,241.64187664376863,9259.975070683504,1,113732.98510616331,9377.828146908127,0.08873519374130215,RANK_EXIT
2020-05-27,2020-05-28,NIFTY_PHARMA,SELL,BIOCON,RANK_EXIT,2020-05-27,2,3.0,0.700236689299345,341.5589599609375,294.4658519174487,100577.4501249352,104355.15695925518,0.0,100.57745012493521,2.9871502687105758,0.1005774501249352,0.555790989390392,0.0,104.22096883316111,100473.22915610204,-3881.927803153143,353.9675907414097,123.78880041914944,104355.15695925518,228.00976925231055,-3881.927803153143,1,100577.4501249352,-3777.706834319979,-0.03719919471415119,RANK_EXIT
2020-05-27,2020-05-28,NIFTY_PHARMA,SELL,DRREDDY,RANK_EXIT,2020-05-27,3,2.0,0.6803822020689647,748.6671142578125,140.0511239095672,104851.670785939,104355.15695925518,0.0,104.851670785939,3.1140946223423884,0.104851670785939,0.5794103327630988,0.0,108.65002741183044,104743.02075852717,387.8637992719887,744.2379985907115,123.78880041914944,104355.15695925518,232.43882783097987,387.8637992719887,1,104851.670785939,496.5138266838185,0.0037167669578938747,RANK_EXIT
2020-05-28,2020-05-29,NIFTY_PHARMA,SELL,CIPLA,RANK_EXIT,2020-05-22,3,2.0,0.7319563254714012,618.495361328125,184.50903286395427,114117.98094949429,108709.62248500972,0.0,114.1179809494943,3.3893040341999803,0.11411798094949428,0.6306159627269055,0.0,118.25201892737067,113999.72893056693,5290.106445557205,588.4842959663042,128.95418064190312,108709.62248500972,247.2061995692738,5290.106445557205,7,114117.98094949429,5408.358464484569,0.048662724831802937,RANK_EXIT
