Trading Date,2026-07-31

Rank,Symbol,Score,Avg Daily Traded Value,return_9m,return_6m,return_3m,volatility_3m
1,HFCL,0.8172,4758864945.0,151.35,194.62,50.59,61.08
2,CPPLUS,0.7612,581161783.0,146.89,140.7,41.54,45.29
3,LAURUSLABS,0.6777,3331873854.0,89.2,86.79,56.17,27.64
4,KIRLOSENG,0.6535,1329298318.0,143.93,99.79,28.95,56.8
5,WELCORP,0.6448,2121162351.0,82.6,122.85,32.06,37.84
6,RRKABEL,0.6336,1408619517.0,86.4,93.57,46.99,41.06
7,ATHERENERG,0.6113,5283892242.0,78.46,109.58,34.39,44.22
8,AEGISLOG,0.6027,2448858595.0,59.53,83.76,80.76,59.77
9,ADANIENSOL,0.5908,4101497727.0,73.87,93.78,22.59,31.86
10,CEMPRO,0.587,950711793.0,63.77,117.79,43.37,57.33
11,SYRMA,0.582,1882229681.0,70.37,89.07,34.19,40.3
12,HONASA,0.5601,395384631.0,62.7,66.28,31.99,30.64
13,LLOYDSME,0.5421,887254815.0,54.27,86.08,16.09,31.03
14,SONACOMS,0.5406,2160631929.0,60.0,58.7,27.07,29.14
15,BHARATFORG,0.5401,1456819854.0,69.74,51.39,19.54,25.23
16,APARINDS,0.5339,1814943747.0,59.58,99.04,16.36,45.19
17,SAILIFE,0.5208,406407726.0,49.75,60.33,22.97,28.83
18,POWERINDIA,0.5171,4611954863.0,89.76,81.95,-4.61,44.56
19,ACUTAAS,0.5136,1297445218.0,81.09,66.71,16.01,49.1
20,RADICO,0.5134,1570055679.0,35.06,58.03,28.08,25.81
21,BHEL,0.5055,5177577926.0,71.48,56.75,7.94,34.62
22,SCHNEIDER,0.5027,474089204.0,57.15,114.07,8.97,59.26
23,FEDERALBNK,0.4957,2230780861.0,52.76,24.77,22.64,21.61
24,HSCL,0.4911,7532752830.0,54.74,63.12,22.28,45.59
25,GRANULES,0.4908,1031389017.0,48.01,45.96,17.86,28.54
26,JBCHEPHARM,0.4901,825022644.0,45.71,27.9,20.26,19.44
27,CAPLIPOINT,0.4826,271081878.0,25.08,45.72,45.24,40.03
28,CRAFTSMAN,0.4825,459972170.0,48.06,37.16,28.43,35.89
29,NYKAA,0.4807,1876889583.0,30.67,40.97,25.93,25.97
30,ACMESOLAR,0.4803,641193488.0,27.97,75.15,19.73,38.2
31,EMCURE,0.4802,234689811.0,46.32,36.54,15.96,25.28
32,TORNTPHARM,0.4774,3074868359.0,44.5,30.55,20.72,25.97
33,ANANDRATHI,0.4764,704479638.0,30.5,44.31,15.22,20.8
34,GLAND,0.4745,1120864573.0,30.49,48.13,37.86,42.14
35,AUROPHARMA,0.4744,1276995455.0,44.35,38.63,14.84,26.81
36,BELRISE,0.4742,1150635070.0,58.8,47.87,9.73,36.75
37,MOTHERSON,0.4717,2079545306.0,40.37,32.79,25.37,30.85
38,SAREGAMA,0.4699,261777163.0,15.46,62.05,52.06,54.02
39,NEULANDLAB,0.4689,645436142.0,20.54,48.82,26.93,29.88
40,AJANTPHARM,0.4677,361012649.0,45.13,28.42,22.76,30.99
41,LALPATHLAB,0.4662,623978544.0,25.9,39.1,39.69,39.4
42,WOCKPHARMA,0.4653,1043884943.0,51.11,44.45,37.52,56.53
43,DIVISLAB,0.4627,2984995968.0,24.13,33.03,21.7,21.81
44,MINDACORP,0.462,163199932.0,24.18,29.24,34.77,30.73
45,NAVINFLUOR,0.4609,893986482.0,50.0,29.06,11.08,27.73
46,ADANIGREEN,0.46,3937030043.0,37.72,68.06,7.15,38.77
47,REDINGTON,0.4585,1657496881.0,25.83,26.46,48.3,42.72
48,STARHEALTH,0.4584,326175145.0,23.31,41.35,14.33,21.71
49,GABRIEL,0.458,1013805605.0,12.5,60.74,40.16,46.88
50,SOLARINDS,0.4577,2093780317.0,31.2,44.06,19.12,32.29
51,ASTERDM,0.4546,338910213.0,18.33,49.0,17.27,26.86
52,NUVAMA,0.4545,1118008245.0,23.5,37.7,36.99,39.94
53,KALYANKJIL,0.4544,23863914074.0,19.37,66.29,50.66,64.27
54,APOLLOHOSP,0.4542,2102082357.0,14.44,31.84,17.29,15.24
55,OFSS,0.4517,4848311563.0,35.85,43.61,18.26,36.76
56,FLUOROCHEM,0.45,774576629.0,21.52,44.83,16.42,27.8
57,CHENNPETRO,0.4491,2323833362.0,50.69,49.51,13.47,46.37
58,BALRAMCHIN,0.4491,410434722.0,27.54,44.76,12.5,28.7
59,ADANIENT,0.449,4156992829.0,18.66,49.11,22.29,33.6
60,IDEA,0.4446,3788469774.0,39.0,29.45,20.46,35.79
61,RAINBOW,0.4432,118106513.0,12.17,28.38,21.0,19.64
62,BAJAJ-AUTO,0.4403,4850532317.0,28.98,23.84,15.3,24.15
63,AIAENG,0.4396,301709576.0,36.8,23.09,16.24,29.62
64,JINDALSAW,0.439,434514866.0,44.02,43.34,12.3,42.25
65,ZYDUSLIFE,0.4389,1206571521.0,12.54,25.63,24.87,23.37
66,NAM-INDIA,0.4381,849003211.0,31.08,40.64,15.18,35.53
67,IPCALAB,0.4369,391457499.0,36.89,19.48,14.17,27.15
68,MANAPPURAM,0.4368,1454436942.0,35.15,25.66,21.22,35.24
69,EXIDEIND,0.4365,2551383677.0,17.55,40.91,25.19,36.12
70,VIJAYA,0.4347,252763084.0,35.88,38.83,19.02,42.05
71,SUNPHARMA,0.4339,4069399829.0,18.76,24.39,9.16,15.85
72,MEDANTA,0.4318,268967619.0,4.25,34.78,19.98,22.31
73,DATAPATTNS,0.4304,4637344689.0,53.58,63.99,4.59,56.9
74,MARICO,0.4297,1534403466.0,20.32,16.74,12.34,17.0
75,TITAN,0.4287,3781224694.0,31.16,22.64,11.74,26.9
76,J&KBANK,0.4257,1117913108.0,43.66,48.29,18.51,55.47
77,BSE,0.4254,8855479954.0,48.99,27.42,-2.15,30.64
78,SHYAMMETL,0.4232,626326171.0,14.96,29.05,18.03,27.88
79,CUMMINSIND,0.4214,2025435396.0,28.59,41.13,4.8,32.92
80,TVSMOTOR,0.4208,4633106298.0,21.51,16.09,23.39,30.21
81,BLUEJET,0.4201,611066017.0,-1.42,49.16,40.87,48.71
82,POLYCAB,0.4189,2955982758.0,21.83,32.07,9.65,28.78
83,ABB,0.4189,2504043885.0,41.33,45.02,0.66,40.65
84,VTL,0.4172,211188335.0,33.0,42.83,-4.28,31.0
85,ADANIPOWER,0.4171,5746005245.0,30.17,56.85,-7.03,34.74
86,ANTHEM,0.4165,618318461.0,10.96,36.95,6.74,23.4
87,LODHA,0.4163,4120274536.0,5.49,30.75,37.03,41.36
88,IIFL,0.4156,1259104230.0,21.33,17.5,32.62,40.6
89,CGPOWER,0.4156,4506410166.0,19.77,48.69,7.62,36.41
90,AEGISVOPAK,0.4133,916954953.0,3.67,36.46,49.61,54.9
91,ABCAPITAL,0.4125,1442551676.0,29.33,16.08,16.9,33.3
92,THERMAX,0.412,1604993097.0,32.82,54.65,5.09,47.24
93,KARURVYSYA,0.4114,2397700591.0,37.12,17.06,16.68,38.92
94,MAHABANK,0.409,1327600651.0,38.84,23.87,2.77,33.44
95,RKFORGE,0.4082,1027305416.0,22.21,31.0,9.01,32.49
96,KIMS,0.4076,402501761.0,11.51,31.99,17.78,33.85
97,CGCL,0.4069,1229363598.0,12.54,32.26,19.26,36.1
98,BIOCON,0.4067,2738519880.0,14.05,16.67,15.74,25.72
99,ZYDUSWELL,0.4061,288960592.0,18.0,37.41,13.57,38.04
100,RBLBANK,0.4058,2084427254.0,15.5,26.28,13.72,30.61
101,UNITDSPR,0.4058,1428103513.0,12.65,14.26,14.69,23.06
102,SHRIRAMFIN,0.4057,5102268806.0,46.34,3.32,9.6,33.74
103,KAJARIACER,0.4053,321536866.0,-1.52,35.61,8.49,21.18
104,GODREJIND,0.4049,391919745.0,20.35,35.64,37.39,58.4
105,PIDILITIND,0.4034,1349377477.0,7.11,11.35,17.13,21.03
106,NESTLEIND,0.4023,2978158391.0,18.3,16.45,3.5,20.11
107,NIVABUPA,0.4022,209168810.0,16.65,13.18,9.71,22.42
108,INDUSINDBK,0.4017,2730691244.0,26.8,12.46,10.96,29.54
109,BAJFINANCE,0.4009,9924265903.0,8.02,22.78,19.78,31.13
110,DEEPAKFERT,0.4006,598896699.0,6.36,34.27,22.73,38.93
111,CCL,0.4001,197862392.0,36.17,20.83,1.78,33.11
112,ELGIEQUIP,0.3998,135391422.0,14.64,32.08,2.76,26.9
113,LUPIN,0.3997,1708948981.0,25.59,12.3,4.76,24.52
114,ASIANPAINT,0.3995,2097943598.0,10.61,10.32,13.2,21.11
115,OBEROIRLTY,0.397,1099415799.0,7.8,25.87,9.6,26.04
116,WELSPUNLIV,0.3968,263458149.0,17.27,26.77,19.78,40.75
117,IFCI,0.3956,1460705636.0,34.12,35.88,30.95,65.77
118,ICICIBANK,0.3941,16477504184.0,4.74,3.74,14.71,17.41
119,IDFCFIRSTB,0.3939,1937932324.0,6.72,1.45,23.17,24.33
120,GVT&D,0.3938,4266968033.0,45.65,48.82,-3.64,52.65
121,NH,0.393,427458252.0,14.26,15.19,13.1,28.72
122,ADANIPORTS,0.3924,3078690849.0,20.15,23.28,-2.24,24.61
123,KEI,0.392,1221459187.0,23.16,28.87,-1.17,30.54
124,BOSCHLTD,0.3919,1009429436.0,5.56,15.05,13.04,23.7
125,THELEELA,0.3919,189109330.0,15.37,21.21,15.49,35.17
126,GLAXO,0.3915,155777537.0,-1.27,17.71,16.55,23.95
127,TATATECH,0.3915,734867908.0,9.15,14.91,28.44,38.57
128,CARBORUNIV,0.3912,143924457.0,17.35,27.73,8.55,34.6
129,PREMIERENE,0.3898,1381416366.0,-4.46,49.75,0.47,27.26
130,INDHOTEL,0.3892,1783723933.0,-0.63,13.89,16.67,23.37
131,PNBHOUSING,0.388,848273872.0,13.53,27.59,0.71,27.16
132,M&MFIN,0.388,2553129907.0,28.97,5.95,24.16,43.9
133,GAIL,0.3868,1257276664.0,3.84,16.95,11.16,24.32
134,ABDL,0.3863,351048371.0,1.05,39.26,17.5,40.23
135,SIEMENS,0.3858,1142956681.0,19.28,29.92,-1.27,31.31
136,GRASIM,0.3856,1467132007.0,5.72,9.22,8.57,19.65
137,IKS,0.3855,423604739.0,21.08,13.26,11.74,33.97
138,ZEEL,0.3849,2182218877.0,10.32,38.76,26.46,53.58
139,CHOICEIN,0.3846,1015222043.0,1.64,8.28,24.04,29.65
140,TATACAP,0.3832,481649767.0,11.95,10.38,12.5,28.35
141,ACE,0.3826,729362205.0,-3.18,27.27,21.34,35.77
142,EICHERMOT,0.381,3826386187.0,11.87,10.78,6.88,24.9
143,DIXON,0.3809,8595922896.0,-9.39,37.95,25.81,42.14
144,HONAUT,0.3799,183283785.0,5.04,21.61,22.96,40.21
145,AARTIIND,0.3797,533067670.0,29.43,37.54,-4.68,41.59
146,CARTRADE,0.3794,1690754522.0,-13.26,12.99,64.65,58.3
147,GMRAIRPORT,0.379,1793897885.0,13.56,12.09,6.43,27.17
148,PAGEIND,0.3787,1264691052.0,-1.57,23.72,10.19,27.38
149,HEG,0.3781,1807367374.0,13.2,15.23,8.46,30.69
150,ALKEM,0.3757,798985747.0,5.89,1.32,7.29,18.64
151,CASTROLIND,0.3753,180047449.0,-3.8,2.83,-0.31,7.46
152,COFORGE,0.3753,5013156499.0,-4.47,1.82,49.44,47.0
153,AUBANK,0.374,1755946951.0,19.02,8.83,3.18,28.25
154,3MINDIA,0.3734,145140169.0,16.2,2.11,4.34,24.01
155,CANHLIFE,0.3733,629579890.0,20.5,-0.28,3.64,24.84
156,ANANTRAJ,0.3725,1907583356.0,-0.05,27.54,22.37,43.0
157,ENDURANCE,0.372,331260619.0,-5.6,18.17,18.35,31.37
158,PHOENIXLTD,0.3708,1869766585.0,11.95,9.66,7.27,29.04
159,ABSLAMC,0.3707,361536444.0,23.62,29.86,-0.33,41.19
160,JSWSTEEL,0.3704,1909358843.0,7.25,4.21,0.27,17.6
161,PPLPHARMA,0.3697,1312072450.0,-4.17,27.28,22.32,41.44
162,MCX,0.3694,5771171042.0,47.66,3.83,-7.58,36.38
163,ZENTEC,0.3692,1021792361.0,21.14,19.18,6.31,39.82
164,CREDITACC,0.3691,769354897.0,8.19,20.61,22.51,45.86
165,JSWINFRA,0.3689,1172026734.0,5.86,20.38,15.21,38.42
166,KPIL,0.3686,157885572.0,3.93,18.81,3.97,27.35
167,MANKIND,0.3685,1080386610.0,2.62,16.66,6.47,27.44
168,USHAMART,0.3685,241069643.0,7.04,19.45,6.92,32.07
169,GODREJPROP,0.3683,1654240894.0,-8.31,35.83,10.84,34.85
170,GLENMARK,0.3673,1118662638.0,23.07,12.06,-6.68,27.37
171,CIPLA,0.3667,1799587009.0,-5.17,11.94,11.39,24.79
172,BAJAJFINSV,0.3653,2459806299.0,-6.42,5.9,16.23,25.26
173,JSWENERGY,0.3646,1286285760.0,5.14,26.47,-0.82,30.11
174,LICI,0.3644,844101268.0,-3.4,5.74,8.39,21.02
175,CHOLAFIN,0.3643,2506944858.0,8.24,12.27,11.61,34.46
176,PAYTM,0.3642,4288746979.0,2.54,14.1,20.36,39.12
177,PGEL,0.3632,1181143130.0,8.5,13.57,14.75,38.38
178,UNIONBANK,0.3631,2884469163.0,20.64,-1.76,7.66,31.74
179,PVRINOX,0.3628,475289902.0,-4.12,18.45,5.77,26.14
180,TECHM,0.3626,3911603910.0,17.18,-3.79,15.26,34.86
181,JSWCEMENT,0.3619,249371994.0,-2.56,17.75,8.68,29.45
182,ATUL,0.3619,443324422.0,14.35,8.87,-2.52,25.9
183,TEJASNET,0.3619,1075044858.0,-5.39,57.46,20.54,59.17
184,LTF,0.361,1985537724.0,17.26,8.75,8.26,36.78
185,FINCABLES,0.3607,213816978.0,25.74,36.83,-0.3,50.61
186,JUBLINGREA,0.3602,472583752.0,9.04,18.8,3.08,33.36
187,ETERNAL,0.3598,10360516986.0,-8.47,9.84,21.72,32.98
188,CONCORDBIO,0.3592,159237244.0,-2.53,16.27,24.41,42.61
189,SCHAEFFLER,0.3588,241425174.0,4.7,13.08,-1.11,24.74
190,NMDC,0.357,1200610975.0,17.41,7.49,-4.55,27.5
191,RECLTD,0.3569,1594435937.0,3.31,0.97,5.5,23.42
192,HAL,0.3553,2791921301.0,-1.51,7.74,7.09,26.13
193,FIVESTAR,0.3551,335962700.0,3.66,6.88,13.78,34.39
194,YESBANK,0.355,1447709774.0,0.35,6.85,11.18,30.23
195,LINDEINDIA,0.3545,138497544.0,10.43,15.43,-7.86,25.88
196,TRITURBINE,0.3538,343931841.0,16.01,28.8,4.96,47.45
197,PFC,0.3534,2158199149.0,6.74,11.67,-7.12,22.61
198,FORTIS,0.353,905094214.0,-10.22,12.71,2.39,20.63
199,HYUNDAI,0.3529,1710615972.0,-5.13,0.91,18.23,30.25
200,CAMS,0.3527,750081182.0,1.26,14.68,7.79,33.33
201,ONESOURCE,0.3527,562670821.0,-10.44,40.68,-6.81,28.52
202,DELHIVERY,0.3522,2379859319.0,1.29,18.2,3.12,31.69
203,SCI,0.3521,554955053.0,14.13,34.07,-8.51,38.91
204,MAXHEALTH,0.3521,1718835583.0,-7.24,12.81,10.82,29.79
205,ABBOTINDIA,0.3515,340062438.0,-6.62,0.69,9.38,22.59
206,BHARTIARTL,0.3515,10464399602.0,-5.65,0.73,7.93,22.02
207,TBOTEK,0.3514,489504059.0,-4.18,6.11,21.97,37.37
208,BAJAJHLDNG,0.3511,573310770.0,-11.34,8.25,11.85,26.01
209,PETRONET,0.3496,519809773.0,4.0,2.26,2.61,25.31
210,ZFCVINDIA,0.3495,384074583.0,12.31,1.92,-1.61,26.87
211,SBIN,0.3493,9562463696.0,11.3,-1.9,-1.32,24.48
212,INDIGO,0.3492,5044926361.0,-10.98,8.89,22.0,35.67
213,ANURAS,0.349,452955000.0,11.33,-2.56,-6.71,19.87
214,ANGELONE,0.3488,2230280899.0,20.54,15.95,-5.23,37.01
215,HEROMOTOCO,0.348,3266144969.0,-1.09,-1.6,5.42,23.01
216,TRAVELFOOD,0.3475,20560535.0,-1.54,24.83,3.42,35.84
217,POONAWALLA,0.3475,742443245.0,-5.48,14.63,11.11,34.07
218,TATACOMM,0.3475,561073287.0,-7.19,15.95,13.69,35.85
219,360ONE,0.3471,1604135175.0,-3.21,2.53,9.73,27.88
220,INDGN,0.3464,119834721.0,-5.19,10.82,3.08,26.09
221,LT,0.3462,7483583897.0,0.49,1.13,-1.9,20.32
222,M&M,0.3458,7626438907.0,-4.9,1.21,10.89,27.59
223,NETWEB,0.3454,3968269746.0,7.54,44.24,15.18,62.6
224,HINDCOPPER,0.3441,1429581221.0,43.85,-22.26,-8.52,29.77
225,JBMA,0.344,239584018.0,-2.85,17.23,6.35,34.76
226,POWERGRID,0.3439,2091624105.0,-1.04,10.34,-11.02,17.97
227,SPLPETRO,0.3435,170583417.0,-9.94,35.34,-3.87,32.22
228,SBILIFE,0.3426,1520218281.0,-2.69,-8.21,3.4,19.05
229,SUMICHEM,0.3425,1191787579.0,-0.35,27.07,13.65,48.28
230,IEX,0.342,723040063.0,-8.55,6.56,5.26,25.33
231,PRESTIGE,0.3409,1396255659.0,-9.45,16.11,14.27,37.81
232,IGIL,0.3389,206015379.0,5.42,11.36,1.48,34.87
233,SHREECEM,0.3379,437175066.0,-8.97,-3.5,7.69,23.27
234,ULTRACEMCO,0.3377,3189937415.0,-0.8,-6.4,-0.5,20.16
235,UNOMINDA,0.3374,851106380.0,-1.41,3.34,6.28,30.76
236,COALINDIA,0.3367,2430405043.0,12.83,-7.93,-12.37,18.5
237,PFIZER,0.3366,111690748.0,-9.68,5.07,2.41,23.8
238,LTFOODS,0.3364,323586370.0,-2.71,15.5,-4.71,28.11
239,ENRIN,0.336,1472979110.0,4.34,37.3,-2.71,46.24
240,GESHIP,0.3355,509754562.0,30.27,16.71,-11.53,44.01
241,PNB,0.3339,2086434563.0,-4.22,-7.4,7.51,25.62
242,NAUKRI,0.3339,3520116615.0,-11.16,-5.46,25.56,37.09
243,KOTAKBANK,0.3336,6178673087.0,-9.69,-5.36,5.02,21.46
244,GRAPHITE,0.3321,782020031.0,16.68,4.53,-7.17,33.9
245,HINDALCO,0.3321,4184767559.0,13.8,-4.84,-7.61,26.65
246,NATIONALUM,0.332,2151690472.0,51.86,-16.94,-14.94,37.6
247,TIMKEN,0.3318,170097819.0,5.23,5.61,-8.27,26.66
248,CUB,0.3318,561130677.0,15.07,-6.13,1.28,34.08
249,HOMEFIRST,0.3317,269468347.0,-1.9,13.92,3.41,36.36
250,TATASTEEL,0.331,3595807232.0,4.54,-4.31,-8.38,21.03
251,PTCIL,0.3305,220586356.0,4.4,2.17,10.39,40.03
252,BALKRISIND,0.3296,1194694819.0,5.69,2.11,12.44,42.82
253,BERGEPAINT,0.329,126144958.0,-3.83,5.08,10.01,36.85
254,ARE&M,0.3288,764617820.0,-9.64,9.67,2.6,29.86
255,ASHOKLEY,0.3287,2250835754.0,22.0,-12.91,5.47,39.38
256,SUNDARMFIN,0.3285,263784470.0,1.23,-6.47,3.43,28.51
257,ENGINERSIN,0.3283,327034352.0,11.86,31.8,-14.57,41.51
258,BHARTIHEXA,0.3283,329564887.0,-14.04,1.61,5.94,25.65
259,ATGL,0.3281,1047589518.0,2.75,23.63,0.69,43.92
260,INDUSTOWER,0.3276,2375963432.0,2.64,-11.43,-2.88,21.89
261,AXISBANK,0.3272,9406007267.0,-1.35,-6.84,-3.58,21.56
262,CROMPTON,0.3264,592779794.0,-10.91,17.13,-4.46,28.42
263,LGEINDIA,0.3258,488347328.0,-9.89,5.71,-5.62,22.09
264,HAVELLS,0.3256,1637536104.0,-15.8,-0.54,2.21,21.48
265,APLAPOLLO,0.3255,877749188.0,2.97,-11.7,-4.49,21.53
266,GODREJCP,0.3255,622945781.0,-2.72,-7.8,0.3,24.07
267,NTPC,0.3254,3066751929.0,1.54,-2.31,-12.89,19.03
268,PARADEEP,0.3253,1181555988.0,-12.92,10.53,16.62,41.19
269,HDBFS,0.3251,370888734.0,-6.05,-3.13,3.46,27.34
270,NLCINDIA,0.325,614569463.0,19.85,12.67,-5.86,44.45
271,CONCOR,0.3249,1285625918.0,-4.0,5.68,1.44,31.86
272,MRPL,0.3248,3595068123.0,13.49,5.83,6.57,46.98
273,COLPAL,0.3247,540051779.0,-4.9,-2.5,-3.33,23.03
274,SAIL,0.3234,1869352785.0,20.26,7.54,-9.76,39.41
275,AADHARHFC,0.3233,203378506.0,-2.99,4.45,-0.57,30.84
276,MARUTI,0.323,5062991265.0,-13.14,-6.63,6.91,24.72
277,TATAPOWER,0.322,1239009525.0,-6.73,4.53,-13.46,18.64
278,DEEPAKNTR,0.3219,245741604.0,-4.9,6.87,-5.14,27.9
279,OLECTRA,0.3217,572551070.0,-11.44,21.66,5.95,41.08
280,BPCL,0.3206,2035162898.0,-2.15,-8.01,6.42,31.37
281,SAMMAANCAP,0.3203,1131640230.0,-13.26,14.52,10.58,40.39
282,JINDALSTEL,0.3202,1078818120.0,2.69,-1.52,-12.61,22.61
283,FSL,0.3202,846372034.0,-12.46,-1.05,41.22,57.33
284,PCBL,0.3201,665501304.0,-12.94,17.76,2.71,36.07
285,EIHOTEL,0.32,76959667.0,-14.97,5.86,2.52,28.16
286,BIKAJI,0.3199,66066243.0,-12.42,-1.42,-5.17,19.5
287,DLF,0.3197,3059744942.0,-14.82,5.4,8.58,33.07
288,DMART,0.3193,2146089391.0,-7.29,6.92,-10.04,23.58
289,KPRMILL,0.3191,317313673.0,-1.57,13.59,9.84,47.03
290,MRF,0.3187,793173096.0,-17.11,-2.24,2.36,22.83
291,CHALET,0.3179,80984832.0,-14.08,-0.87,7.09,29.62
292,INDIACEM,0.3176,146693853.0,2.92,-12.33,0.53,28.63
293,JUBLPHARMA,0.3163,125621282.0,-16.82,-0.4,0.4,23.43
294,TIINDIA,0.3162,673442399.0,-11.84,20.81,-5.26,33.61
295,GILLETTE,0.3161,154036527.0,-14.98,-1.34,-4.14,20.44
296,CRISIL,0.3157,349888632.0,-11.02,-2.01,1.66,27.41
297,CDSL,0.3152,2341722297.0,-17.53,0.76,6.24,28.85
298,BRITANNIA,0.3151,1116642650.0,-8.38,-7.98,-5.41,20.26
299,OIL,0.3149,1330484619.0,13.72,-5.07,-3.47,37.19
300,INDIANB,0.3148,2398716483.0,-0.02,-6.07,0.66,31.56
301,SARDAEN,0.3146,103989584.0,-5.16,7.11,-12.63,24.88
302,HDFCAMC,0.3139,2285829979.0,-0.96,5.06,-4.75,33.09
303,MOTILALOFS,0.3136,1251753472.0,-18.89,17.31,6.46,37.95
304,JSWDULUX,0.3134,59125764.0,-9.09,1.58,1.17,31.15
305,SOBHA,0.3133,481013005.0,-10.59,0.18,-4.27,25.1
306,IOB,0.3126,159197323.0,-16.48,-3.83,-2.78,20.76
307,BAJAJHFL,0.3124,271193171.0,-22.26,-2.27,-0.54,19.94
308,NHPC,0.3124,994288403.0,-7.82,1.23,-5.34,26.9
309,POLYMED,0.3123,137908569.0,-10.52,12.34,12.56,45.93
310,JIOFIN,0.312,4704018077.0,-17.2,0.77,3.22,27.98
311,TATAINVEST,0.3117,154222830.0,-16.81,9.46,-4.62,26.73
312,TORNTPOWER,0.3115,480734877.0,8.41,9.41,-18.31,31.24
313,CHAMBLFERT,0.3114,171754632.0,-10.45,0.84,-0.82,29.13
314,BANKINDIA,0.3114,1357320345.0,1.2,-13.62,2.8,31.34
315,TRIDENT,0.3107,161132758.0,-11.53,-3.99,-3.99,23.54
316,MFSL,0.3105,1022696154.0,-0.96,-4.92,-5.47,28.43
317,SUPREMEIND,0.3101,483284828.0,-8.24,-0.65,-3.6,27.98
318,CESC,0.3098,153589942.0,-7.37,15.82,-16.68,27.08
319,TITAGARH,0.3097,280618277.0,-7.89,5.74,7.39,40.83
320,TATACONSUM,0.3096,1330315357.0,-6.56,-3.49,-5.87,25.83
321,GRSE,0.309,868090194.0,1.64,3.56,-6.37,34.63
322,DOMS,0.3089,89056894.0,-9.63,-5.16,-1.36,26.99
323,COROMANDEL,0.3088,299536589.0,-7.11,-7.75,3.65,31.25
324,POLICYBZR,0.3085,4344762942.0,-4.99,-1.74,-3.88,29.84
325,CANFINHOME,0.308,240560898.0,-2.49,-7.12,-4.29,28.35
326,NIACL,0.3079,173094865.0,-8.19,17.57,7.44,47.96
327,RELIANCE,0.3071,13957539941.0,-11.64,-5.93,-10.2,18.92
328,UBL,0.307,181913453.0,-22.43,-1.57,-2.73,20.76
329,ITI,0.3064,100964482.0,-16.81,-0.84,-7.42,21.07
330,ASTRAL,0.3062,764504039.0,-1.01,-0.84,-5.42,32.55
331,LICHSGFIN,0.3061,593488663.0,-10.72,0.79,-6.09,26.95
332,BLUEDART,0.3059,57883277.0,-7.29,-3.72,-5.59,27.08
333,ASAHIINDIA,0.3053,77424518.0,-8.07,-11.63,4.82,31.0
334,BAYERCROP,0.3038,181773945.0,-14.18,-2.78,-11.12,19.73
335,JKCEMENT,0.3037,469200304.0,-13.0,-1.67,2.97,32.57
336,AFFLE,0.3037,449606541.0,-17.48,1.56,11.69,38.69
337,AIIL,0.3036,226854110.0,-10.22,7.41,16.22,50.11
338,HEXT,0.3028,709732402.0,-21.09,-17.77,27.84,39.38
339,ERIS,0.3025,105935299.0,-14.32,-1.71,2.95,32.24
340,CANBK,0.302,2843017852.0,0.26,-14.11,-3.88,29.07
341,BEL,0.3017,4015799766.0,-4.35,-12.37,-10.5,21.95
342,PERSISTENT,0.3014,3532084233.0,-5.47,-8.58,15.21,44.4
343,MGL,0.3013,328572707.0,-13.02,1.45,-2.23,31.09
344,SBFC,0.3012,95032054.0,-21.25,0.48,-2.07,25.62
345,JSL,0.3008,321368793.0,-9.32,-9.18,-4.25,26.09
346,HINDUNILVR,0.2996,3709861515.0,-14.02,-9.77,-8.8,19.69
347,VOLTAS,0.2994,931465682.0,-7.21,0.19,-6.8,31.04
348,DRREDDY,0.2994,3170660665.0,-10.96,-6.09,-10.81,22.05
349,VBL,0.2993,2563538733.0,-2.39,-5.36,-12.72,26.22
350,IRB,0.2992,260194348.0,-10.12,-1.26,-7.11,28.29
351,HCLTECH,0.2988,4766322516.0,-11.22,-20.27,12.22,33.08
352,GICRE,0.2988,164010524.0,-7.6,-4.42,-9.35,26.47
353,NBCC,0.2986,776620678.0,-14.71,-1.98,3.44,33.93
354,RAMCOCEM,0.2979,99532492.0,-12.27,-12.96,-1.8,25.44
355,GRAVITA,0.2972,572554430.0,-1.63,-0.46,-6.15,35.63
356,FACT,0.2967,80570602.0,-6.6,4.21,-8.07,33.78
357,JYOTICNC,0.2965,572425240.0,-7.79,-3.79,6.6,40.67
358,BLUESTARCO,0.2958,470010014.0,-13.86,-1.19,-6.71,27.82
359,OLAELEC,0.2954,1948209876.0,-25.11,21.38,11.93,48.61
360,FORCEMOT,0.2953,1566335686.0,7.53,-2.89,-5.6,41.2
361,AMBER,0.295,1832149527.0,-10.49,34.14,-9.31,47.53
362,MAZDOCK,0.2943,1626689177.0,-13.88,-4.64,-8.8,24.86
363,NUVOCO,0.294,1626973260.0,-18.84,-2.02,18.66,45.72
364,IOC,0.2939,1661663305.0,-10.3,-12.97,-1.39,28.69
365,SRF,0.2935,1656571696.0,-13.22,-6.9,2.79,33.77
366,APTUS,0.2935,300054725.0,-15.38,-1.44,1.35,34.29
367,HINDZINC,0.2934,1531966532.0,13.53,-23.23,-11.79,29.51
368,NATCOPHARM,0.293,458634711.0,11.12,12.96,-18.49,42.64
369,TRENT,0.2925,3821904517.0,-37.03,18.09,9.19,38.44
370,ONGC,0.2923,2861678616.0,-0.52,-9.86,-16.35,24.93
371,TMPV,0.2923,2648349765.0,-16.75,0.62,-0.14,33.87
372,ITC,0.2922,4158180592.0,-30.1,-7.5,-7.32,15.34
373,MSUMI,0.2921,314045261.0,-15.08,-3.65,-2.36,30.82
374,APOLLOTYRE,0.292,364177503.0,-14.72,-14.96,4.84,30.73
375,SAGILITY,0.2893,1255736311.0,-14.6,-11.95,4.86,33.65
376,ESCORTS,0.2891,311283551.0,-14.43,-10.39,-3.72,27.71
377,UCOBANK,0.2888,140121480.0,-18.81,-8.63,-1.73,27.71
378,NSLNISP,0.2881,105941816.0,-9.75,0.37,0.42,40.31
379,BANKBARODA,0.2864,2522302682.0,-8.8,-17.19,-4.92,27.61
380,SONATSOFTW,0.2864,980469693.0,-13.2,2.37,23.66,58.92
381,BBTC,0.2852,32822331.0,-27.29,-12.79,-0.27,22.91
382,HUDCO,0.2842,545939931.0,-12.15,-3.27,-11.93,28.44
383,CIEINDIA,0.2834,227578953.0,-3.96,0.91,-13.75,34.63
384,SUNTV,0.2834,84305997.0,-7.33,-3.41,-16.01,28.37
385,AAVAS,0.2831,105430716.0,-17.78,-8.47,-1.51,31.04
386,DEVYANI,0.2831,282331150.0,-31.92,1.06,-3.46,25.96
387,MPHASIS,0.2824,1489921995.0,-18.52,-15.53,6.0,33.15
388,NTPCGREEN,0.2819,872257367.0,-14.29,-2.49,-17.57,23.93
389,DABUR,0.2809,805960121.0,-16.44,-17.91,-4.54,25.17
390,MMTC,0.2798,105485486.0,-6.2,-7.46,-3.93,38.21
391,ABREL,0.2791,193050736.0,-19.21,11.76,-4.58,40.49
392,KFINTECH,0.2789,1353813930.0,-19.76,-7.69,4.71,37.13
393,ICICIPRULI,0.2788,776768253.0,-13.91,-19.67,0.65,30.87
394,HINDPETRO,0.2784,2610203152.0,-16.0,-9.91,4.24,38.06
395,CEATLTD,0.278,856785976.0,-15.37,-7.29,-0.44,36.24
396,BEML,0.2778,319744958.0,-18.82,-3.51,-4.56,32.93
397,UTIAMC,0.2776,357153266.0,-30.75,-8.94,-5.73,21.71
398,WAAREEENER,0.2774,2342820788.0,-23.12,-2.52,-14.54,22.86
399,HDFCBANK,0.2765,23880854528.0,-24.54,-18.7,-1.52,24.06
400,RITES,0.2758,1525169244.0,-11.41,-0.94,-2.2,41.69
401,GPIL,0.2757,278247358.0,-10.39,-2.14,-18.19,28.69
402,CHOLAHLDNG,0.2754,276028729.0,-23.77,-5.44,-1.41,32.38
403,SJVN,0.2751,123601632.0,-20.95,-6.11,-14.07,23.57
404,ACC,0.2746,202826802.0,-26.71,-19.12,-4.0,21.29
405,LTTS,0.2733,474942570.0,-14.28,-5.32,-0.85,39.68
406,ECLERX,0.2726,1055799588.0,-21.76,-16.54,30.03,54.34
407,UPL,0.2724,966696005.0,-16.08,-15.59,-5.88,29.22
408,JPPOWER,0.2722,1047457451.0,2.24,15.54,-4.04,59.23
409,GODFRYPHLP,0.2718,748745257.0,-31.63,5.53,-3.74,33.19
410,SBICARD,0.2714,949610137.0,-26.86,-15.33,2.38,29.84
411,DALBHARAT,0.271,477752193.0,-13.77,-14.34,-8.99,29.4
412,AMBUJACEM,0.2708,805645489.0,-21.73,-18.66,-2.46,27.52
413,AWL,0.2703,660325665.0,-29.06,-9.23,-7.24,24.47
414,TATACHEM,0.2701,274978375.0,-23.46,-3.76,-15.46,24.33
415,JKTYRE,0.2699,457721755.0,-2.95,-21.69,-1.56,38.58
416,ITCHOTELS,0.2692,512949795.0,-25.38,-8.14,0.72,34.3
417,IDBI,0.2671,966775486.0,-17.82,-14.37,12.37,45.93
418,ICICIGI,0.2661,2182019678.0,-17.95,-9.75,-7.56,32.57
419,IREDA,0.2661,429730872.0,-22.72,-9.78,-11.59,26.36
420,DCMSHRIRAM,0.2641,164174119.0,-15.06,-8.51,-15.77,29.22
421,MUTHOOTFIN,0.264,2356735269.0,-1.17,-23.11,-9.48,34.95
422,BANDHANBNK,0.2638,3477789323.0,-0.85,13.55,-15.78,50.23
423,SIGNATURE,0.2629,330368073.0,-23.51,-7.48,-4.94,33.9
424,BRIGADE,0.2626,418098401.0,-25.22,5.33,-2.3,42.18
425,INDIAMART,0.2621,236744909.0,-24.57,-15.3,-11.97,23.57
426,IGL,0.2619,258037146.0,-26.36,-11.47,-8.94,27.14
427,SUZLON,0.2615,2881200020.0,-17.49,1.2,-12.47,36.85
428,VMM,0.2612,1062897715.0,-27.32,-12.08,-14.37,22.06
429,NAVA,0.2602,110960297.0,-9.8,-0.87,-18.1,36.44
430,URBANCO,0.2595,214024691.0,-14.61,4.61,-15.41,38.96
431,NCC,0.2591,179593206.0,-33.94,-0.04,-13.89,25.87
432,HBLENGINE,0.2588,594410129.0,-27.4,2.23,-9.99,34.49
433,EIDPARRY,0.2578,219647273.0,-26.83,-13.59,-9.95,26.6
434,GALLANTT,0.2574,112049826.0,14.29,14.73,-28.69,52.47
435,GMDCLTD,0.2574,498357114.0,-4.56,-8.75,-21.12,34.1
436,TTML,0.2562,83954231.0,-27.78,-6.15,-6.59,33.51
437,EMAMILTD,0.2559,223405272.0,-25.5,-18.78,-10.45,24.99
438,CYIENT,0.2554,408219528.0,-28.48,-23.97,-2.55,26.91
439,IRCTC,0.2546,374277224.0,-32.11,-19.96,-13.93,17.98
440,HDFCLIFE,0.2545,2073698274.0,-27.7,-24.29,-7.35,23.74
441,SAPPHIRE,0.2535,218041614.0,-33.87,-2.5,-4.47,34.66
442,BLS,0.2533,329477073.0,-23.39,-10.53,-13.98,29.04
443,RAILTEL,0.2532,157281399.0,-21.84,-13.7,-12.07,29.87
444,WIPRO,0.2528,2744898112.0,-22.24,-23.42,-8.07,27.7
445,TARIL,0.2509,733074810.0,-37.21,28.27,-11.28,45.04
446,RHIM,0.2501,1453782104.0,-13.51,-7.21,-3.8,46.64
447,TCS,0.2491,10104234383.0,-20.16,-23.75,-1.22,35.96
448,JUBLFOOD,0.2491,1069757833.0,-27.05,-11.22,-8.01,33.07
449,LATENTVIEW,0.249,377545026.0,-24.6,-20.57,9.05,43.36
450,BDL,0.2485,1049803782.0,-17.58,-17.84,-10.4,33.58
451,PIIND,0.2477,478910780.0,-23.18,-14.44,-9.72,32.9
452,LTM,0.2473,1877999707.0,-22.09,-26.26,2.83,37.48
453,CENTRALBK,0.2473,290302557.0,-21.67,-15.25,-11.53,32.1
454,ABFRL,0.2472,283737156.0,-28.43,-7.76,-8.63,34.43
455,LEMONTREE,0.2471,304670935.0,-34.16,-12.43,-7.05,29.66
456,JWL,0.2459,278855581.0,-19.9,-16.05,-8.65,35.69
457,TEGA,0.2419,93258955.0,-21.2,-14.86,-10.69,35.57
458,COCHINSHIP,0.2414,2089527808.0,-21.46,-6.36,-17.91,34.45
459,MAPMYINDIA,0.2406,1166534560.0,-34.54,-8.69,25.82,61.02
460,INTELLECT,0.2393,451641931.0,-29.7,-20.9,-2.37,34.89
461,ABLBL,0.2385,55523003.0,-30.19,-8.94,-9.66,35.56
462,ELECON,0.2379,279248152.0,-24.96,6.53,-20.59,38.65
463,IRFC,0.2376,627045424.0,-27.97,-24.96,-15.75,23.56
464,WHIRLPOOL,0.2371,253413206.0,-42.29,1.95,-18.54,27.47
465,JMFINANCIL,0.237,270509167.0,-26.23,-2.71,-10.81,41.14
466,IRCON,0.2344,124138435.0,-24.73,-22.45,-18.15,26.35
467,INFY,0.2328,14117121518.0,-23.56,-30.43,-2.0,36.56
468,SWIGGY,0.2327,6393280162.0,-32.01,-13.06,4.08,45.85
469,CLEAN,0.2299,156263628.0,-29.56,-13.96,-10.38,36.28
470,COHANCE,0.2246,242539437.0,-50.56,11.42,-9.71,40.09
471,FIRSTCRY,0.223,223414155.0,-39.75,-18.77,-11.27,29.57
472,GODIGIT,0.2207,226294226.0,-29.51,-21.09,-16.49,31.37
473,SWANCORP,0.2202,312738223.0,-34.84,-27.59,-10.58,29.53
474,BATAINDIA,0.2169,162911686.0,-40.31,-17.89,-3.1,38.96
475,TECHNOE,0.2166,121562606.0,-25.85,8.51,-23.61,45.85
476,TATAELXSI,0.2128,1764321936.0,-32.57,-30.65,-10.53,32.47
477,BSOFT,0.2091,642026880.0,-18.91,-26.23,-18.27,38.62
478,NEWGEN,0.2085,3233041777.0,-44.24,-7.38,11.95,58.19
479,SYNGENE,0.2044,687210349.0,-41.14,-19.43,-18.93,30.08
480,RVNL,0.1936,821124882.0,-32.02,-33.76,-24.95,27.54
481,AFCONS,0.1901,524238722.0,-39.57,-19.52,-20.73,35.65
482,RPOWER,0.1863,456973928.0,-49.44,-15.7,-17.48,35.93
483,ZENSARTECH,0.1819,3800258246.0,-36.41,-24.02,-1.0,54.71
484,KAYNES,0.1771,3608919019.0,-45.01,11.82,-8.78,64.78
485,KEC,0.1731,426579364.0,-43.29,-27.26,-17.76,38.8
486,PATANJALI,0.169,2744107196.0,-40.96,-28.81,-22.44,37.3
487,INOXWIND,0.1472,791235817.0,-49.03,-28.48,-24.41,40.24
488,JAINREC,0.1315,415277862.0,-10.2,-14.59,-24.22,78.74
489,VEDL,0.1281,2975714259.0,-47.95,-64.94,-13.05,38.28
490,KPITTECH,0.1049,2556397736.0,-49.77,-42.49,-22.54,51.7
491,GROWW,nan,4781505685.0,nan,12.95,-11.67,34.75
492,EMMVEE,nan,1117822091.0,nan,66.33,18.8,48.33
493,ICICIAMC,nan,1109216942.0,nan,15.55,-4.93,27.53
494,LENSKART,nan,2528925353.0,nan,25.82,10.8,22.48
495,MEESHO,nan,1925903660.0,nan,8.32,-16.06,38.75
496,PWL,nan,1918929457.0,nan,-0.02,14.15,53.47
497,PINELABS,nan,2054928792.0,nan,-38.0,-28.67,51.19
498,PIRAMALFIN,nan,618421041.0,nan,15.23,3.43,31.67
499,TMCV,nan,2553003917.0,nan,-6.05,8.65,37.27
500,TENNIND,nan,242051717.0,nan,4.35,-16.13,32.03
