date,portfolio_value,daily_return,month,year
2021-08-10,998813.774,0.0,2021-08,2021
2021-08-11,986393.6173211336,-0.012434907289200381,2021-08,2021
2021-08-12,995306.8156935563,0.009036147655364424,2021-08,2021
2021-08-13,994248.2118920779,-0.0010635954509572443,2021-08,2021
2021-08-16,996759.9691455152,0.0025262879262888394,2021-08,2021
2021-08-17,997324.6846192593,0.000566551116843339,2021-08,2021
2021-08-18,999917.1695835048,0.0025994392841437453,2021-08,2021
2021-08-20,983831.99366807,-0.01608650836762293,2021-08,2021
2021-08-23,980141.3542788588,-0.003751290274116026,2021-08,2021
2021-08-24,993726.2204263763,0.013860109144678168,2021-08,2021
2021-08-25,992940.937588859,-0.0007902406330592138,2021-08,2021
2021-08-26,988530.2146154955,-0.004442079892560291,2021-08,2021
2021-08-27,1002770.923980915,0.014405942433391994,2021-08,2021
2021-08-30,1008545.7762649133,0.005758894824226202,2021-08,2021
2021-08-31,1030069.522680009,0.021341367860175486,2021-08,2021
2021-09-01,1022447.9706814907,-0.007399065626841117,2021-09,2021
2021-09-02,1023809.1742981074,0.0013313182241532218,2021-09,2021
2021-09-03,1028676.6982290335,0.004754327323021945,2021-09,2021
2021-09-06,1031188.8370468123,0.002442107245263392,2021-09,2021
2021-09-07,1024920.09862627,-0.006079137200995288,2021-09,2021
2021-09-08,1021136.3223766317,-0.003691776807489444,2021-09,2021
2021-09-09,1021778.5183145985,0.0006289032364181768,2021-09,2021
2021-09-13,1028817.5031088636,0.006888953592287139,2021-09,2021
2021-09-14,1028863.0055983425,4.422795038139249e-05,2021-09,2021
2021-09-15,1036700.6670532029,0.007617789163584909,2021-09,2021
2021-09-16,1037400.9452323415,0.0006754873430623309,2021-09,2021
2021-09-17,1033556.7026152466,-0.003705647883551877,2021-09,2021
2021-09-20,1019168.8789735723,-0.01392069114860206,2021-09,2021
2021-09-21,1031493.2695831012,0.012092589230100037,2021-09,2021
2021-09-22,1032418.5529772567,0.0008970328953572526,2021-09,2021
2021-09-23,1053566.7551554604,0.0204841361260093,2021-09,2021
2021-09-24,1047653.553200748,-0.005612555564967314,2021-09,2021
2021-09-27,1036421.2253651714,-0.010721414346622549,2021-09,2021
2021-09-28,1016390.3134816755,-0.019326998900894066,2021-09,2021
2021-09-29,1015758.4804831354,-0.0006216440575625981,2021-09,2021
2021-09-30,1016733.9891214735,0.0009603745940414132,2021-09,2021
2021-10-01,1007634.6846185154,-0.008949542948613831,2021-10,2021
2021-10-04,1030452.3292101971,0.022644758998466186,2021-10,2021
2021-10-05,1035976.3576426753,0.005360780189329173,2021-10,2021
2021-10-06,1035842.1514086633,-0.00012954565325928868,2021-10,2021
2021-10-07,1046410.8953846506,0.01020304489599555,2021-10,2021
2021-10-08,1059843.219042021,0.012836567085277695,2021-10,2021
2021-10-11,1063128.7500363216,0.0031000160545162636,2021-10,2021
2021-10-12,1070292.4026283133,0.0067382737902130785,2021-10,2021
2021-10-13,1077869.2257996318,0.007079208590766495,2021-10,2021
2021-10-14,1095345.0448568412,0.01621330179850422,2021-10,2021
2021-10-18,1089988.1653903257,-0.004890586296682042,2021-10,2021
2021-10-19,1086118.9321703508,-0.0035497937893567144,2021-10,2021
2021-10-20,1051826.901893853,-0.031572997450632134,2021-10,2021
2021-10-21,1049123.370678852,-0.002570319517530062,2021-10,2021
2021-10-22,1045434.8170332256,-0.0035158435592181903,2021-10,2021
2021-10-25,1005499.0399138314,-0.038200159846144555,2021-10,2021
2021-10-26,1024172.7019688921,0.018571536434943914,2021-10,2021
2021-10-27,1024686.9917170203,0.0005021513921816823,2021-10,2021
2021-10-28,1009903.1975195766,-0.014427619670150271,2021-10,2021
2021-10-29,1000695.9121944787,-0.009116997894166423,2021-10,2021
2021-11-01,1006795.4319081228,0.006095277935400212,2021-11,2021
2021-11-02,1009014.2737930263,0.002203865665836746,2021-11,2021
2021-11-03,1007997.1620711444,-0.0010080251075720303,2021-11,2021
2021-11-04,1012106.1064835417,0.00407634521902267,2021-11,2021
2021-11-08,1025177.507337353,0.012915049884667296,2021-11,2021
2021-11-09,1027054.4001496271,0.0018307978850891082,2021-11,2021
2021-11-10,1030654.9877996831,0.0035057419057173966,2021-11,2021
2021-11-11,1027293.0960641266,-0.003261898283472897,2021-11,2021
2021-11-12,1038495.4015099412,0.010904682888198236,2021-11,2021
2021-11-15,1038037.3334881307,-0.00044108815613863595,2021-11,2021
2021-11-16,1042634.5679529823,0.0044287756485630325,2021-11,2021
2021-11-17,1048604.9373204568,0.0057262338608208285,2021-11,2021
2021-11-18,1036302.7366524173,-0.011731969047824475,2021-11,2021
2021-11-22,1014962.7660436125,-0.020592409779539578,2021-11,2021
2021-11-23,1021065.1020535466,0.0060123742605073804,2021-11,2021
2021-11-24,1024709.8458126592,0.003569550807076327,2021-11,2021
2021-11-25,1033589.438696195,0.008665470444946921,2021-11,2021
2021-11-26,1015232.5591347622,-0.01776032036916797,2021-11,2021
2021-11-29,1008395.8240263585,-0.006734156668724456,2021-11,2021
2021-11-30,1008395.8240263585,0.0,2021-11,2021
2021-12-01,1008395.8240263585,0.0,2021-12,2021
2021-12-02,1008395.8240263585,0.0,2021-12,2021
2021-12-03,1008395.8240263585,0.0,2021-12,2021
2021-12-06,1008395.8240263585,0.0,2021-12,2021
2021-12-07,1008395.8240263585,0.0,2021-12,2021
2021-12-08,1008395.8240263585,0.0,2021-12,2021
2021-12-09,1008395.8240263585,0.0,2021-12,2021
2021-12-10,1008395.8240263585,0.0,2021-12,2021
2021-12-13,1008395.8240263585,0.0,2021-12,2021
2021-12-14,1008395.8240263585,0.0,2021-12,2021
2021-12-15,1008395.8240263585,0.0,2021-12,2021
2021-12-16,1008395.8240263585,0.0,2021-12,2021
2021-12-17,1008395.8240263585,0.0,2021-12,2021
2021-12-20,1008395.8240263585,0.0,2021-12,2021
2021-12-21,1008395.8240263585,0.0,2021-12,2021
2021-12-22,1008395.8240263585,0.0,2021-12,2021
2021-12-23,1008395.8240263585,0.0,2021-12,2021
2021-12-24,1008395.8240263585,0.0,2021-12,2021
2021-12-27,1008395.8240263585,0.0,2021-12,2021
2021-12-28,1008395.8240263585,0.0,2021-12,2021
2021-12-29,1008395.8240263585,0.0,2021-12,2021
2021-12-30,1008395.8240263585,0.0,2021-12,2021
2021-12-31,1008395.8240263585,0.0,2021-12,2021
2022-01-03,1008395.8240263585,0.0,2022-01,2022
2022-01-04,1008395.8240263585,0.0,2022-01,2022
2022-01-05,1008395.8240263585,0.0,2022-01,2022
2022-01-06,1008395.8240263585,0.0,2022-01,2022
2022-01-07,1008395.8240263585,0.0,2022-01,2022
2022-01-10,1008395.8240263585,0.0,2022-01,2022
2022-01-11,1008395.8240263585,0.0,2022-01,2022
2022-01-12,1008395.8240263585,0.0,2022-01,2022
2022-01-13,1008395.8240263585,0.0,2022-01,2022
2022-01-14,1008395.8240263585,0.0,2022-01,2022
2022-01-17,1008395.8240263585,0.0,2022-01,2022
2022-01-18,1008395.8240263585,0.0,2022-01,2022
2022-01-19,1008395.8240263585,0.0,2022-01,2022
2022-01-20,1008395.8240263585,0.0,2022-01,2022
2022-01-21,1008395.8240263585,0.0,2022-01,2022
2022-01-24,1008395.8240263585,0.0,2022-01,2022
2022-01-25,1008395.8240263585,0.0,2022-01,2022
2022-01-27,1008395.8240263585,0.0,2022-01,2022
2022-01-28,1008395.8240263585,0.0,2022-01,2022
2022-01-31,1008395.8240263585,0.0,2022-01,2022
2022-02-01,1008395.8240263585,0.0,2022-02,2022
2022-02-02,1008395.8240263585,0.0,2022-02,2022
2022-02-03,1008395.8240263585,0.0,2022-02,2022
2022-02-04,1008395.8240263585,0.0,2022-02,2022
2022-02-07,1008395.8240263585,0.0,2022-02,2022
2022-02-08,1008395.8240263585,0.0,2022-02,2022
2022-02-09,1008395.8240263585,0.0,2022-02,2022
2022-02-10,1008395.8240263585,0.0,2022-02,2022
2022-02-11,1008395.8240263585,0.0,2022-02,2022
2022-02-14,1008395.8240263585,0.0,2022-02,2022
2022-02-15,1008395.8240263585,0.0,2022-02,2022
2022-02-16,1008395.8240263585,0.0,2022-02,2022
2022-02-17,1008395.8240263585,0.0,2022-02,2022
2022-02-18,1008395.8240263585,0.0,2022-02,2022
2022-02-21,1008395.8240263585,0.0,2022-02,2022
2022-02-22,1008395.8240263585,0.0,2022-02,2022
2022-02-23,1008395.8240263585,0.0,2022-02,2022
2022-02-24,1008395.8240263585,0.0,2022-02,2022
2022-02-25,1008395.8240263585,0.0,2022-02,2022
2022-02-28,1008395.8240263585,0.0,2022-02,2022
2022-03-02,1008395.8240263585,0.0,2022-03,2022
2022-03-03,1008395.8240263585,0.0,2022-03,2022
2022-03-04,1008395.8240263585,0.0,2022-03,2022
2022-03-07,1008395.8240263585,0.0,2022-03,2022
2022-03-08,1008395.8240263585,0.0,2022-03,2022
2022-03-09,1008395.8240263585,0.0,2022-03,2022
2022-03-10,1008395.8240263585,0.0,2022-03,2022
2022-03-11,1008395.8240263585,0.0,2022-03,2022
2022-03-14,1008395.8240263585,0.0,2022-03,2022
2022-03-15,1008395.8240263585,0.0,2022-03,2022
2022-03-16,1008395.8240263585,0.0,2022-03,2022
2022-03-17,1008395.8240263585,0.0,2022-03,2022
2022-03-21,1008395.8240263585,0.0,2022-03,2022
2022-03-22,1008395.8240263585,0.0,2022-03,2022
2022-03-23,1008395.8240263585,0.0,2022-03,2022
2022-03-24,1008395.8240263585,0.0,2022-03,2022
2022-03-25,1008395.8240263585,0.0,2022-03,2022
2022-03-28,1008395.8240263585,0.0,2022-03,2022
2022-03-29,1008395.8240263585,0.0,2022-03,2022
2022-03-30,1008395.8240263585,0.0,2022-03,2022
2022-03-31,1008395.8240263585,0.0,2022-03,2022
2022-04-01,1008395.8240263585,0.0,2022-04,2022
2022-04-04,1008395.8240263585,0.0,2022-04,2022
2022-04-05,1008395.8240263585,0.0,2022-04,2022
2022-04-06,1008395.8240263585,0.0,2022-04,2022
2022-04-07,1008395.8240263585,0.0,2022-04,2022
2022-04-08,1008395.8240263585,0.0,2022-04,2022
2022-04-11,1008395.8240263585,0.0,2022-04,2022
2022-04-12,1008395.8240263585,0.0,2022-04,2022
2022-04-13,1008395.8240263585,0.0,2022-04,2022
2022-04-18,1008395.8240263585,0.0,2022-04,2022
2022-04-19,1008395.8240263585,0.0,2022-04,2022
2022-04-20,1008395.8240263585,0.0,2022-04,2022
2022-04-21,1008395.8240263585,0.0,2022-04,2022
2022-04-22,1008395.8240263585,0.0,2022-04,2022
2022-04-25,1008395.8240263585,0.0,2022-04,2022
2022-04-26,1008395.8240263585,0.0,2022-04,2022
2022-04-27,1008395.8240263585,0.0,2022-04,2022
2022-04-28,1008395.8240263585,0.0,2022-04,2022
2022-04-29,1008395.8240263585,0.0,2022-04,2022
2022-05-02,1008395.8240263585,0.0,2022-05,2022
2022-05-04,1008395.8240263585,0.0,2022-05,2022
2022-05-05,1008395.8240263585,0.0,2022-05,2022
2022-05-06,1008395.8240263585,0.0,2022-05,2022
2022-05-09,1008395.8240263585,0.0,2022-05,2022
2022-05-10,1008395.8240263585,0.0,2022-05,2022
2022-05-11,1008395.8240263585,0.0,2022-05,2022
2022-05-12,1008395.8240263585,0.0,2022-05,2022
2022-05-13,1008395.8240263585,0.0,2022-05,2022
2022-05-16,1008395.8240263585,0.0,2022-05,2022
2022-05-17,1008395.8240263585,0.0,2022-05,2022
2022-05-18,1008395.8240263585,0.0,2022-05,2022
2022-05-19,1008395.8240263585,0.0,2022-05,2022
2022-05-20,1008395.8240263585,0.0,2022-05,2022
2022-05-23,1008395.8240263585,0.0,2022-05,2022
2022-05-24,1008395.8240263585,0.0,2022-05,2022
2022-05-25,1008395.8240263585,0.0,2022-05,2022
2022-05-26,1008395.8240263585,0.0,2022-05,2022
2022-05-27,1008395.8240263585,0.0,2022-05,2022
2022-05-30,1008395.8240263585,0.0,2022-05,2022
2022-05-31,1008395.8240263585,0.0,2022-05,2022
2022-06-01,1008395.8240263585,0.0,2022-06,2022
2022-06-02,1008395.8240263585,0.0,2022-06,2022
2022-06-03,1008395.8240263585,0.0,2022-06,2022
2022-06-06,1008395.8240263585,0.0,2022-06,2022
2022-06-07,1008395.8240263585,0.0,2022-06,2022
2022-06-08,1008395.8240263585,0.0,2022-06,2022
2022-06-09,1008395.8240263585,0.0,2022-06,2022
2022-06-10,1008395.8240263585,0.0,2022-06,2022
2022-06-13,1008395.8240263585,0.0,2022-06,2022
2022-06-14,1008395.8240263585,0.0,2022-06,2022
2022-06-15,1008395.8240263585,0.0,2022-06,2022
2022-06-16,1008395.8240263585,0.0,2022-06,2022
2022-06-17,1008395.8240263585,0.0,2022-06,2022
2022-06-20,1008395.8240263585,0.0,2022-06,2022
2022-06-21,1008395.8240263585,0.0,2022-06,2022
2022-06-22,1008395.8240263585,0.0,2022-06,2022
2022-06-23,1008395.8240263585,0.0,2022-06,2022
2022-06-24,1008395.8240263585,0.0,2022-06,2022
2022-06-27,1008395.8240263585,0.0,2022-06,2022
2022-06-28,1008395.8240263585,0.0,2022-06,2022
2022-06-29,1008395.8240263585,0.0,2022-06,2022
2022-06-30,1008395.8240263585,0.0,2022-06,2022
2022-07-01,1008395.8240263585,0.0,2022-07,2022
2022-07-04,1008395.8240263585,0.0,2022-07,2022
2022-07-05,1008395.8240263585,0.0,2022-07,2022
2022-07-06,1008395.8240263585,0.0,2022-07,2022
2022-07-07,1008395.8240263585,0.0,2022-07,2022
2022-07-08,1008395.8240263585,0.0,2022-07,2022
2022-07-11,1008395.8240263585,0.0,2022-07,2022
2022-07-12,1008395.8240263585,0.0,2022-07,2022
2022-07-13,1008395.8240263585,0.0,2022-07,2022
2022-07-14,1008395.8240263585,0.0,2022-07,2022
2022-07-15,1008395.8240263585,0.0,2022-07,2022
2022-07-18,1008395.8240263585,0.0,2022-07,2022
2022-07-19,1008395.8240263585,0.0,2022-07,2022
2022-07-20,1008395.8240263585,0.0,2022-07,2022
2022-07-21,1008395.8240263585,0.0,2022-07,2022
2022-07-22,1008395.8240263585,0.0,2022-07,2022
2022-07-25,1007199.6386816071,-0.001186225999999957,2022-07,2022
2022-07-26,1002600.2061970134,-0.0045665549390131455,2022-07,2022
2022-07-27,1005804.7946174203,0.0031962774400000615,2022-07,2022
2022-07-28,1008894.9578945225,0.003072329038039223,2022-07,2022
2022-07-29,1015353.2899560656,0.006401391949684365,2022-07,2022
2022-08-01,1028681.1879215641,0.013126365076411295,2022-08,2022
2022-08-02,1032005.6418013896,0.0032317630757325855,2022-08,2022
2022-08-03,1032300.9114241746,0.00028611241142972865,2022-08,2022
2022-08-04,1037286.0631201233,0.004829165256738266,2022-08,2022
2022-08-05,1035005.5499409385,-0.00219853833987238,2022-08,2022
2022-08-08,1041647.7869639716,0.006417585899333611,2022-08,2022
2022-08-10,1045177.2600017681,0.003388355528583853,2022-08,2022
2022-08-11,1050218.0521390238,0.004822906439092556,2022-08,2022
2022-08-12,1053947.840771976,0.0035514421270472774,2022-08,2022
2022-08-16,1067954.649406507,0.013289849926796604,2022-08,2022
2022-08-17,1069684.6532881516,0.0016199226087045826,2022-08,2022
2022-08-18,1079799.3152068984,0.00945574182788822,2022-08,2022
2022-08-19,1075305.9854670546,-0.004161263742775034,2022-08,2022
2022-08-22,1070552.660988193,-0.00442043896630695,2022-08,2022
2022-08-23,1070390.516569825,-0.0001514586103764648,2022-08,2022
2022-08-24,1095007.690893476,0.02299831131028629,2022-08,2022
2022-08-25,1095849.7873636326,0.0007690324708766738,2022-08,2022
2022-08-26,1097364.6894418322,0.0013823993905626164,2022-08,2022
2022-08-29,1100019.9674394343,0.0024196860197429615,2022-08,2022
2022-08-30,1118962.8600187525,0.017220498845500476,2022-08,2022
2022-09-01,1128832.7004796737,0.008820525518385525,2022-09,2022
2022-09-02,1132963.1388704902,0.0036590350271226146,2022-09,2022
2022-09-05,1132682.5799119333,-0.00024763290960783113,2022-09,2022
2022-09-06,1145055.5771314222,0.010923622768570285,2022-09,2022
2022-09-07,1146114.6186858881,0.0009248822289646963,2022-09,2022
2022-09-08,1154430.8336620126,0.007256006371910484,2022-09,2022
2022-09-09,1154785.3753607557,0.0003071138507435567,2022-09,2022
2022-09-12,1159819.5511124972,0.004359403798449346,2022-09,2022
2022-09-13,1164662.347090887,0.0041754736534183046,2022-09,2022
2022-09-14,1160337.6701474176,-0.003713245263119891,2022-09,2022
2022-09-15,1174212.7688634037,0.011957811138048502,2022-09,2022
2022-09-16,1154662.59366346,-0.016649601944686232,2022-09,2022
2022-09-19,1157192.9705744383,0.0021914426992477587,2022-09,2022
2022-09-20,1164375.5553533435,0.006206903223184623,2022-09,2022
2022-09-21,1155015.9969318705,-0.008038264268295126,2022-09,2022
2022-09-22,1163988.9650719417,0.007768695986814622,2022-09,2022
2022-09-23,1157318.344606657,-0.0057308279248784455,2022-09,2022
2022-09-26,1112358.8055955314,-0.03884803107169821,2022-09,2022
2022-09-27,1108763.3385343063,-0.003232290734912824,2022-09,2022
2022-09-28,1107007.8490168643,-0.0015832860416926664,2022-09,2022
2022-09-29,1103166.1686811587,-0.0034703280009418247,2022-09,2022
2022-09-30,1120250.253651271,0.015486411254377552,2022-09,2022
2022-10-03,1079150.3529891018,-0.03668814225054717,2022-10,2022
2022-10-04,1101130.6033976811,0.0203681075094837,2022-10,2022
2022-10-06,1118342.1024610414,0.01563075171124284,2022-10,2022
2022-10-07,1122590.5214456073,0.003798854550156605,2022-10,2022
2022-10-10,1114623.7690335698,-0.007096757241258689,2022-10,2022
2022-10-11,1105885.4508848158,-0.0078397019617934,2022-10,2022
2022-10-12,1107329.0034245732,0.0013053364058659422,2022-10,2022
2022-10-13,1101849.0734941736,-0.0049487820814339,2022-10,2022
2022-10-14,1093120.1850730283,-0.007922036357905449,2022-10,2022
2022-10-17,1102828.5866451678,0.008881367030552978,2022-10,2022
2022-10-18,1109416.486299552,0.005973638817637905,2022-10,2022
2022-10-19,1108918.9741876232,-0.0004484448519312956,2022-10,2022
2022-10-20,1104058.5555960624,-0.004383024102479149,2022-10,2022
2022-10-21,1095858.4679312229,-0.007427221702396514,2022-10,2022
2022-10-24,1097627.3043283098,0.0016141102604483315,2022-10,2022
2022-10-25,1098157.588638068,0.0004831187304352724,2022-10,2022
2022-10-27,1098442.5866472716,0.00025952378069638016,2022-10,2022
2022-10-28,1096331.926867717,-0.0019215021387662956,2022-10,2022
2022-10-31,1109379.1812511003,0.011900824981591285,2022-10,2022
2022-11-01,1117842.6007563258,0.00762896911016564,2022-11,2022
2022-11-02,1114534.5735227698,-0.002959296086334273,2022-11,2022
2022-11-03,1118605.575306091,0.003652647374099649,2022-11,2022
2022-11-04,1124909.3578765676,0.005635393484206164,2022-11,2022
2022-11-07,1149251.8590949588,0.021639522373910314,2022-11,2022
2022-11-09,1153835.2636329802,0.003988163692535407,2022-11,2022
2022-11-10,1149523.6566741418,-0.003736761299236835,2022-11,2022
2022-11-11,1144278.3619780105,-0.004563015876773879,2022-11,2022
2022-11-14,1140019.318582526,-0.0037220343729320593,2022-11,2022
2022-11-15,1143100.7945516887,0.0027030032903250234,2022-11,2022
2022-11-16,1142968.4940500145,-0.00011573826411870325,2022-11,2022
2022-11-17,1144586.164362403,0.0014153236251128742,2022-11,2022
2022-11-18,1142548.2476956127,-0.001780483401112587,2022-11,2022
2022-11-21,1141049.5886158138,-0.0013116812203086692,2022-11,2022
2022-11-22,1142981.5173367087,0.0016931154790902347,2022-11,2022
2022-11-23,1139336.301642181,-0.0031892166576951153,2022-11,2022
2022-11-24,1143730.4745226838,0.0038567830009184068,2022-11,2022
2022-11-25,1141473.0225721318,-0.0019737621763502577,2022-11,2022
2022-11-28,1141130.1760143712,-0.0003003544989509388,2022-11,2022
2022-11-29,1139835.8213216863,-0.0011342743535235345,2022-11,2022
2022-11-30,1134456.7947538756,-0.004719123988903506,2022-11,2022
2022-12-01,1145250.2662659609,0.009514219987925454,2022-12,2022
2022-12-02,1149254.4483274817,0.0034963380314909642,2022-12,2022
2022-12-05,1155983.248464632,0.005854926336759325,2022-12,2022
2022-12-06,1174520.6019098598,0.01603600525340565,2022-12,2022
2022-12-07,1176354.408146392,0.0015613231760689406,2022-12,2022
2022-12-08,1202643.6199912014,0.022348037005475163,2022-12,2022
2022-12-09,1180618.4489555508,-0.018313963230280783,2022-12,2022
2022-12-12,1190875.5910296962,0.008687939853234905,2022-12,2022
2022-12-13,1216447.1096759234,0.021472871590320075,2022-12,2022
2022-12-14,1215992.6070346744,-0.0003736312393969321,2022-12,2022
2022-12-15,1194305.5633771904,-0.017834848281166882,2022-12,2022
2022-12-16,1174110.953974951,-0.016909080909858765,2022-12,2022
2022-12-19,1181585.341218832,0.006365997368967813,2022-12,2022
2022-12-20,1183139.3494442948,0.0013151891541409721,2022-12,2022
2022-12-21,1150492.6681138962,-0.027593268151999473,2022-12,2022
2022-12-22,1134801.1021070553,-0.013638996963418748,2022-12,2022
2022-12-23,1049340.2686950134,-0.0753090856656391,2022-12,2022
2022-12-26,1114260.003326097,0.06186719081296621,2022-12,2022
2022-12-27,1114260.003326097,0.0,2022-12,2022
2022-12-28,1114260.003326097,0.0,2022-12,2022
2022-12-29,1114260.003326097,0.0,2022-12,2022
2022-12-30,1114260.003326097,0.0,2022-12,2022
2023-01-02,1114260.003326097,0.0,2023-01,2023
2023-01-03,1114260.003326097,0.0,2023-01,2023
2023-01-04,1114260.003326097,0.0,2023-01,2023
2023-01-05,1114260.003326097,0.0,2023-01,2023
2023-01-06,1114260.003326097,0.0,2023-01,2023
2023-01-09,1114260.003326097,0.0,2023-01,2023
2023-01-10,1114260.003326097,0.0,2023-01,2023
2023-01-11,1114260.003326097,0.0,2023-01,2023
2023-01-12,1114260.003326097,0.0,2023-01,2023
2023-01-13,1114260.003326097,0.0,2023-01,2023
2023-01-16,1114260.003326097,0.0,2023-01,2023
2023-01-17,1114260.003326097,0.0,2023-01,2023
2023-01-18,1114260.003326097,0.0,2023-01,2023
2023-01-19,1114260.003326097,0.0,2023-01,2023
2023-01-20,1114260.003326097,0.0,2023-01,2023
2023-01-23,1114260.003326097,0.0,2023-01,2023
2023-01-24,1114260.003326097,0.0,2023-01,2023
2023-01-25,1114260.003326097,0.0,2023-01,2023
2023-01-27,1114260.003326097,0.0,2023-01,2023
2023-01-30,1114260.003326097,0.0,2023-01,2023
2023-01-31,1114260.003326097,0.0,2023-01,2023
2023-02-01,1114260.003326097,0.0,2023-02,2023
2023-02-02,1114260.003326097,0.0,2023-02,2023
2023-02-03,1114260.003326097,0.0,2023-02,2023
2023-02-06,1114260.003326097,0.0,2023-02,2023
2023-02-07,1114260.003326097,0.0,2023-02,2023
2023-02-08,1114260.003326097,0.0,2023-02,2023
2023-02-09,1114260.003326097,0.0,2023-02,2023
2023-02-10,1114260.003326097,0.0,2023-02,2023
2023-02-13,1114260.003326097,0.0,2023-02,2023
2023-02-14,1114260.003326097,0.0,2023-02,2023
2023-02-15,1114260.003326097,0.0,2023-02,2023
2023-02-16,1114260.003326097,0.0,2023-02,2023
2023-02-17,1114260.003326097,0.0,2023-02,2023
2023-02-20,1114260.003326097,0.0,2023-02,2023
2023-02-21,1114260.003326097,0.0,2023-02,2023
2023-02-22,1114260.003326097,0.0,2023-02,2023
2023-02-23,1114260.003326097,0.0,2023-02,2023
2023-02-24,1114260.003326097,0.0,2023-02,2023
2023-02-27,1114260.003326097,0.0,2023-02,2023
2023-02-28,1114260.003326097,0.0,2023-02,2023
2023-03-01,1114260.003326097,0.0,2023-03,2023
2023-03-02,1114260.003326097,0.0,2023-03,2023
2023-03-03,1114260.003326097,0.0,2023-03,2023
2023-03-06,1114260.003326097,0.0,2023-03,2023
2023-03-08,1114260.003326097,0.0,2023-03,2023
2023-03-09,1114260.003326097,0.0,2023-03,2023
2023-03-10,1114260.003326097,0.0,2023-03,2023
2023-03-13,1114260.003326097,0.0,2023-03,2023
2023-03-14,1114260.003326097,0.0,2023-03,2023
2023-03-15,1114260.003326097,0.0,2023-03,2023
2023-03-16,1114260.003326097,0.0,2023-03,2023
2023-03-17,1114260.003326097,0.0,2023-03,2023
2023-03-20,1114260.003326097,0.0,2023-03,2023
2023-03-21,1114260.003326097,0.0,2023-03,2023
2023-03-22,1114260.003326097,0.0,2023-03,2023
2023-03-23,1114260.003326097,0.0,2023-03,2023
2023-03-24,1114260.003326097,0.0,2023-03,2023
2023-03-27,1114260.003326097,0.0,2023-03,2023
2023-03-28,1114260.003326097,0.0,2023-03,2023
2023-03-29,1114260.003326097,0.0,2023-03,2023
2023-03-31,1114260.003326097,0.0,2023-03,2023
2023-04-03,1114260.003326097,0.0,2023-04,2023
2023-04-05,1114260.003326097,0.0,2023-04,2023
2023-04-06,1114260.003326097,0.0,2023-04,2023
2023-04-10,1114260.003326097,0.0,2023-04,2023
2023-04-11,1114260.003326097,0.0,2023-04,2023
2023-04-12,1114260.003326097,0.0,2023-04,2023
2023-04-13,1114260.003326097,0.0,2023-04,2023
2023-04-17,1114260.003326097,0.0,2023-04,2023
2023-04-18,1114260.003326097,0.0,2023-04,2023
2023-04-19,1114260.003326097,0.0,2023-04,2023
2023-04-20,1114260.003326097,0.0,2023-04,2023
2023-04-21,1114260.003326097,0.0,2023-04,2023
2023-04-24,1114260.003326097,0.0,2023-04,2023
2023-04-25,1114260.003326097,0.0,2023-04,2023
2023-04-26,1114260.003326097,0.0,2023-04,2023
2023-04-27,1114260.003326097,0.0,2023-04,2023
2023-04-28,1114260.003326097,0.0,2023-04,2023
2023-05-02,1112938.2391393916,-0.001186225999999957,2023-05,2023
2023-05-03,1104538.6539175822,-0.007547215942822261,2023-05,2023
2023-05-04,1115064.2078451551,0.009529366754382762,2023-05,2023
2023-05-05,1109435.6210717205,-0.0050477692081174474,2023-05,2023
2023-05-08,1107502.697192986,-0.0017422587142706947,2023-05,2023
2023-05-09,1100186.9801650683,-0.006605597482028491,2023-05,2023
2023-05-10,1099799.1809623248,-0.0003524848137043124,2023-05,2023
2023-05-11,1093902.2092663131,-0.00536186223638746,2023-05,2023
2023-05-12,1096218.375120379,0.0021173426970400033,2023-05,2023
2023-05-15,1102553.3418204617,0.005778927669760181,2023-05,2023
2023-05-16,1098846.738775617,-0.0033618355722586646,2023-05,2023
2023-05-17,1098967.9089918174,0.00011027035156452314,2023-05,2023
2023-05-18,1095953.1647202116,-0.0027432505052594758,2023-05,2023
2023-05-19,1097705.8929671799,0.0015992729465001965,2023-05,2023
2023-05-22,1097292.9058013833,-0.00037622751999644155,2023-05,2023
2023-05-23,1099319.8124969627,0.0018471883713666593,2023-05,2023
2023-05-24,1100060.6986481596,0.0006739496029950498,2023-05,2023
2023-05-25,1108195.310185729,0.007394693354253912,2023-05,2023
2023-05-26,1115741.609545415,0.0068095391582385645,2023-05,2023
2023-05-29,1118816.5660388866,0.002755975458085036,2023-05,2023
2023-05-30,1121311.6455137986,0.002230105944664107,2023-05,2023
2023-05-31,1126971.1074874664,0.005047180234246662,2023-05,2023
2023-06-01,1123746.6286261906,-0.002861190353375287,2023-06,2023
2023-06-02,1130028.6051367386,0.005590207214439369,2023-06,2023
2023-06-05,1133029.782130616,0.002655841613420362,2023-06,2023
2023-06-06,1134941.7862791119,0.001687514466654605,2023-06,2023
2023-06-07,1137251.1645238234,0.002034798852796449,2023-06,2023
2023-06-08,1130345.9821328206,-0.006071818263553075,2023-06,2023
2023-06-09,1132832.9879568147,0.002200216449923964,2023-06,2023
2023-06-12,1137445.607513748,0.004071756036388763,2023-06,2023
2023-06-13,1142316.5498888365,0.004282351914598692,2023-06,2023
2023-06-14,1140469.5759299537,-0.0016168670225975568,2023-06,2023
2023-06-15,1140495.6712071602,2.2881169087884956e-05,2023-06,2023
2023-06-16,1143860.7152850477,0.002950510171008114,2023-06,2023
2023-06-19,1142277.7215151978,-0.0013839043064394208,2023-06,2023
2023-06-20,1145181.1616322242,0.002541798778299853,2023-06,2023
2023-06-21,1148534.1425540159,0.0029279043649412806,2023-06,2023
2023-06-22,1142195.8063090448,-0.005518631105625116,2023-06,2023
2023-06-23,1119400.718941288,-0.019957250098315504,2023-06,2023
2023-06-26,1116427.562478625,-0.00265602515020269,2023-06,2023
2023-06-27,1127981.6480250456,0.010349158274782333,2023-06,2023
2023-06-28,1143046.0402325334,0.013355174912520695,2023-06,2023
2023-06-30,1142079.195161764,-0.0008458496304948326,2023-06,2023
2023-07-03,1146502.3525617896,0.003872899023783516,2023-07,2023
2023-07-04,1148229.3642519894,0.0015063306990525938,2023-07,2023
2023-07-05,1150736.5049430348,0.0021834842141306154,2023-07,2023
2023-07-06,1149969.382923374,-0.00066663568624592,2023-07,2023
2023-07-07,1150774.7515522046,0.0007003391923212643,2023-07,2023
2023-07-10,1149649.8140635295,-0.0009775479407744259,2023-07,2023
2023-07-11,1153832.8539975034,0.003638533997747162,2023-07,2023
2023-07-12,1154481.3173291516,0.0005620080321004917,2023-07,2023
2023-07-13,1152006.7743598558,-0.0021434240053537224,2023-07,2023
2023-07-14,1153485.119036858,0.0012832777635563009,2023-07,2023
2023-07-17,1152340.245176542,-0.0009925345732000324,2023-07,2023
2023-07-18,1152440.5015064273,8.700236783787396e-05,2023-07,2023
2023-07-19,1157600.5863715773,0.00447752821807712,2023-07,2023
2023-07-20,1158698.94147625,0.0009488204460188499,2023-07,2023
2023-07-21,1158950.7741069954,0.00021734086545777132,2023-07,2023
2023-07-24,1173646.7685523718,0.012680430242345775,2023-07,2023
2023-07-25,1178273.2807544754,0.003941997137528963,2023-07,2023
2023-07-26,1181243.1453495417,0.0025205227374456296,2023-07,2023
2023-07-27,1189750.1334321145,0.007201724823601374,2023-07,2023
2023-07-28,1192787.3285208507,0.002552800796899124,2023-07,2023
2023-07-31,1209576.5487136468,0.01407561917480793,2023-07,2023
2023-08-01,1202941.7522587155,-0.005485222462346284,2023-08,2023
2023-08-02,1191550.475487984,-0.009469516499317154,2023-08,2023
2023-08-03,1194912.8000432206,0.0028218062301217373,2023-08,2023
2023-08-04,1195269.8572746883,0.00029881446700952274,2023-08,2023
2023-08-07,1205886.2695808914,0.008882021278784125,2023-08,2023
2023-08-08,1210721.4683823448,0.004009664031695115,2023-08,2023
2023-08-09,1212134.9165531406,0.0011674428906298662,2023-08,2023
2023-08-10,1207129.6503544198,-0.004129297927456754,2023-08,2023
2023-08-11,1208581.8249049871,0.0012029979962309145,2023-08,2023
2023-08-14,1209562.3036764194,0.0008112638724393495,2023-08,2023
2023-08-16,1211288.831535055,0.0014273988643560553,2023-08,2023
2023-08-17,1217704.3065460431,0.0052964039987537515,2023-08,2023
2023-08-18,1214532.6548947897,-0.002604615614976047,2023-08,2023
2023-08-21,1218781.523977548,0.003498357220478532,2023-08,2023
2023-08-22,1219424.7533590537,0.0005277643029955037,2023-08,2023
2023-08-23,1235875.6928756617,0.013490737719807466,2023-08,2023
2023-08-24,1230101.804414722,-0.004671900656533667,2023-08,2023
2023-08-25,1220600.9986242002,-0.00772359308507975,2023-08,2023
2023-08-28,1234951.3497608684,0.011756791246970266,2023-08,2023
2023-08-29,1229893.638026715,-0.004095474477705308,2023-08,2023
2023-08-30,1232878.2915351186,0.002426757417163472,2023-08,2023
2023-08-31,1228002.0069754368,-0.003955203521030515,2023-08,2023
2023-09-01,1227554.2863341826,-0.00036459276019995546,2023-09,2023
2023-09-04,1242980.7598534753,0.012566836099249246,2023-09,2023
2023-09-05,1245931.0751091822,0.002373580791431351,2023-09,2023
2023-09-06,1237600.7875075997,-0.006685993926953349,2023-09,2023
2023-09-07,1247517.3446679516,0.008012726931374115,2023-09,2023
2023-09-08,1277259.6712957616,0.023841212913738197,2023-09,2023
2023-09-11,1289716.285282527,0.009752608859973089,2023-09,2023
2023-09-12,1252458.2087252825,-0.028888583467861606,2023-09,2023
2023-09-13,1252900.6201446126,0.0003532344762069428,2023-09,2023
2023-09-14,1257487.3737697704,0.003660907777847777,2023-09,2023
2023-09-15,1253426.196573673,-0.0032295967981949003,2023-09,2023
2023-09-18,1257734.721301896,0.0034373980215194333,2023-09,2023
2023-09-20,1267261.5808885805,0.007574617624313662,2023-09,2023
2023-09-21,1256343.501612776,-0.008615489840818058,2023-09,2023
2023-09-22,1263487.4778641849,0.005686324036569657,2023-09,2023
2023-09-25,1275737.3488232368,0.009695284815769867,2023-09,2023
2023-09-26,1268758.3804423944,-0.005470537009267584,2023-09,2023
2023-09-27,1301813.5588486078,0.026053170497827738,2023-09,2023
2023-09-28,1294848.3761507566,-0.005350368837770847,2023-09,2023
2023-09-29,1310950.645081784,0.012435640517923341,2023-09,2023
2023-10-03,1314662.3607187918,0.00283131607656828,2023-10,2023
2023-10-04,1290285.0332415677,-0.018542652627474565,2023-10,2023
2023-10-05,1287537.253156262,-0.0021295915356024375,2023-10,2023
2023-10-06,1292536.9411650049,0.003883140465634316,2023-10,2023
2023-10-09,1274816.47988139,-0.013709829653025474,2023-10,2023
2023-10-10,1298135.0193606503,0.018291683428370842,2023-10,2023
2023-10-11,1301350.69331575,0.0024771490693498155,2023-10,2023
2023-10-12,1300647.5328357876,-0.0005403312754771461,2023-10,2023
2023-10-13,1321381.0102107204,0.01594088855858411,2023-10,2023
2023-10-16,1334177.9624092956,0.009684528610362397,2023-10,2023
2023-10-17,1342423.271934222,0.006180067245329601,2023-10,2023
2023-10-18,1323788.4961694563,-0.013881445706700135,2023-10,2023
2023-10-19,1328135.9698735962,0.0032841150355362725,2023-10,2023
2023-10-20,1321260.3866049643,-0.005176866995994622,2023-10,2023
2023-10-23,1291552.2052798038,-0.0224847286926515,2023-10,2023
2023-10-25,1278770.477347752,-0.009896408275097746,2023-10,2023
2023-10-26,1266024.3339550619,-0.009967498951904519,2023-10,2023
2023-10-27,1280736.2994385918,0.011620602455222784,2023-10,2023
2023-10-30,1289203.157980815,0.006610930404592041,2023-10,2023
2023-10-31,1286568.9089050745,-0.0020433157174905014,2023-10,2023
2023-11-01,1282051.6024434087,-0.003511126711052137,2023-11,2023
2023-11-02,1284882.5288842334,0.0022081220720207018,2023-11,2023
2023-11-03,1284676.797190544,-0.00016011712282226753,2023-11,2023
2023-11-06,1286940.0948549765,0.0017617642580469717,2023-11,2023
2023-11-07,1286285.3637210168,-0.000508750280278969,2023-11,2023
2023-11-08,1284257.3831038617,-0.001576617968573113,2023-11,2023
2023-11-09,1281102.078540091,-0.0024569098105122755,2023-11,2023
2023-11-10,1281239.335570411,0.00010713980768528586,2023-11,2023
2023-11-13,1283256.3471748065,0.0015742660628643712,2023-11,2023
2023-11-15,1282426.812367302,-0.0006464295378946217,2023-11,2023
2023-11-16,1282634.2047852108,0.00016171871635006774,2023-11,2023
2023-11-17,1280608.2145438397,-0.0015795541969897409,2023-11,2023
2023-11-20,1286478.792850044,0.004584211033110908,2023-11,2023
2023-11-21,1285505.6842570566,-0.0007564124635367486,2023-11,2023
2023-11-22,1284148.9924365552,-0.001055375979364448,2023-11,2023
2023-11-23,1281951.7920801572,-0.001711016688358713,2023-11,2023
2023-11-24,1282037.8104412765,6.709952874262015e-05,2023-11,2023
2023-11-28,1281367.1056709155,-0.0005231552181211852,2023-11,2023
2023-11-29,1281635.9467091658,0.00020980797545111507,2023-11,2023
2023-11-30,1286304.0980183138,0.0036423379986605386,2023-11,2023
2023-12-01,1295243.0099063916,0.006949299082424698,2023-12,2023
2023-12-04,1307755.274829161,0.009660167881294868,2023-12,2023
2023-12-05,1300608.945983708,-0.0054645765786619505,2023-12,2023
2023-12-06,1300301.8940904127,-0.00023608317799395095,2023-12,2023
2023-12-07,1313574.2139707706,0.010207106473256511,2023-12,2023
2023-12-08,1318534.7530252747,0.0037763675639681527,2023-12,2023
2023-12-11,1325367.5188299576,0.005182090035174003,2023-12,2023
2023-12-12,1320244.7936712818,-0.0038651355838251744,2023-12,2023
2023-12-13,1352812.254121445,0.02466774389588844,2023-12,2023
2023-12-14,1355276.2960116253,0.001821421917693078,2023-12,2023
2023-12-15,1345288.0110706496,-0.0073699252103572865,2023-12,2023
2023-12-18,1342490.5424522068,-0.002079457034792398,2023-12,2023
2023-12-19,1347426.5343012274,0.003676742362746621,2023-12,2023
2023-12-20,1311484.347313847,-0.02667469140053713,2023-12,2023
2023-12-21,1321477.1851309645,0.007619486910068529,2023-12,2023
2023-12-22,1328770.5333533888,0.005519087506381304,2023-12,2023
2023-12-26,1353636.4182964046,0.018713453014541415,2023-12,2023
2023-12-27,1351145.7816584234,-0.0018399598328743272,2023-12,2023
2023-12-28,1371984.728889765,0.015423167147636363,2023-12,2023
2023-12-29,1376449.9124951223,0.0032545432258350715,2023-12,2023
2024-01-01,1388534.4414327876,0.008779490505222531,2024-01,2024
2024-01-02,1388625.1841971104,6.535146814878878e-05,2024-01,2024
2024-01-03,1388414.4661586736,-0.00015174579925147924,2024-01,2024
2024-01-04,1413049.9818030754,0.017743632211324467,2024-01,2024
2024-01-05,1410311.395004102,-0.001938067891610551,2024-01,2024
2024-01-08,1397378.2054599957,-0.009170449582922569,2024-01,2024
2024-01-09,1399519.5164200265,0.0015323775279048046,2024-01,2024
2024-01-10,1400429.0592670145,0.0006498965082777364,2024-01,2024
2024-01-11,1406466.726145051,0.004311297911224754,2024-01,2024
2024-01-12,1408063.783193907,0.0011355100118388695,2024-01,2024
2024-01-15,1420759.0489406586,0.00901611553274595,2024-01,2024
2024-01-16,1432507.127428447,0.008268874652987757,2024-01,2024
2024-01-17,1421466.2875745888,-0.007707354220064522,2024-01,2024
2024-01-18,1414064.0030305206,-0.005207499192047993,2024-01,2024
2024-01-19,1438777.5118285457,0.01747693792152316,2024-01,2024
2024-01-23,1401430.223063932,-0.025957653951060755,2024-01,2024
2024-01-24,1445231.4366729066,0.031254651775107556,2024-01,2024
2024-01-25,1476980.8850910305,0.021968418076494967,2024-01,2024
2024-01-29,1522586.4473948916,0.030877557566393543,2024-01,2024
2024-01-30,1524231.3460837225,0.001080331886340602,2024-01,2024
2024-01-31,1544534.8543280652,0.013320489895782162,2024-01,2024
2024-02-01,1539874.2736249426,-0.0030174655431457476,2024-02,2024
2024-02-02,1573421.0501769732,0.021785399708678765,2024-02,2024
2024-02-05,1600917.6799756866,0.017475697173125138,2024-02,2024
2024-02-06,1617495.4821779076,0.010355187158950452,2024-02,2024
2024-02-07,1611456.8632313034,-0.003733314258456799,2024-02,2024
2024-02-08,1633414.1132824942,0.013625713819706009,2024-02,2024
2024-02-09,1558414.6918194306,-0.04591574228065509,2024-02,2024
2024-02-12,1446445.7638724945,-0.07184796738293941,2024-02,2024
2024-02-13,1465557.1557757528,0.013212657107925407,2024-02,2024
2024-02-14,1496000.7334372366,0.020772698998128947,2024-02,2024
2024-02-15,1519497.3503243208,0.015706287010366582,2024-02,2024
2024-02-16,1507224.6580987254,-0.008076810547235191,2024-02,2024
2024-02-19,1512683.3698808933,0.003621697503976451,2024-02,2024
2024-02-20,1507777.30835941,-0.003243283835314248,2024-02,2024
2024-02-21,1478692.6525093815,-0.019289755648116858,2024-02,2024
2024-02-22,1484925.9204883475,0.004215391189229312,2024-02,2024
2024-02-23,1475795.510693282,-0.006148730835045968,2024-02,2024
2024-02-26,1473841.260090102,-0.0013242014825359805,2024-02,2024
2024-02-27,1458108.6544701466,-0.010674559089893787,2024-02,2024
2024-02-28,1416782.0279460386,-0.028342624808797567,2024-02,2024
2024-02-29,1434185.8247485873,0.012284032729988459,2024-02,2024
2024-03-01,1454694.1875772695,0.01429965522931953,2024-03,2024
2024-03-04,1484035.611960075,0.020170166783763932,2024-03,2024
2024-03-05,1496620.1350251224,0.008479933340970192,2024-03,2024
2024-03-06,1491256.442105243,-0.0035838706124246,2024-03,2024
2024-03-07,1495420.9753115992,0.0027926338413513108,2024-03,2024
2024-03-11,1478209.459313992,-0.011509478790091787,2024-03,2024
2024-03-12,1449313.3464489668,-0.019548050300283726,2024-03,2024
2024-03-13,1365132.055782454,-0.058083568244761796,2024-03,2024
2024-03-14,1409890.6226046374,0.032786986894487,2024-03,2024
2024-03-15,1381693.3201650972,-0.01999963826090878,2024-03,2024
2024-03-18,1369290.9609442567,-0.008976202634719654,2024-03,2024
2024-03-19,1344107.174833657,-0.018391844267512836,2024-03,2024
2024-03-20,1343027.3116117166,-0.0008034055930651318,2024-03,2024
2024-03-21,1373956.1402347283,0.023029188130132106,2024-03,2024
2024-03-22,1378580.4992032445,0.003365725319096402,2024-03,2024
2024-03-26,1393280.0505288905,0.010662816813484355,2024-03,2024
2024-03-27,1392328.9597147545,-0.0006826271672912831,2024-03,2024
2024-03-28,1403583.4658369427,0.008083223467889367,2024-03,2024
2024-04-01,1435771.296693292,0.022932609025253736,2024-04,2024
2024-04-02,1458004.7555848267,0.015485376356763947,2024-04,2024
2024-04-03,1477861.56771527,0.013619168287608563,2024-04,2024
2024-04-04,1476402.42451557,-0.0009873341533305213,2024-04,2024
2024-04-05,1476187.026570527,-0.00014589378984097845,2024-04,2024
2024-04-08,1466559.4129789458,-0.00652194702858766,2024-04,2024
2024-04-09,1447195.6596221137,-0.013203524647869225,2024-04,2024
2024-04-10,1460786.1168780052,0.009390891387443867,2024-04,2024
2024-04-12,1452022.6806901959,-0.005999123407976037,2024-04,2024
2024-04-15,1426498.1067492813,-0.01757863308910701,2024-04,2024
2024-04-16,1432580.9161708383,0.004264155271413994,2024-04,2024
2024-04-18,1429148.5053222107,-0.002395962985324518,2024-04,2024
2024-04-19,1423307.0359767529,-0.004087377430479711,2024-04,2024
2024-04-22,1435373.786385538,0.00847796722968086,2024-04,2024
2024-04-23,1453921.536060097,0.012921895223727553,2024-04,2024
2024-04-24,1455558.294576222,0.0011257543653699909,2024-04,2024
2024-04-25,1466820.168177538,0.007737150510069402,2024-04,2024
2024-04-26,1486717.553222348,0.01356497918182531,2024-04,2024
2024-04-29,1474267.9947217787,-0.008373855863600843,2024-04,2024
2024-04-30,1472073.5133847045,-0.0014885226735783519,2024-04,2024
2024-05-02,1488614.9429635184,0.011236823044781685,2024-05,2024
2024-05-03,1483287.0829718132,-0.0035790719533546067,2024-05,2024
2024-05-06,1454054.051084206,-0.01970827645113571,2024-05,2024
2024-05-07,1431654.9543118775,-0.015404583313547882,2024-05,2024
2024-05-08,1436781.4453206211,0.0035808146322573453,2024-05,2024
2024-05-09,1415259.514911326,-0.014979265273357134,2024-05,2024
2024-05-10,1420353.3412159085,0.0035992171406822315,2024-05,2024
2024-05-13,1414596.8936502126,-0.004052827841252604,2024-05,2024
2024-05-14,1440573.9393781144,0.018363567631532796,2024-05,2024
2024-05-15,1447812.5039805064,0.005024778252976647,2024-05,2024
2024-05-16,1449659.668279551,0.001275831154908591,2024-05,2024
2024-05-17,1460370.0602457486,0.007388211316459392,2024-05,2024
2024-05-21,1488211.3453798643,0.019064541168031468,2024-05,2024
2024-05-22,1477034.8113729418,-0.007510044888194067,2024-05,2024
2024-05-23,1501563.4842252275,0.016606699221588084,2024-05,2024
2024-05-24,1515649.1567133213,0.009380670638352573,2024-05,2024
2024-05-27,1512836.9517687925,-0.0018554458543870167,2024-05,2024
2024-05-28,1492346.02061154,-0.013544705616355235,2024-05,2024
2024-05-29,1506117.524443409,0.009228090296528935,2024-05,2024
2024-05-30,1472114.0392605294,-0.02257691357481917,2024-05,2024
2024-05-31,1476137.280505716,0.00273296846432336,2024-05,2024
2024-06-03,1539056.2711257192,0.042624078025078616,2024-06,2024
2024-06-04,1383343.3972521801,-0.10117425645499323,2024-06,2024
2024-06-05,1403394.3214622347,0.014494538557731085,2024-06,2024
2024-06-06,1438359.4744650256,0.024914703207833844,2024-06,2024
2024-06-07,1458455.1654489103,0.013971257770147405,2024-06,2024
2024-06-10,1452859.8826896613,-0.0038364448162702125,2024-06,2024
2024-06-11,1458641.3501189486,0.003979370273879512,2024-06,2024
2024-06-12,1468146.4069833332,0.006516376944619928,2024-06,2024
2024-06-13,1489357.3859736808,0.014447454892411393,2024-06,2024
2024-06-14,1527098.5619991114,0.02534057733950612,2024-06,2024
2024-06-18,1550517.4683862238,0.015335556571053788,2024-06,2024
2024-06-19,1526562.0921147596,-0.015449923499666784,2024-06,2024
2024-06-20,1528072.6611007575,0.0009895234486698712,2024-06,2024
2024-06-21,1512862.4189156801,-0.009953873642448818,2024-06,2024
2024-06-24,1525821.2938752866,0.00856579871214902,2024-06,2024
2024-06-25,1530064.544668518,0.002780961840199714,2024-06,2024
2024-06-26,1521562.0006244874,-0.005556983902187396,2024-06,2024
2024-06-27,1538812.4213635975,0.011337310429696545,2024-06,2024
2024-06-28,1533588.0633112534,-0.003395058409857765,2024-06,2024
2024-07-01,1549517.1434970936,0.010386805014279243,2024-07,2024
2024-07-02,1545887.7942079543,-0.002342245327436765,2024-07,2024
2024-07-03,1579819.1983328704,0.021949461178261576,2024-07,2024
2024-07-04,1611336.653884549,0.01995003958993391,2024-07,2024
2024-07-05,1649031.8484598175,0.023393742384246297,2024-07,2024
2024-07-08,1656208.8474823786,0.004352250097088506,2024-07,2024
2024-07-09,1644815.2433012,-0.006879328170778853,2024-07,2024
2024-07-10,1645235.3391435253,0.000255406097454669,2024-07,2024
2024-07-11,1665066.083694854,0.01205343945605497,2024-07,2024
2024-07-12,1655232.0150184492,-0.005906113140316083,2024-07,2024
2024-07-15,1651047.315169318,-0.002528165121965964,2024-07,2024
2024-07-16,1646470.6383496937,-0.0027719840476861934,2024-07,2024
2024-07-18,1591882.9263095274,-0.03315437929393095,2024-07,2024
2024-07-19,1556131.4037037448,-0.022458638141603537,2024-07,2024
2024-07-22,1581162.0834341855,0.01608519670695241,2024-07,2024
2024-07-23,1562991.250593693,-0.011492074741019986,2024-07,2024
2024-07-24,1568084.2296123249,0.0032584821039127743,2024-07,2024
2024-07-25,1564120.5941696344,-0.0025276929439372875,2024-07,2024
2024-07-26,1564281.757650549,0.000103037759054736,2024-07,2024
2024-07-29,1611983.0433582682,0.030494049728843953,2024-07,2024
2024-07-30,1620059.9273636946,0.005010526654548153,2024-07,2024
2024-07-31,1622178.100283683,0.0013074657821054991,2024-07,2024
2024-08-01,1606143.237959441,-0.00988477302303481,2024-08,2024
2024-08-02,1572303.8344818887,-0.02106873327222314,2024-08,2024
2024-08-05,1509887.1552442887,-0.03969759398199757,2024-08,2024
2024-08-06,1491975.929204628,-0.011862625612417244,2024-08,2024
2024-08-07,1552965.6545625187,0.04087849151185985,2024-08,2024
2024-08-08,1568835.7141055614,0.010219195444804319,2024-08,2024
2024-08-09,1593633.0179424859,0.015806182644855227,2024-08,2024
2024-08-12,1596433.7557493304,0.001757454680789916,2024-08,2024
2024-08-13,1560365.5235805984,-0.022593002709218157,2024-08,2024
2024-08-14,1548387.4843649399,-0.007676431601854605,2024-08,2024
2024-08-16,1548590.7711157415,0.00013128932702843876,2024-08,2024
2024-08-19,1543368.5425866568,-0.003372245674253982,2024-08,2024
2024-08-20,1545213.7793217073,0.001195590478964892,2024-08,2024
2024-08-21,1552890.9045471447,0.004968325631167669,2024-08,2024
2024-08-22,1564996.8666907025,0.007795758290623844,2024-08,2024
2024-08-23,1555000.4059416358,-0.006387527644195812,2024-08,2024
2024-08-26,1551660.077262374,-0.0021481207763666132,2024-08,2024
2024-08-27,1561104.6365820942,0.0060867450662154265,2024-08,2024
2024-08-28,1564828.6910598748,0.002385525217537099,2024-08,2024
2024-08-29,1559136.5392145338,-0.0036375559049123263,2024-08,2024
2024-08-30,1563413.5946334656,0.00274322056558729,2024-08,2024
2024-09-02,1553555.0199377835,-0.006305800799943473,2024-09,2024
2024-09-03,1560502.9866699488,0.004472301684200097,2024-09,2024
2024-09-04,1560072.2428204648,-0.0002760288529810584,2024-09,2024
2024-09-05,1563867.20052295,0.0024325525436079687,2024-09,2024
2024-09-06,1556640.5913222167,-0.004620986486778889,2024-09,2024
2024-09-09,1550826.0981785133,-0.0037352830037435947,2024-09,2024
2024-09-10,1560832.2368788607,0.006452134583045721,2024-09,2024
2024-09-11,1554083.936424246,-0.0043235270871320175,2024-09,2024
2024-09-12,1559663.0216768915,0.0035899510456829375,2024-09,2024
2024-09-13,1584779.1481041666,0.016103559601144513,2024-09,2024
2024-09-16,1595424.9931954872,0.0067175575246909425,2024-09,2024
2024-09-17,1593359.3063951875,-0.0012947564499176112,2024-09,2024
2024-09-18,1559199.1400801367,-0.021439085445413286,2024-09,2024
2024-09-19,1544585.365549992,-0.009372615822115904,2024-09,2024
2024-09-20,1565065.9035383267,0.013259570137803323,2024-09,2024
2024-09-23,1559949.364507567,-0.003269216343664727,2024-09,2024
2024-09-24,1561447.0844140064,0.0009601080269117102,2024-09,2024
2024-09-25,1546171.6910809865,-0.009782844058883078,2024-09,2024
2024-09-26,1550402.1922620106,0.0027361134636130213,2024-09,2024
2024-09-27,1560471.0030226284,0.006494321802994474,2024-09,2024
2024-09-30,1555824.6595277356,-0.002977526327559321,2024-09,2024
2024-10-01,1564529.1534328181,0.005594778210884499,2024-10,2024
2024-10-03,1543861.003151239,-0.013210460307645944,2024-10,2024
2024-10-04,1531693.8409913594,-0.007880995850691574,2024-10,2024
2024-10-07,1515070.3798499054,-0.010852992090570002,2024-10,2024
2024-10-08,1562818.9729192024,0.03151575907254389,2024-10,2024
2024-10-09,1573570.5002069843,0.006879573049781262,2024-10,2024
2024-10-10,1554711.2862758348,-0.011984981879533785,2024-10,2024
2024-10-11,1568180.1999051645,0.00866328928607274,2024-10,2024
2024-10-14,1569107.8540968709,0.0005915482109533077,2024-10,2024
2024-10-15,1579941.5286281563,0.006904353007346931,2024-10,2024
2024-10-16,1562813.6726292507,-0.010840816377412077,2024-10,2024
2024-10-17,1554688.6935379133,-0.005198942928153483,2024-10,2024
2024-10-18,1549356.449527841,-0.003429782458852171,2024-10,2024
2024-10-21,1527971.2511089928,-0.013802632974074691,2024-10,2024
2024-10-22,1509274.7347190825,-0.012236170265861102,2024-10,2024
2024-10-23,1524146.0169854015,0.009853263904988863,2024-10,2024
2024-10-24,1510453.0131668898,-0.008984049865245258,2024-10,2024
2024-10-25,1501334.3007633612,-0.006037071212437017,2024-10,2024
2024-10-28,1505735.8182132365,0.002931737087227937,2024-10,2024
2024-10-29,1505735.8182132365,0.0,2024-10,2024
2024-10-30,1505735.8182132365,0.0,2024-10,2024
2024-10-31,1505735.8182132365,0.0,2024-10,2024
2024-11-01,1505735.8182132365,0.0,2024-11,2024
2024-11-04,1505735.8182132365,0.0,2024-11,2024
2024-11-05,1505735.8182132365,0.0,2024-11,2024
2024-11-06,1505735.8182132365,0.0,2024-11,2024
2024-11-07,1505735.8182132365,0.0,2024-11,2024
2024-11-08,1505735.8182132365,0.0,2024-11,2024
2024-11-11,1505735.8182132365,0.0,2024-11,2024
2024-11-12,1505735.8182132365,0.0,2024-11,2024
2024-11-13,1505735.8182132365,0.0,2024-11,2024
2024-11-14,1505735.8182132365,0.0,2024-11,2024
2024-11-18,1505735.8182132365,0.0,2024-11,2024
2024-11-19,1505735.8182132365,0.0,2024-11,2024
2024-11-21,1505735.8182132365,0.0,2024-11,2024
2024-11-22,1505735.8182132365,0.0,2024-11,2024
2024-11-25,1505735.8182132365,0.0,2024-11,2024
2024-11-26,1505735.8182132365,0.0,2024-11,2024
2024-11-27,1505735.8182132365,0.0,2024-11,2024
2024-11-28,1505735.8182132365,0.0,2024-11,2024
2024-11-29,1505735.8182132365,0.0,2024-11,2024
2024-12-02,1505735.8182132365,0.0,2024-12,2024
2024-12-03,1505735.8182132365,0.0,2024-12,2024
2024-12-04,1505735.8182132365,0.0,2024-12,2024
2024-12-05,1505735.8182132365,0.0,2024-12,2024
2024-12-06,1505735.8182132365,0.0,2024-12,2024
2024-12-09,1505735.8182132365,0.0,2024-12,2024
2024-12-10,1505735.8182132365,0.0,2024-12,2024
2024-12-11,1505735.8182132365,0.0,2024-12,2024
2024-12-12,1505735.8182132365,0.0,2024-12,2024
2024-12-13,1505735.8182132365,0.0,2024-12,2024
2024-12-16,1505735.8182132365,0.0,2024-12,2024
2024-12-17,1505735.8182132365,0.0,2024-12,2024
2024-12-18,1505735.8182132365,0.0,2024-12,2024
2024-12-19,1505735.8182132365,0.0,2024-12,2024
2024-12-20,1505735.8182132365,0.0,2024-12,2024
2024-12-23,1505735.8182132365,0.0,2024-12,2024
2024-12-24,1505735.8182132365,0.0,2024-12,2024
2024-12-26,1505735.8182132365,0.0,2024-12,2024
2024-12-27,1505735.8182132365,0.0,2024-12,2024
2024-12-30,1505735.8182132365,0.0,2024-12,2024
2024-12-31,1505735.8182132365,0.0,2024-12,2024
2025-01-01,1505735.8182132365,0.0,2025-01,2025
2025-01-02,1505735.8182132365,0.0,2025-01,2025
2025-01-03,1505735.8182132365,0.0,2025-01,2025
2025-01-06,1505735.8182132365,0.0,2025-01,2025
2025-01-07,1505735.8182132365,0.0,2025-01,2025
2025-01-08,1505735.8182132365,0.0,2025-01,2025
2025-01-09,1505735.8182132365,0.0,2025-01,2025
2025-01-10,1505735.8182132365,0.0,2025-01,2025
2025-01-13,1505735.8182132365,0.0,2025-01,2025
2025-01-14,1505735.8182132365,0.0,2025-01,2025
2025-01-15,1505735.8182132365,0.0,2025-01,2025
2025-01-16,1505735.8182132365,0.0,2025-01,2025
2025-01-17,1505735.8182132365,0.0,2025-01,2025
2025-01-20,1505735.8182132365,0.0,2025-01,2025
2025-01-21,1505735.8182132365,0.0,2025-01,2025
2025-01-22,1505735.8182132365,0.0,2025-01,2025
2025-01-23,1505735.8182132365,0.0,2025-01,2025
2025-01-24,1505735.8182132365,0.0,2025-01,2025
2025-01-27,1505735.8182132365,0.0,2025-01,2025
2025-01-28,1505735.8182132365,0.0,2025-01,2025
2025-01-29,1505735.8182132365,0.0,2025-01,2025
2025-01-30,1505735.8182132365,0.0,2025-01,2025
2025-01-31,1505735.8182132365,0.0,2025-01,2025
2025-02-03,1505735.8182132365,0.0,2025-02,2025
2025-02-04,1505735.8182132365,0.0,2025-02,2025
2025-02-05,1505735.8182132365,0.0,2025-02,2025
2025-02-06,1505735.8182132365,0.0,2025-02,2025
2025-02-07,1505735.8182132365,0.0,2025-02,2025
2025-02-10,1505735.8182132365,0.0,2025-02,2025
2025-02-11,1505735.8182132365,0.0,2025-02,2025
2025-02-12,1505735.8182132365,0.0,2025-02,2025
2025-02-13,1505735.8182132365,0.0,2025-02,2025
2025-02-14,1505735.8182132365,0.0,2025-02,2025
2025-02-17,1505735.8182132365,0.0,2025-02,2025
2025-02-18,1505735.8182132365,0.0,2025-02,2025
2025-02-19,1505735.8182132365,0.0,2025-02,2025
2025-02-20,1505735.8182132365,0.0,2025-02,2025
2025-02-21,1505735.8182132365,0.0,2025-02,2025
2025-02-24,1505735.8182132365,0.0,2025-02,2025
2025-02-25,1505735.8182132365,0.0,2025-02,2025
2025-02-27,1505735.8182132365,0.0,2025-02,2025
2025-02-28,1505735.8182132365,0.0,2025-02,2025
2025-03-03,1505735.8182132365,0.0,2025-03,2025
2025-03-04,1505735.8182132365,0.0,2025-03,2025
2025-03-05,1505735.8182132365,0.0,2025-03,2025
2025-03-06,1505735.8182132365,0.0,2025-03,2025
2025-03-07,1505735.8182132365,0.0,2025-03,2025
2025-03-10,1505735.8182132365,0.0,2025-03,2025
2025-03-11,1505735.8182132365,0.0,2025-03,2025
2025-03-12,1505735.8182132365,0.0,2025-03,2025
2025-03-13,1505735.8182132365,0.0,2025-03,2025
2025-03-17,1505735.8182132365,0.0,2025-03,2025
2025-03-18,1505735.8182132365,0.0,2025-03,2025
2025-03-19,1505735.8182132365,0.0,2025-03,2025
2025-03-20,1505735.8182132365,0.0,2025-03,2025
2025-03-21,1505735.8182132365,0.0,2025-03,2025
2025-03-24,1505735.8182132365,0.0,2025-03,2025
2025-03-25,1505735.8182132365,0.0,2025-03,2025
2025-03-26,1505735.8182132365,0.0,2025-03,2025
2025-03-27,1505735.8182132365,0.0,2025-03,2025
2025-03-28,1505735.8182132365,0.0,2025-03,2025
2025-04-01,1504850.5003985057,-0.0005879635750323242,2025-04,2025
2025-04-02,1494767.5488940352,-0.0067003011274544555,2025-04,2025
2025-04-03,1490327.1919910454,-0.002970600282482194,2025-04,2025
2025-04-04,1486534.242538747,-0.0025450447879376004,2025-04,2025
2025-04-07,1458303.213774831,-0.018991172861045014,2025-04,2025
2025-04-08,1474188.456682196,0.010892962970468822,2025-04,2025
2025-04-09,1463884.1837582043,-0.006989793521502863,2025-04,2025
2025-04-11,1461179.0324044768,-0.0018479271678327747,2025-04,2025
2025-04-15,1475188.285773629,0.009587636462384141,2025-04,2025
2025-04-16,1479890.2945479946,0.003187395683460048,2025-04,2025
2025-04-17,1490062.7532538192,0.00687379243130426,2025-04,2025
2025-04-21,1488893.5733114805,-0.0007846514784599634,2025-04,2025
2025-04-22,1498785.9191799697,0.006644091992745738,2025-04,2025
2025-04-23,1503867.119673212,0.003390210988919895,2025-04,2025
2025-04-24,1514704.6528796451,0.00720644335171583,2025-04,2025
2025-04-25,1479455.405146563,-0.02327136690711873,2025-04,2025
2025-04-28,1488342.6011965438,0.0060070726154131115,2025-04,2025
2025-04-29,1485588.8951001395,-0.001850182944565626,2025-04,2025
2025-04-30,1463256.1659158324,-0.015032913384023239,2025-04,2025
2025-05-02,1464396.5019950992,0.0007793140434526613,2025-05,2025
2025-05-05,1488793.5533560468,0.016660140424884284,2025-05,2025
2025-05-06,1469986.6288611058,-0.012632325316392135,2025-05,2025
2025-05-07,1494755.715569559,0.016849872115941356,2025-05,2025
2025-05-08,1463426.2096546344,-0.0209596160687614,2025-05,2025
2025-05-09,1457837.7392214998,-0.0038187579231981905,2025-05,2025
2025-05-12,1493572.8131106682,0.024512380855397087,2025-05,2025
2025-05-13,1492523.6673847905,-0.0007024402939503904,2025-05,2025
2025-05-14,1492209.6564122273,-0.00021038927517536,2025-05,2025
2025-05-15,1503163.0678460356,0.007340397099522722,2025-05,2025
2025-05-16,1495737.2930033032,-0.004940099315620561,2025-05,2025
2025-05-19,1499539.756564146,0.0025422001434540764,2025-05,2025
2025-05-20,1484254.7385608312,-0.010193139552589714,2025-05,2025
2025-05-21,1487570.5015398476,0.0022339581561527933,2025-05,2025
2025-05-22,1474470.5097153238,-0.008806299809631435,2025-05,2025
2025-05-23,1488191.5233291406,0.009305722646474557,2025-05,2025
2025-05-26,1495603.8617274242,0.004980769129568685,2025-05,2025
2025-05-27,1489475.459047543,-0.004097610895978154,2025-05,2025
2025-05-28,1486342.885670341,-0.0021031386305652155,2025-05,2025
2025-05-29,1492209.0164265735,0.0039466874116242945,2025-05,2025
2025-05-30,1507241.9176179725,0.01007425972227316,2025-05,2025
2025-06-02,1506979.4392447765,-0.00017414482050148727,2025-06,2025
2025-06-03,1505742.439401816,-0.0008208471932306116,2025-06,2025
2025-06-04,1513960.2225383723,0.0054576286896852455,2025-06,2025
2025-06-05,1521733.7989844687,0.0051345975477894434,2025-06,2025
2025-06-06,1537627.9836133048,0.01044478649251479,2025-06,2025
2025-06-09,1564691.8243763722,0.01760103292310622,2025-06,2025
2025-06-10,1562755.4998691687,-0.0012375117432310567,2025-06,2025
2025-06-11,1556930.9647794971,-0.003727093003453974,2025-06,2025
2025-06-12,1537567.3426126142,-0.01243704608933982,2025-06,2025
2025-06-13,1543881.8091919078,0.00410679025515992,2025-06,2025
2025-06-16,1554610.619139446,0.00694924305970912,2025-06,2025
2025-06-17,1543421.9413628993,-0.007197093367817153,2025-06,2025
2025-06-18,1533588.496580748,-0.006371196701705606,2025-06,2025
2025-06-19,1510539.1248637575,-0.015029697841618339,2025-06,2025
2025-06-20,1518613.3068277382,0.00534523193148595,2025-06,2025
2025-06-23,1535897.49010699,0.01138155658293094,2025-06,2025
2025-06-24,1543675.0839300074,0.005063875599194745,2025-06,2025
2025-06-25,1552403.0451924955,0.005654014470627855,2025-06,2025
2025-06-26,1568782.5498774135,0.01055106451616572,2025-06,2025
2025-06-27,1603931.8466913053,0.022405461366610924,2025-06,2025
2025-06-30,1600925.5791133125,-0.0018743112958286012,2025-06,2025
2025-07-01,1588783.4863433004,-0.0075844204930107795,2025-07,2025
2025-07-02,1571153.4485766105,-0.011096564080777749,2025-07,2025
2025-07-03,1567167.0680307047,-0.002537231834049858,2025-07,2025
2025-07-04,1558622.044060736,-0.005452529053399768,2025-07,2025
2025-07-07,1543064.6630781214,-0.009981496824003844,2025-07,2025
2025-07-08,1529466.8166844263,-0.008812233679546533,2025-07,2025
2025-07-09,1535042.935151082,0.0036457923806045844,2025-07,2025
2025-07-10,1521626.9467179906,-0.008739813151722009,2025-07,2025
2025-07-11,1506216.1372522516,-0.010127849995676397,2025-07,2025
2025-07-14,1512171.3250156855,0.0039537405131628844,2025-07,2025
2025-07-15,1523378.008361313,0.007410987869057362,2025-07,2025
2025-07-16,1515936.2359880963,-0.00488504647721788,2025-07,2025
2025-07-17,1508727.2513748053,-0.004755466913548778,2025-07,2025
2025-07-18,1500243.6848793924,-0.005622995466995406,2025-07,2025
2025-07-21,1505698.3638870467,0.0036358620020404686,2025-07,2025
2025-07-22,1514400.7083850154,0.00577960679687739,2025-07,2025
2025-07-23,1512138.9743260324,-0.0014934845490101045,2025-07,2025
2025-07-24,1499013.689921875,-0.008679945842945735,2025-07,2025
2025-07-25,1479121.916994695,-0.013269907447087226,2025-07,2025
2025-07-28,1471948.9720209148,-0.004849461624065743,2025-07,2025
2025-07-29,1485301.9733709446,0.00907164691429263,2025-07,2025
2025-07-30,1484474.1485390116,-0.0005573444638024005,2025-07,2025
2025-07-31,1479884.3650150648,-0.0030918581697525482,2025-07,2025
2025-08-01,1462267.5217784615,-0.01190420255330149,2025-08,2025
2025-08-04,1464828.2086898186,0.0017511753993160184,2025-08,2025
2025-08-05,1464828.2086898186,0.0,2025-08,2025
2025-08-06,1464828.2086898186,0.0,2025-08,2025
2025-08-07,1464828.2086898186,0.0,2025-08,2025
2025-08-08,1464828.2086898186,0.0,2025-08,2025
2025-08-11,1464828.2086898186,0.0,2025-08,2025
2025-08-12,1464828.2086898186,0.0,2025-08,2025
2025-08-13,1464828.2086898186,0.0,2025-08,2025
2025-08-14,1464828.2086898186,0.0,2025-08,2025
2025-08-18,1464828.2086898186,0.0,2025-08,2025
2025-08-19,1464828.2086898186,0.0,2025-08,2025
2025-08-20,1464828.2086898186,0.0,2025-08,2025
2025-08-21,1464828.2086898186,0.0,2025-08,2025
2025-08-22,1464828.2086898186,0.0,2025-08,2025
2025-08-25,1464828.2086898186,0.0,2025-08,2025
2025-08-26,1464828.2086898186,0.0,2025-08,2025
2025-08-28,1464828.2086898186,0.0,2025-08,2025
2025-08-29,1464828.2086898186,0.0,2025-08,2025
2025-09-01,1464828.2086898186,0.0,2025-09,2025
2025-09-02,1464828.2086898186,0.0,2025-09,2025
2025-09-03,1464828.2086898186,0.0,2025-09,2025
2025-09-04,1464828.2086898186,0.0,2025-09,2025
2025-09-05,1464828.2086898186,0.0,2025-09,2025
2025-09-08,1464828.2086898186,0.0,2025-09,2025
2025-09-09,1464828.2086898186,0.0,2025-09,2025
2025-09-10,1464828.2086898186,0.0,2025-09,2025
2025-09-11,1464828.2086898186,0.0,2025-09,2025
2025-09-12,1464828.2086898186,0.0,2025-09,2025
2025-09-15,1464828.2086898186,0.0,2025-09,2025
2025-09-16,1464828.2086898186,0.0,2025-09,2025
2025-09-17,1464828.2086898186,0.0,2025-09,2025
2025-09-18,1464828.2086898186,0.0,2025-09,2025
2025-09-19,1464828.2086898186,0.0,2025-09,2025
2025-09-22,1463937.9774730082,-0.0006077376251558686,2025-09,2025
2025-09-23,1468418.3127759923,0.0030604679787855638,2025-09,2025
2025-09-24,1466155.437161923,-0.0015410292791783187,2025-09,2025
2025-09-25,1462766.0205871288,-0.0023117716504568175,2025-09,2025
2025-09-26,1448539.5274926634,-0.009725747586586175,2025-09,2025
2025-09-29,1465855.500722475,0.011954090931701744,2025-09,2025
2025-09-30,1463823.410210563,-0.0013862829664385012,2025-09,2025
2025-10-01,1485249.6612604796,0.014637182941919402,2025-10,2025
2025-10-03,1493976.9677709485,0.005875986198214278,2025-10,2025
2025-10-06,1496133.9700253727,0.0014437988676909708,2025-10,2025
2025-10-07,1492272.5233604591,-0.0025809497961255534,2025-10,2025
2025-10-08,1491665.1037477853,-0.00040704335378760614,2025-10,2025
2025-10-09,1490853.3074828705,-0.000544221529936717,2025-10,2025
2025-10-10,1489539.2369634304,-0.0008814217420617387,2025-10,2025
2025-10-13,1492130.554839891,0.001739677486940927,2025-10,2025
2025-10-14,1485619.2752612478,-0.00436374656193661,2025-10,2025
2025-10-15,1496207.8561661313,0.007127385246816775,2025-10,2025
2025-10-16,1491071.9614409884,-0.00343260777837584,2025-10,2025
2025-10-17,1490887.5523284401,-0.00012367552828906891,2025-10,2025
2025-10-20,1504599.913527588,0.009197448310392042,2025-10,2025
2025-10-21,1501173.9273467092,-0.0022770080936973525,2025-10,2025
2025-10-23,1471444.473948173,-0.019804136520730986,2025-10,2025
2025-10-24,1464632.7696071877,-0.004629263598855404,2025-10,2025
2025-10-27,1478614.839334487,0.009546467904749445,2025-10,2025
2025-10-28,1494829.0021292688,0.010965778486356603,2025-10,2025
2025-10-29,1490164.6654692,-0.003120314533250901,2025-10,2025
2025-10-30,1497710.4187089822,0.005063704310426909,2025-10,2025
2025-10-31,1483148.0067970962,-0.009723115850685415,2025-10,2025
2025-11-03,1483965.7843250718,0.0005513795819620526,2025-11,2025
2025-11-04,1468666.642896091,-0.010309632196768614,2025-11,2025
2025-11-06,1455381.1603527437,-0.009045948314826191,2025-11,2025
2025-11-07,1482737.9947660547,0.018797023871520047,2025-11,2025
2025-11-10,1480229.6274449772,-0.0016917131212201841,2025-11,2025
2025-11-11,1481333.6745102608,0.0007458620235762936,2025-11,2025
2025-11-12,1474503.143532297,-0.004611068455067646,2025-11,2025
2025-11-13,1473527.6229441925,-0.0006615927489769247,2025-11,2025
2025-11-14,1481397.2649097522,0.0053406816696355275,2025-11,2025
2025-11-17,1488969.1229971098,0.005111294766579011,2025-11,2025
2025-11-18,1472549.301308555,-0.01102764418344937,2025-11,2025
2025-11-19,1466435.3885008215,-0.00415192401524378,2025-11,2025
2025-11-20,1468435.8334910574,0.0013641548791869518,2025-11,2025
2025-11-21,1451241.7290837397,-0.011709128867034346,2025-11,2025
2025-11-24,1446858.0978526021,-0.003020607210561188,2025-11,2025
2025-11-25,1463102.2193252104,0.011227169752664468,2025-11,2025
2025-11-26,1485857.4436621228,0.015552723546142344,2025-11,2025
2025-11-27,1490872.6322888832,0.003375282499779919,2025-11,2025
2025-11-28,1491450.0676225985,0.0003873136585978987,2025-11,2025
2025-12-01,1496830.4911170877,0.0036075116500988713,2025-12,2025
2025-12-02,1490912.5683473344,-0.003953635902577468,2025-12,2025
2025-12-03,1471300.1984544033,-0.013154607660643247,2025-12,2025
2025-12-04,1463220.7578153592,-0.005491361074736245,2025-12,2025
2025-12-05,1481449.7419972997,0.012458123003364907,2025-12,2025
2025-12-08,1452972.7515068618,-0.019222380404241846,2025-12,2025
2025-12-09,1470342.086977751,0.011954343571051629,2025-12,2025
2025-12-10,1457212.353039133,-0.008929713741382406,2025-12,2025
2025-12-11,1466178.957852853,0.0061532588541537425,2025-12,2025
2025-12-12,1483422.140043124,0.011760625875795405,2025-12,2025
2025-12-15,1484062.3117246558,0.0004315505777154893,2025-12,2025
2025-12-16,1468833.2780410778,-0.010261721198134954,2025-12,2025
2025-12-17,1464350.84859605,-0.0030516938253236647,2025-12,2025
2025-12-18,1462010.2118440897,-0.0015984125349497447,2025-12,2025
2025-12-19,1484963.5960001764,0.015699879501617664,2025-12,2025
2025-12-22,1504598.9503242231,0.013222784973945245,2025-12,2025
2025-12-23,1509616.2307532607,0.0033346297549632364,2025-12,2025
2025-12-24,1516461.034386214,0.004534134897011599,2025-12,2025
2025-12-26,1521171.5150241028,0.0031062325579602756,2025-12,2025
2025-12-29,1518175.339708158,-0.0019696498957234576,2025-12,2025
2025-12-30,1543460.947500759,0.01665526183389443,2025-12,2025
2025-12-31,1559182.1975775934,0.010185712895613541,2025-12,2025
2026-01-02,1581889.539096177,0.014563622874775417,2026-01,2026
2026-01-05,1587264.1432605886,0.0033975849966632055,2026-01,2026
2026-01-06,1592483.6784222561,0.0032883847240103847,2026-01,2026
2026-01-07,1590709.5135756084,-0.0011140866752276102,2026-01,2026
2026-01-08,1555114.5040818918,-0.022376813107571003,2026-01,2026
2026-01-09,1538290.172516551,-0.010818709182622843,2026-01,2026
2026-01-12,1536550.7932682508,-0.0011307224601551091,2026-01,2026
2026-01-13,1537552.42130675,0.0006518678346902895,2026-01,2026
2026-01-14,1563674.7024143366,0.016989522272928825,2026-01,2026
2026-01-16,1574957.1920893039,0.007215368808836553,2026-01,2026
2026-01-19,1570067.9403655808,-0.003104371184360244,2026-01,2026
2026-01-20,1536448.8379368605,-0.02141251442972103,2026-01,2026
2026-01-21,1514662.9276192947,-0.014179391971697486,2026-01,2026
2026-01-22,1534752.3184745174,0.0132632749431576,2026-01,2026
2026-01-23,1526554.4736943208,-0.0053414773716354835,2026-01,2026
2026-01-27,1543819.928069267,0.01131008075536477,2026-01,2026
2026-01-28,1543819.928069267,0.0,2026-01,2026
2026-01-29,1543819.928069267,0.0,2026-01,2026
2026-01-30,1543819.928069267,0.0,2026-01,2026
2026-02-02,1543819.928069267,0.0,2026-02,2026
2026-02-03,1543819.928069267,0.0,2026-02,2026
2026-02-04,1543819.928069267,0.0,2026-02,2026
2026-02-05,1543819.928069267,0.0,2026-02,2026
2026-02-06,1543819.928069267,0.0,2026-02,2026
2026-02-09,1543819.928069267,0.0,2026-02,2026
2026-02-10,1543819.928069267,0.0,2026-02,2026
2026-02-11,1543819.928069267,0.0,2026-02,2026
2026-02-12,1543819.928069267,0.0,2026-02,2026
2026-02-13,1543819.928069267,0.0,2026-02,2026
2026-02-16,1543819.928069267,0.0,2026-02,2026
2026-02-17,1543819.928069267,0.0,2026-02,2026
2026-02-18,1543819.928069267,0.0,2026-02,2026
2026-02-19,1543819.928069267,0.0,2026-02,2026
2026-02-20,1543819.928069267,0.0,2026-02,2026
2026-02-23,1543819.928069267,0.0,2026-02,2026
2026-02-24,1543819.928069267,0.0,2026-02,2026
2026-02-25,1543819.928069267,0.0,2026-02,2026
2026-02-26,1543819.928069267,0.0,2026-02,2026
2026-02-27,1543819.928069267,0.0,2026-02,2026
2026-03-02,1543819.928069267,0.0,2026-03,2026
2026-03-04,1543819.928069267,0.0,2026-03,2026
2026-03-05,1543819.928069267,0.0,2026-03,2026
2026-03-06,1543819.928069267,0.0,2026-03,2026
2026-03-09,1543819.928069267,0.0,2026-03,2026
2026-03-10,1543819.928069267,0.0,2026-03,2026
2026-03-11,1543819.928069267,0.0,2026-03,2026
2026-03-12,1543819.928069267,0.0,2026-03,2026
2026-03-13,1543819.928069267,0.0,2026-03,2026
2026-03-16,1543819.928069267,0.0,2026-03,2026
2026-03-17,1543819.928069267,0.0,2026-03,2026
2026-03-18,1543819.928069267,0.0,2026-03,2026
2026-03-19,1543819.928069267,0.0,2026-03,2026
2026-03-20,1543819.928069267,0.0,2026-03,2026
2026-03-23,1543819.928069267,0.0,2026-03,2026
2026-03-24,1543819.928069267,0.0,2026-03,2026
2026-03-25,1543819.928069267,0.0,2026-03,2026
2026-03-27,1543819.928069267,0.0,2026-03,2026
2026-03-30,1543819.928069267,0.0,2026-03,2026
2026-04-01,1543819.928069267,0.0,2026-04,2026
2026-04-02,1543819.928069267,0.0,2026-04,2026
2026-04-06,1543819.928069267,0.0,2026-04,2026
2026-04-07,1543819.928069267,0.0,2026-04,2026
2026-04-08,1543819.928069267,0.0,2026-04,2026
2026-04-09,1543819.928069267,0.0,2026-04,2026
2026-04-10,1543819.928069267,0.0,2026-04,2026
2026-04-13,1543819.928069267,0.0,2026-04,2026
2026-04-15,1543819.928069267,0.0,2026-04,2026
2026-04-16,1543819.928069267,0.0,2026-04,2026
2026-04-17,1543819.928069267,0.0,2026-04,2026
2026-04-20,1541988.6087312729,-0.001186226000000179,2026-04,2026
2026-04-21,1549641.9534685987,0.004963295250036248,2026-04,2026
2026-04-22,1579621.3163146502,0.019345993297966713,2026-04,2026
2026-04-23,1574128.2058170023,-0.0034774856738851723,2026-04,2026
2026-04-24,1570006.9832195784,-0.0026180984383574746,2026-04,2026
2026-04-27,1590334.6075331839,0.012947473820734245,2026-04,2026
2026-04-28,1595963.1593049762,0.0035392248556567196,2026-04,2026
2026-04-29,1605497.5243733171,0.005974050849953949,2026-04,2026
2026-04-30,1591979.6331725917,-0.008419752130108038,2026-04,2026
2026-05-04,1600274.1370173004,0.005210182135420238,2026-05,2026
2026-05-05,1609671.1435707528,0.0058721229919813656,2026-05,2026
2026-05-06,1603369.420133519,-0.003914913591141711,2026-05,2026
2026-05-07,1620772.2594480752,0.01085391744162556,2026-05,2026
2026-05-08,1610785.6339579676,-0.0061616463583281655,2026-05,2026
2026-05-11,1591754.538927604,-0.011814790639522288,2026-05,2026
2026-05-12,1558255.013483485,-0.0210456603859841,2026-05,2026
2026-05-13,1573806.766844382,0.009980236371023077,2026-05,2026
2026-05-14,1588728.7031903402,0.009481428508455236,2026-05,2026
2026-05-15,1584495.6016243706,-0.002664458417267257,2026-05,2026
2026-05-18,1591232.4530688298,0.004251732499322092,2026-05,2026
2026-05-19,1597727.0815376414,0.004081508302753667,2026-05,2026
2026-05-20,1613458.9327387768,0.009846394533161051,2026-05,2026
2026-05-21,1621117.9891852601,0.0047469794805885535,2026-05,2026
2026-05-22,1617846.490586788,-0.002018050888520695,2026-05,2026
2026-05-25,1619730.6505525676,0.0011646098543602879,2026-05,2026
2026-05-26,1650189.4566513957,0.018804858751322096,2026-05,2026
2026-05-27,1680755.5812050202,0.018522797143335268,2026-05,2026
2026-05-29,1648327.8724409926,-0.01929353031853598,2026-05,2026
2026-06-01,1618747.086939685,-0.017945935390573542,2026-06,2026
2026-06-02,1626630.0559628413,0.004869796577091856,2026-06,2026
2026-06-03,1620366.0899903625,-0.0038508854238347157,2026-06,2026
2026-06-04,1627667.9971317034,0.00450633173975179,2026-06,2026
2026-06-05,1634546.124771608,0.004225755898638717,2026-06,2026
2026-06-08,1610690.180623835,-0.014594843049232642,2026-06,2026
2026-06-09,1618372.1997730597,0.004769395903468698,2026-06,2026
2026-06-10,1609729.6905225439,-0.005340248214673826,2026-06,2026
2026-06-11,1596284.1786172644,-0.008352651991474946,2026-06,2026
2026-06-12,1622726.4463888793,0.016564887459148858,2026-06,2026
2026-06-15,1635208.7541764006,0.0076921823855762295,2026-06,2026
2026-06-16,1633678.9442875448,-0.0009355440918161761,2026-06,2026
2026-06-17,1634457.3633697266,0.00047648228858165886,2026-06,2026
2026-06-18,1643015.2102196154,0.005235894824594967,2026-06,2026
2026-06-19,1658705.7913824804,0.00954986969400462,2026-06,2026
2026-06-22,1666024.3649855931,0.0044122192381164105,2026-06,2026
2026-06-23,1663261.0292409048,-0.0016586406554217614,2026-06,2026
2026-06-24,1644165.5781395198,-0.011480730183463739,2026-06,2026
2026-06-25,1630215.1733762615,-0.008484793106448563,2026-06,2026
2026-06-29,1638709.1026717762,0.005210311763890196,2026-06,2026
2026-06-30,1634969.256133903,-0.0022821906168554174,2026-06,2026
2026-07-01,1636796.1930184078,0.0011174136012959135,2026-07,2026
2026-07-02,1652951.3060123443,0.009869960024861069,2026-07,2026
2026-07-03,1624042.5335412957,-0.017489185776917715,2026-07,2026
2026-07-06,1629770.8472459828,0.0035271943846177933,2026-07,2026
2026-07-07,1603380.4806938143,-0.016192685368475845,2026-07,2026
2026-07-08,1587741.8940772633,-0.009753509416419948,2026-07,2026
2026-07-09,1600669.419526211,0.00814208247396575,2026-07,2026
2026-07-10,1608960.1368188402,0.0051795312582927355,2026-07,2026
2026-07-13,1605898.4035811382,-0.0019029267212022916,2026-07,2026
2026-07-14,1606675.4584787828,0.00048387550290329706,2026-07,2026
2026-07-15,1602386.6559134056,-0.002669364583086309,2026-07,2026
2026-07-16,1614422.565425503,0.007511239230357125,2026-07,2026
2026-07-17,1607476.826996653,-0.00430230509508478,2026-07,2026
2026-07-20,1616307.6067937769,0.005493565847305426,2026-07,2026
2026-07-21,1619671.6391048094,0.002081306984445641,2026-07,2026
2026-07-22,1607188.5538207707,-0.007707170381113793,2026-07,2026
2026-07-23,1572329.3926507626,-0.02168952801905999,2026-07,2026
2026-07-24,1576817.971980963,0.0028547321898200195,2026-07,2026
2026-07-27,1581760.75830096,0.003134658792471434,2026-07,2026
2026-07-28,1556628.6449069823,-0.01588869445779728,2026-07,2026
2026-07-29,1566430.5183302741,0.00629686049743583,2026-07,2026
2026-07-30,1564653.7478545466,-0.001134279787667447,2026-07,2026
2026-07-31,1574220.2207108932,0.006114114940423132,2026-07,2026
2026-08-03,1577978.8942900407,0.0023876415317864996,2026-08,2026
2026-08-04,1609415.9564037172,0.01992235905526507,2026-08,2026
2026-08-05,1619701.291769524,0.006390725359023852,2026-08,2026
2026-08-06,1619363.3737452256,-0.00020862984182057343,2026-08,2026
2026-08-07,1633987.193747733,0.00903059822125396,2026-08,2026
