month,beginning_value,ending_value,month_return,period_return,cumulative_return,cash,invested_value,realized_pnl,unrealized_pnl,buy_value,sell_value,buy_transaction_costs,sell_transaction_costs,transaction_costs,turnover,holdings,trades,winning_trades,losing_trades,win_rate,profit_factor,max_drawdown,annualized_volatility,sharpe_ratio,cash_value,stock_value,gold_value
2020-05,1000000.0,1048859.0567974187,0.048859056797418754,0.048859056797418754,0.048859056797418754,0.0,1048859.0567974187,0.0,48859.056797418816,1000000.0,0.0,1186.226,0.0,1186.226,1.0,9,0,0,0,0.0,0.0,0.001186226000000068,0.11033773163209021,6.115083648175365,0.0,1048859.0567974187,0
2020-06,1048859.0567974187,1096961.5973331146,0.04586177735125996,0.04586177735125996,0.0969615973331146,0.0,1096961.5973331146,15011.940825782149,81949.65650733237,126123.05193689326,126253.87948942106,149.61044340689315,130.82755252780484,280.437995934698,0.240620443510228,9,1,1,0,1.0,0.0,0.023795406642576067,0.15825009761480632,3.327573125763551,0.0,1096961.5973331146,0
2020-07,1096961.5973331146,1172063.1246454783,0.06846322377642688,0.06846322377642733,0.17206312464547824,0.0,1172063.1246454786,12936.575343874443,144114.6084758218,235158.79756609665,235402.72799331427,278.95147980164063,243.93042721760008,522.8819070192407,0.42896809396374463,9,2,2,0,1.0,0.0,0.021262491971088315,0.13399939001429553,5.4892448675729275,0.0,1172063.1246454786,0
2020-08,1172063.1246454783,1209897.6445912053,0.03228027496997732,0.032280274969977096,0.2098976445912053,0.0,1209897.6445912053,5244.432455311544,176704.69596623725,116355.54356642265,116476.23927394053,138.02397102262327,120.6957075178783,258.7196785405016,0.1986512312728799,9,1,1,0,1.0,0.0,0.0470484482990875,0.19542365864767172,2.0506560102021756,0.0,1209897.6445912053,0
2020-09,1209897.6445912053,1196610.7287606625,-0.010981851142484178,-0.010981851142484178,0.19661072876066243,422019.0812956451,774591.6474650173,61610.64799599018,101807.13213970403,0.0,422456.8420592648,0.0,437.76076361970377,437.76076361970377,0.3491674225070523,6,3,2,1,0.6666666666666666,2376.7275585190177,0.09220039027836013,0.30396985134972854,-0.2622783117297382,422019.0812956451,774591.6474650173,0
2020-10,1196610.7287606625,1175196.0779837216,-0.017896087894114232,-0.017896087894114454,0.1751960779837216,0.0,1175196.0779837216,15949.612957845311,64442.868404918016,549079.8053646015,127192.52426961022,651.3327411984299,131.8002006538011,783.1329418522309,0.5651564985838221,12,1,1,0,1.0,0.0,0.04471980806079334,0.14171129807834412,-1.457559353282818,0.0,1175196.0779837216,0
2020-11,1175196.0779837216,1313217.7083992537,0.11744561865142966,0.11744561865143077,0.31321770839925356,138740.04361138932,1174477.6647878643,18814.64546479995,183649.85335565015,258919.4641320265,398072.0002999987,307.1370002594773,412.4925565828664,719.6295568423437,0.5590483807257274,11,4,3,1,0.75,4.594273708783457,0.020054222526071808,0.1250013696557436,11.879589180019208,138740.04361138932,1174477.6647878643,0
2020-12,1313217.7083992537,1401588.6687749852,0.06729345774924966,0.06729345774925011,0.4015886687749852,196346.82554234168,1205241.8432326438,50757.83499218301,221262.97873919882,427107.4900306702,485217.0665015752,506.64600946912185,502.79453995266135,1009.4405494217831,0.6947245309723421,10,5,5,0,1.0,0.0,0.03179926265363864,0.15691124412878238,4.840128714361906,196346.82554234168,1205241.8432326438,0
2021-01,1401588.6687749852,1378885.6167875146,-0.016198084711482097,-0.016198084711482097,0.37888561678751476,0.0,1378885.6167875146,46555.74292057815,152004.18383114995,424350.1931233051,228239.875674374,503.3752321878858,236.5080934105539,739.8833255984397,0.46560740917522897,12,2,2,0,1.0,0.0,0.0710410268466487,0.21623431321526754,-0.8934523754946381,0.0,1378885.6167875146,0
2021-02,1378885.6167875146,1524921.5120142344,0.10590863625581193,0.10590863625581215,0.5249215120142345,71472.10939876287,1453449.4026154717,1575.78724576463,296464.2918121051,415958.5661966917,487936.2878632819,493.4208661452368,505.61226782741716,999.0331339726539,0.6555256237756979,11,4,1,3,0.25,1.1493143808768451,0.0411276275602136,0.2953706523254718,4.451057496659117,71472.10939876287,1453449.4026154717,0
2021-03,1524921.5120142344,1456307.8376221952,-0.044994889147710215,-0.044994889147710326,0.4563078376221952,902622.590466028,553685.2471561672,196793.4351512134,31057.182268852426,530638.5540939711,1363201.6201232502,629.4572494686751,1412.584962013835,2042.04221148251,1.2419263282053714,5,11,6,5,0.5454545454545454,6.095829423608168,0.10951858411054816,0.2261643931581813,-2.3260872478269454,902622.590466028,553685.2471561672,0
2021-04,1456307.8376221952,1508197.7925072275,0.03563117188860021,0.03563117188860021,0.5081977925072274,0.0,1508197.7925072275,-1667.9134768867661,84615.0506307715,1055439.9828157,152975.90996495128,1251.9903490555364,158.5176152793416,1410.5079643348781,0.8297805323589464,9,2,1,1,0.5,0.8121139950547347,0.03561467904033877,0.1642965065720156,2.9114980169166897,0.0,1508197.7925072275,0
2021-05,1508197.7925072275,1553244.3480973411,0.02986780368855224,0.029867803688551797,0.5532443480973412,198929.75448787413,1354314.5936094671,-15298.46129872062,144960.0675196058,200160.14274404582,399503.8735327753,237.43516548669848,413.97630085537367,651.4114663420721,0.3976030327427677,8,2,0,2,0.0,0.0,0.02791181303893797,0.1726774167807856,2.2354760612535896,198929.75448787413,1354314.5936094671,0
2021-06,1553244.3480973411,1621548.0633276517,0.043974868032824244,0.043974868032824244,0.6215480633276518,0.0,1621548.0633276517,13461.373598744613,199802.40915117168,335105.3811068708,136316.88171606977,397.5107158088789,141.2550970731161,538.765812881995,0.3035081140970594,9,1,1,0,1.0,0.0,0.02276298323635717,0.10147022784838095,4.9133765364487445,0.0,1621548.0633276517,0
2021-07,1621548.0633276517,1743954.4734403696,0.07548737708182518,0.07548737708182496,0.7439544734403696,0.0,1743954.4734403696,0.0,322208.8192638898,0.0,0.0,0.0,0.0,0.0,0.0,9,0,0,0,0.0,0.0,0.021712918100892042,0.17209276324360395,5.169162211146204,0.0,1743954.4734403696,0
2021-08,1743954.4734403696,1776624.6007687731,0.01873336020289207,0.01873336020289207,0.7766246007687732,0.0,1776624.600768773,103160.21411089491,251718.73248139818,868131.511990597,869032.0255703257,1029.800170942558,900.5135797286363,1930.3137506711946,0.9961060130967468,12,4,3,1,0.75,10.03204727518432,0.04344192153139115,0.18095504874587742,1.322838805789671,0.0,1776624.600768773,0
2021-09,1776624.6007687731,1701815.3679495929,-0.04210750700334165,-0.04210750700334187,0.7018153679495929,0.0,1701815.3679495929,20663.482093292783,156246.0175689253,158248.59391193133,158412.74531736056,187.71859656177463,164.15140542922725,351.8700019910019,0.17823761929912915,12,1,1,0,1.0,0.0,0.07118274124613444,0.16932978426295156,-2.959861493860733,0.0,1701815.3679495929,0
2021-10,1701815.3679495929,1690375.3437549665,-0.0067222475540397175,-0.0067222475540393845,0.6903753437549665,437232.0395304426,1253143.3042245237,-44175.407433943954,188981.4008082427,0.0,437685.5807089984,0.0,453.5411785557625,453.5411785557625,0.25718746519273555,8,4,0,4,0.0,0.0,0.09422318549995234,0.2609150700907407,-0.1949088629195213,437232.0395304426,1253143.3042245237,0
2021-11,1690375.3437549665,1679977.6820815166,-0.006151096389250932,-0.006151096389250377,0.6799776820815167,859165.3797080533,820812.3023734635,170542.11449431244,8041.624640480528,1400686.4832375897,1824510.4285585438,1661.530724264993,1890.6051433435055,3552.1358676084983,1.9079767838021973,5,12,6,6,0.5,5.658166534462944,0.04168811655781901,0.1939145556730445,-0.30493246963708487,859165.3797080533,820812.3023734634,0
2021-12,1679977.6820815166,1676010.2290744805,-0.002361610543611725,-0.002361610543611836,0.6760102290744805,991069.4799334893,684940.7491409911,-32585.73679395103,36659.90842739535,647949.7889336323,780662.8322831137,768.6148863275869,808.9431240454019,1577.5580103729887,0.8503759522844818,4,5,1,4,0.2,0.1500004673912912,0.06627102431512488,0.15240899358917984,-0.09332538424221669,991069.4799334893,684940.7491409911,0
2022-01,1676010.2290744805,1734772.135465005,0.035060589351518345,0.03506058935151812,0.734772135465005,244980.14575735736,1489791.9897076478,-8048.07261973893,103469.88743765891,991069.4799334893,245234.26387767826,1175.6323849035832,254.11812032091103,1429.7505052244942,0.7376468963998352,10,1,0,1,0.0,0.0,0.037650047249874086,0.12633098701279966,3.503150059484392,244980.14575735736,1489791.9897076478,0
2022-02,1734772.135465005,1635498.5436246104,-0.05722572423829275,-0.05722572423829253,0.6354985436246103,883287.0007022703,752211.5429223401,-24765.14998036019,28961.445577624312,566699.6658115325,1206256.47507859,672.233877776951,1249.9543221447873,1922.1881999217383,1.02201096307953,6,7,2,5,0.2857142857142857,0.6845461841107517,0.10988186507011366,0.2590452951500032,-2.731059924474482,883287.0007022703,752211.5429223401,0
2022-03,1635498.5436246104,1626752.3667812226,-0.0053477130123298355,-0.0053477130123297245,0.6267523667812227,1213584.934651807,413167.4321294158,-38722.69682865987,58937.96556289653,0.0,330640.5522864702,0.0,342.6183369335999,342.6183369335999,0.2021649934054364,3,3,0,3,0.0,0.0,0.03533818417377654,0.10479265621986154,-0.5613754884434874,1213584.934651807,413167.4321294158,0
2022-04,1626752.3667812226,1513177.0072412528,-0.06981723946386253,-0.06981723946386253,0.5131770072412527,121380.74055011138,1391796.2666911415,-1626.1363759541127,-53011.25760111926,1213584.934651807,121506.64889887326,1439.5860026922744,125.90834876188386,1565.4943514541583,0.8207097839927304,5,1,0,1,0.0,0.0,0.0821988600364173,0.15780471593138248,-5.9912039324786726,121380.74055011138,1391796.2666911415,0
2022-05,1513177.0072412528,1443310.5312792072,-0.046172044399103496,-0.04617204439910361,0.44331053127920717,0.0,1443310.5312792072,-134171.43536864294,11293.70180547802,1432016.8294737292,1311995.61288958,1698.695595559304,1359.523965962118,3058.219561521422,1.8134114047675445,3,5,0,5,0.0,0.0,0.07253814711177131,0.202956680996665,-2.688253905536148,0.0,1443310.5312792072,0
2022-06,1443310.5312792072,1344517.4928222972,-0.06844891401807318,-0.06844891401807318,0.34451749282229716,1344517.4928222972,0.0,-87499.33665143198,0.0,0.0,1345912.161998276,0.0,1394.6691759788255,1394.6691759788255,0.9325173847414479,0,3,0,3,0.0,0.0,0.07005476112857245,0.09400487967902955,-8.578663887870828,1344517.4928222972,0.0,0
2022-07,1344517.4928222972,1337193.7108028568,-0.0054471452089974726,-0.005447145208997584,0.33719371080285687,0.0,1337193.7108028568,0.0,-7323.782019440376,1344517.4928222972,0.0,1594.9016074406222,0.0,1594.9016074406222,1.0,3,0,0,0,0.0,0.0,0.03752554840054123,0.11759452913814882,-0.49874838544544225,0.0,1337193.7108028568,0
2022-08,1337193.7108028568,1450340.7421499635,0.08461528829594389,0.08461528829594345,0.45034074214996345,0.0,1450340.7421499635,0.0,105823.24932766636,0.0,0.0,0.0,0.0,0.0,0.0,3,0,0,0,0.0,0.0,0.03498746005921205,0.1950711036812965,5.353721420890331,0.0,1450340.7421499635,0
2022-09,1450340.7421499635,1430692.3968037157,-0.013547399431888874,-0.013547399431888762,0.43069239680371574,0.0,1430692.3968037157,-25020.948955281114,111195.85293669964,423151.54865215125,423590.4841251543,501.9533689514467,438.93547300307216,940.8888419545189,0.5838228274013098,3,1,0,1,0.0,0.0,0.050269396973644076,0.181290164003673,-0.770543210271558,0.0,1430692.3968037157,0
2022-10,1430692.3968037157,1539932.6086362873,0.07635478602991341,0.07635478602991386,0.5399326086362872,0.0,1539932.6086362873,0.0,220436.0647692713,0.0,0.0,0.0,0.0,0.0,0.0,3,0,0,0,0.0,0.0,0.02413724437823661,0.24809817540431223,4.065146101986732,0.0,1539932.6086362873,0
2022-11,1539932.6086362873,1431523.2781781503,-0.07039874982200722,-0.070398749822007,0.4315232781781504,0.0,1431523.2781781503,0.0,112026.73431113444,0.0,0.0,0.0,0.0,0.0,0.0,3,0,0,0,0.0,0.0,0.09499806419997592,0.18044362941971603,-4.755670879243248,0.0,1431523.2781781503,0
2022-12,1431523.2781781503,1381120.9084979866,-0.035208906797735806,-0.03520890679773547,0.3811209084979865,1381120.9084979866,0.0,61624.36463097064,0.0,375544.61693660344,1758487.7161267211,445.48078877023937,1822.190692131128,2267.6714809013674,1.4907423201523016,0,4,3,1,0.75,2.294441007019256,0.05537688333396373,0.18878026197849682,-2.1825327129509198,1381120.9084979866,0.0,0
2023-01,1381120.9084979866,1346606.9598058,-0.02498980971167941,-0.024989809711679523,0.34660695980580014,1346606.9598058,0.0,-34513.9486921865,0.0,1381120.9084979866,1348003.7963877157,1638.3215308039325,1396.8365819156572,3035.1581127195896,1.976021569214902,0,3,0,3,0.0,0.0,0.02498980971167941,0.07871857022552008,-3.8156442023056996,1346606.9598058,0.0,0
2023-02,1346606.9598058,1293433.5153727257,-0.03948698174019749,-0.03948698174019738,0.29343351537272566,0.0,1293433.5153727257,0.0,-53173.44443307433,1346606.9598058,0.0,1597.380187502595,0.0,1597.380187502595,1.0,6,0,0,0,0.0,0.0,0.03948698174019749,0.07334735755736899,-6.876864657935376,0.0,1293433.5153727257,0
2023-03,1293433.5153727257,1259058.2755522914,-0.026576735032668775,-0.026576735032668553,0.25905827555229144,1259058.2755522914,0.0,-87548.68425350852,0.0,0.0,1260364.297807151,0.0,1306.022254859513,1306.022254859513,0.9744329977748836,0,6,0,6,0.0,0.0,0.04618928117911425,0.10374943946991184,-3.061380970206668,1259058.2755522914,0.0,0
2023-04,1259058.2755522914,1288699.8358498418,0.023542643635417138,0.023542643635416916,0.2886998358498418,0.0,1288699.8358498418,0.0,29641.560297550284,1259058.2755522914,0.0,1493.5276619752924,0.0,1493.5276619752924,1.0,3,0,0,0,0.0,0.0,0.001186225999999957,0.04691555528927766,7.380743129219962,0.0,1288699.8358498418,0
2023-05,1288699.8358498418,1261976.0050427832,-0.020737048351864962,-0.020737048351865628,0.2619760050427833,0.0,1261976.0050427832,-44103.99281493208,47021.72230542393,1214954.2827373594,1216214.5558817424,1441.2103589944068,1260.2731443831144,2701.483503377521,1.8865283993893358,3,3,1,2,0.3333333333333333,0.15485082064369626,0.06842016780681126,0.17088692666403307,-1.3181199423253918,0.0,1261976.0050427832,0
2023-06,1261976.0050427832,1341175.7308215424,0.0627585036975995,0.06275850369759972,0.3411757308215424,0.0,1341175.7308215424,5470.244470285717,120751.2036138975,410455.00538273883,410880.7707202592,486.89239921514474,425.76533752037136,912.6577367355161,0.6508331163358002,3,1,1,0,1.0,0.0,0.033019879305986155,0.17211425491544188,4.336220454440069,0.0,1341175.7308215424,0
2023-07,1341175.7308215424,1401975.8581500268,0.04533345327628391,0.045333453276283686,0.4019758581500268,0.0,1401975.8581500268,0.0,181551.33094238158,0.0,0.0,0.0,0.0,0.0,0.0,3,0,0,0,0.0,0.0,0.01780509479278558,0.17665157454579086,3.1031156147820433,0.0,1401975.8581500268,0
2023-08,1401975.8581500268,1413155.4016279073,0.007974134085755535,0.007974134085755313,0.4131554016279073,0.0,1413155.4016279073,0.0,192730.87442026217,0.0,0.0,0.0,0.0,0.0,0.0,3,0,0,0,0.0,0.0,0.03216120936757627,0.12590216195460133,0.7858545246263249,0.0,1413155.4016279073,0
2023-09,1413155.4016279073,1514782.5313582905,0.07191504176632812,0.0719150417663279,0.5147825313582906,0.0,1514782.5313582905,0.0,294358.0041506453,0.0,0.0,0.0,0.0,0.0,0.0,3,0,0,0,0.0,0.0,0.0175057900721155,0.18796797744582333,4.757097864916265,0.0,1514782.5313582905,0
2023-10,1514782.5313582905,1382188.6020896463,-0.08753331024338429,-0.08753331024338462,0.38218860208964633,1382188.6020896463,0.0,161764.07488200127,0.0,0.0,1383622.3475403488,0.0,1433.7454507023454,1433.7454507023454,0.9134131922551737,0,3,3,0,1.0,0.0,0.09974446346952404,0.21065245155108275,-5.360955999027209,1382188.6020896463,0.0,0
2023-11,1382188.6020896463,1426790.2965752133,0.03226889182716208,0.03226889182716208,0.4267902965752133,0.0,1426790.2965752133,0.0,44601.694485567044,1382188.6020896463,0.0,1639.5880567023928,0.0,1639.5880567023928,1.0,3,0,0,0,0.0,0.0,0.004053623793703998,0.07506763835480856,5.372201355861721,0.0,1426790.2965752133,0
2023-12,1426790.2965752133,1558532.2121488778,0.09233446280780733,0.09233446280780755,0.5585322121488778,0.0,1558532.2121488778,7948.698431634577,168394.911627597,929407.7664913988,930371.8419837302,1102.487657214026,964.0754923314329,2066.563149545459,1.3034708835203312,3,2,1,1,0.5,2.8232679133823075,0.04064223008398249,0.22881256345862602,4.988309116581921,0.0,1558532.2121488778,0
2024-01,1558532.2121488778,1721231.9031964985,0.10439289594360912,0.10439289594360912,0.7212319031964984,0.0,1721231.9031964985,0.0,331094.6026752176,0.0,0.0,0.0,0.0,0.0,0.0,3,0,0,0,0.0,0.0,0.10884892547753999,0.4168725636163822,3.2187338401644285,0.0,1721231.9031964985,0
2024-02,1721231.9031964985,1723868.577075739,0.0015318527819196959,0.0015318527819192518,0.7238685770757389,0.0,1723868.577075739,0.0,333731.276554458,0.0,0.0,0.0,0.0,0.0,0.0,3,0,0,0,0.0,0.0,0.06374918393512596,0.2514419284950415,0.2018893705845453,0.0,1723868.577075739,0
2024-03,1723868.577075739,1574855.917859964,-0.08644084659200091,-0.0864408465920008,0.5748559178599641,518319.48504201276,1056536.4328179513,162253.0154498823,22465.60188880074,1551106.2463937257,2071572.3485642017,1839.9625582346437,2146.6171284632887,3986.5796866979326,2.101481889706006,2,4,4,0,1.0,0.0,0.1149731619895974,0.17115500587448565,-7.290399302359765,518319.48504201276,1056536.4328179513,0
2024-04,1574855.917859964,1573453.6941391178,-0.0008903822279511253,-0.0008903822279512363,0.5734536941391177,497069.317033732,1076384.3771053858,-19966.09843084321,41029.47659879777,518319.48504201276,497584.92747278744,614.8440494634466,515.6104390554167,1130.4544885188634,0.6450776867862869,2,1,0,1,0.0,0.0,0.030143059091937263,0.10670322684270936,-0.051847740923273315,497069.317033732,1076384.3771053858,0
2024-05,1573453.6941391178,1618619.1616252495,0.028704669005745975,0.028704669005745753,0.6186191616252494,983639.3604030132,634979.8012222364,-31749.44167273154,117944.38575766113,497069.317033732,984659.6903753321,589.6365476676559,1020.329972318869,1609.9665199865249,0.941704870583917,1,2,0,2,0.0,0.0,0.026168910910153498,0.15537455229707883,2.264852694643231,983639.3604030132,634979.8012222364,0
2024-06,1618619.1616252495,1646480.9884731672,0.017213330663861548,0.017213330663861104,0.6464809884731673,528182.1671745336,1118298.8212986337,127832.48211297259,17973.73049260641,1650487.6362090409,1196270.049108469,1957.8513467497055,1239.6061279074722,3197.457474657178,1.7587569409836286,2,2,1,1,0.5,6.815754432621179,0.020545626335420675,0.13681893075456475,1.723546882234942,528182.1671745336,1118298.8212986337,0
2024-07,1646480.9884731672,1732566.6727566284,0.052284651256915504,0.05228465125691595,0.7325666727566285,0.0,1732566.6727566284,-3433.025737526361,107492.44051359396,1625074.2322430345,1098029.8721708208,1927.7053062167256,1137.807102320081,3065.5124085368066,1.6538934390849382,3,2,1,1,0.5,0.7913789317861069,0.03450162358900488,0.14084690953862006,4.219406124129949,0.0,1732566.6727566284,0
2024-08,1732566.6727566284,1900400.2033083565,0.09686988281073994,0.0968698828107395,0.9004002033083565,0.0,1900400.2033083565,85715.14134132827,189610.82972399378,627406.5520890064,628057.361456439,744.2459646583336,650.80936743256,1395.0553320908934,0.7246266093459591,3,1,1,0,1.0,0.0,0.022850774017346476,0.1559787582065184,7.206130684059932,0.0,1900400.2033083565,0
2024-09,1900400.2033083565,1902723.714618038,0.0012226431599178245,0.0012226431599173804,0.902723714618038,0.0,1902723.714618038,23176.787767825066,168757.55326585006,650583.3398568315,651258.1905265681,771.7388729050098,674.8506697365837,1446.5895426415934,0.6850354615396579,3,1,1,0,1.0,0.0,0.017495323758481174,0.10687902431515671,0.1905849228156512,0.0,1902723.714618038,0
2024-10,1902723.714618038,1903520.3278257025,0.00041866993171124633,0.0004186699317114684,0.9035203278257025,659361.6377501271,1244158.6900755754,139827.10471667803,29727.061756836716,1345480.435142121,2006921.6973349908,1596.0438746568975,2079.624442742648,3675.6683173995457,1.7618964365249896,2,3,2,1,0.6666666666666666,11.45156560623058,0.0590278505789672,0.2022736944771529,0.12427808291650434,659361.6377501271,1244158.6900755754,0
2024-11,1903520.3278257025,1796002.2739090146,-0.05648379601992504,-0.05648379601992515,0.7960022739090147,1796002.2739090146,0.0,-77790.99215985119,0.0,0.0,1137819.6744889044,0.0,1179.0383300169392,1179.0383300169392,0.5977449559409643,0,2,0,2,0.0,0.0,0.06188485101390928,0.08714645030468235,-8.791349166154033,1796002.2739090146,0.0,0
2024-12,1796002.2739090146,1802107.9762125053,0.0033996072233257735,0.0033996072233257735,0.8021079762125052,0.0,1802107.9762125053,0.0,6105.702303490369,1796002.2739090149,0.0,2130.464593369995,0.0,2130.464593369995,1.0000000000000002,6,0,0,0,0.0,0.0,0.0055423519261206255,0.029281431020642297,1.4055894456905642,0.0,1802107.9762125053,0
2025-01,1802107.9762125053,1555693.896789503,-0.1367365788707574,-0.13673657887075708,0.5556938967895031,780769.3299016622,774924.5668878409,-223311.02006155133,-16997.35705796053,791921.9239458013,1574322.6078661222,939.3983761545321,1631.3540186586804,2570.752394813212,1.3130425940320545,3,6,0,6,0.0,0.0,0.15994160169350125,0.24099225674351143,-6.843195935596094,780769.3299016622,774924.5668878409,0
2025-02,1555693.896789503,1433939.5355583117,-0.07826370051489995,-0.07826370051489995,0.4339395355583118,0.0,1433939.5355583117,-31135.739865447104,-107615.97842370486,1541555.5139820166,761575.3482571774,1828.6332311288315,789.1641768231418,2617.797407951973,1.480452463683365,3,3,0,3,0.0,0.0,0.06980999221086781,0.16426635186651703,-6.481783842203474,0.0,1433939.5355583117,0
2025-03,1433939.5355583117,1354104.63255209,-0.05567522271790737,-0.05567522271790748,0.35410463255209,0.0,1354104.6325520899,-184679.52953255246,-2771.3518973738537,1356875.9844494644,1358283.4730996601,1609.5615715295494,1407.4886501961685,3017.050221725718,1.8934964761202175,15,3,1,2,0.3333333333333333,0.07230708522537604,0.06468645782474203,0.17020078702604952,-4.37177513927706,0.0,1354104.63255209,0
2025-04,1354104.63255209,1378213.0384728187,0.01780394612142433,0.017803946121424552,0.3782130384728186,0.0,1378213.0384728187,0.0,21337.054023354693,0.0,0.0,0.0,0.0,0.0,0.0,15,0,0,0,0.0,0.0,0.049388067961289694,0.2426220572785415,1.0869705863383978,0.0,1378213.0384728187,0
2025-05,1378213.0384728187,1396275.993515805,0.013106068901366452,0.01310606890136623,0.3962759935158051,0.0,1396275.9935158053,-4414.9176328582835,43814.92669919939,86043.48133043932,86132.73430918159,102.06701468468171,89.252978742266,191.3199934269477,0.12492714176496784,15,1,0,1,0.0,0.0,0.026361608574027473,0.13463624641474642,1.228282713439974,0.0,1396275.9935158053,0
2025-06,1396275.993515805,1490682.4656229753,0.06761304537611923,0.06761304537611945,0.49068246562297535,0.0,1490682.4656229753,-7569.397693363877,145790.79649973346,82889.00126993372,82974.98210373915,98.3250884204284,85.9808338054292,184.3059222258576,0.11879025647073505,15,1,0,1,0.0,0.0,0.02851831448349651,0.12060138699662049,6.580295514666554,0.0,1490682.4656229753,0
2025-07,1490682.4656229753,1505333.432290642,0.009828361844683053,0.009828361844683053,0.505333432290642,84883.90484708673,1420449.5274435554,-5574.4941162108735,166016.25728361116,0.0,84971.95499612454,0.0,88.05014903781414,88.05014903781414,0.05700204903169212,14,1,0,1,0.0,0.0,0.013677963897968048,0.06988322422955791,1.5686565303063134,84883.90484708673,1420449.5274435554,0
2025-08,1505333.432290642,1432921.1045892106,-0.04810384606368756,-0.04810384606368723,0.4329211045892105,0.0,1432921.1045892106,17324.267416805218,76279.66216537438,283124.9701904871,198446.70097456448,335.85020088918077,205.63563116406905,541.4858320532499,0.3199103008243506,15,2,2,0,1.0,0.0,0.03473429191505517,0.11860882582360034,-5.446223622955078,0.0,1432921.1045892104,0
2025-09,1432921.1045892106,1428655.716462586,-0.002976708286983709,-0.0029767082869840422,0.42865571646258616,376640.91313071374,1052014.8033318724,18242.468795253386,53771.80524349677,648393.7175614075,1026097.900014662,769.1414860079982,1063.269322540593,1832.4108085485914,1.168586052793264,11,11,5,6,0.45454545454545453,2.653536309301446,0.03472564689660673,0.08807493316550218,-0.34357084066294585,376640.91313071374,1052014.8033318724,0
2025-10,1428655.716462586,1483745.800998768,0.03856078403031038,0.038560784030311046,0.48374580099876807,84485.07101107747,1399260.7299876907,-1558.4103193618503,110420.30009904043,376640.9131307137,84572.70744942696,446.781243819394,87.6364383494899,534.4176821688839,0.32283048691543803,14,1,0,1,0.0,0.0,0.009609865352819713,0.0812675986742372,5.63245165904721,84485.07101107747,1399260.7299876907,0
2025-11,1483745.800998768,1521095.380813663,0.02517249234319885,0.02517249234319907,0.5210953808136629,0.0,1521095.380813663,1394.2841467927647,146375.59576714266,176337.75412116782,91947.96197893996,209.1764287201364,95.27886884958905,304.4552975697255,0.1808164956015471,15,1,1,0,1.0,0.0,0.021247850677513336,0.12060711660599781,2.79610766735787,0.0,1521095.380813663,0
2025-12,1521095.380813663,1609483.7403303147,0.05810836100848005,0.058108361008479825,0.6094837403303148,0.0,1609483.7403303147,0.0,234763.9552837945,0.0,0.0,0.0,0.0,0.0,0.0,15,0,0,0,0.0,0.0,0.02251113701862939,0.13733473537114277,4.785738918678088,0.0,1609483.7403303145,0
2026-01,1609483.7403303147,1685803.4016524088,0.04741872155007343,0.047418721550073206,0.6858034016524088,541520.8670425431,1144282.5346098654,53330.98068976909,257752.63591611935,406235.25044527784,948739.2257407536,481.88681619470015,983.1082529324382,1464.995069127138,0.8418690057148074,9,10,4,6,0.4,2.872648723755396,0.03761790107616403,0.27219176778122234,2.396434771823178,541520.8670425431,1144282.5346098654,0
2026-02,1685803.4016524088,1651922.0122477682,-0.020098066815756988,-0.020098066815756765,0.6519220122477682,0.0,1651922.0122477682,39454.742611385474,184416.50390009346,673105.6659111828,131721.29189605598,798.4554416511589,136.4930274162825,934.9484690674414,0.47741448203174525,15,1,1,0,1.0,0.0,0.032352521041319915,0.2167968464501559,-1.069676401396261,0.0,1651922.0122477682,0
2026-03,1651922.0122477682,1536652.0082774297,-0.06977932560720024,-0.0697793256071999,0.5366520082774298,0.0,1536652.0082774297,-42627.12528831903,111773.625218074,1135410.4907673225,1136588.2530664445,1346.853444820958,1177.7622991220296,2524.615743942987,1.3753668314778742,12,12,3,9,0.25,0.5037297389294162,0.08269835519773672,0.2053063581413292,-4.560873906806071,0.0,1536652.0082774297,0
2026-04,1536652.0082774297,1616153.907521534,0.05173708739249627,0.05173708739249605,0.6161539075215341,86622.77368272255,1529531.1338388114,-2271.2030296773155,193546.72749185562,0.0,86712.62756193054,0.0,89.85387920798905,89.85387920798905,0.05642958008373962,11,1,0,1,0.0,0.0,0.019536583471666424,0.1358658403720388,4.75185016561761,86622.77368272255,1529531.1338388114,0
2026-05,1616153.907521534,1711459.7815764674,0.05897079084571244,0.05897079084571244,0.7114597815764674,0.0,1711459.7815764674,0.0,288852.601546789,86622.77368272255,0.0,102.75418633456124,0.0,102.75418633456124,0.053598096864155474,12,0,0,0,0.0,0.0,0.02110504503122479,0.17183702288393168,4.5148816236565175,0.0,1711459.7815764674,0
2026-06,1711459.7815764674,1745366.7816907265,0.01981174227946303,0.019811742279463473,0.7453667816907266,0.0,1745366.7816907263,1552.8584743880929,321206.7431866599,90446.83518678795,90540.65576835217,107.29038751628272,93.8205815642165,201.11096908049922,0.10575036171076607,12,1,1,0,1.0,0.0,0.027375704444767224,0.15007728769703618,1.6440995312678044,0.0,1745366.7816907263,0
2026-07,1745366.7816907265,1840366.321346088,0.05442955638432401,0.054429556384323785,0.8403663213460881,148408.4940265217,1691957.8273195664,83285.10431914496,332921.1785228765,232048.1178876088,380851.2598917631,275.26151068934666,394.6479776326022,669.9094883219489,0.3511579252045005,11,2,2,0,1.0,0.0,0.024358610709025563,0.14654120953090488,4.040502937279183,148408.4940265217,1691957.8273195664,0
2026-08,1840366.321346088,1869159.242085717,0.015645211719897745,0.015645211719897745,0.8691592420857168,296748.48790476366,1572410.7541809531,51850.69644756419,309863.40281494113,0.0,148493.8670841551,0.0,153.87320591314568,153.87320591314568,0.08068712481955392,10,1,1,0,1.0,0.0,0.0030125697569800547,0.07913097027882565,9.9423144589958,296748.48790476366,1572410.7541809534,0
