index_name,regime,start_date,end_date,weeks,days,start_close,end_close,return_pct
NIFTY_AUTO,BULLISH,2020-01-03,2020-02-07,6,36,8168.15,8064.6,-1.2677289227058686
NIFTY_AUTO,BEARISH,2020-02-14,2020-04-24,11,71,7822.2,5377.25,-31.256551865204163
NIFTY_AUTO,BULLISH,2020-04-30,2021-03-19,47,324,5901.4,10186.5,72.61158369200528
NIFTY_AUTO,BEARISH,2021-03-26,2021-05-28,10,64,9771.5,10510.25,7.560251752545666
NIFTY_AUTO,BULLISH,2021-06-04,2021-07-16,7,43,10735.75,10428.45,-2.862398994015314
NIFTY_AUTO,BEARISH,2021-07-23,2021-09-24,10,64,10201.35,10429.05,2.2320575217985805
NIFTY_AUTO,BULLISH,2021-10-01,2021-11-18,8,49,10596.95,11747.45,10.856897503526962
NIFTY_AUTO,BEARISH,2021-11-26,2022-06-17,30,204,10759.6,10830.9,0.6626640395553718
NIFTY_AUTO,BULLISH,2022-06-24,2022-12-16,26,176,11583.25,12775.25,10.290721515982138
NIFTY_AUTO,BEARISH,2022-12-23,2023-01-27,6,36,12236.0,13089.7,6.97695325269696
NIFTY_AUTO,BULLISH,2023-02-03,2023-03-10,6,36,13377.95,12741.6,-4.75670786630239
NIFTY_AUTO,BEARISH,2023-03-17,2023-04-06,4,21,12245.95,12469.35,1.8242765975689856
NIFTY_AUTO,BULLISH,2023-04-13,2024-10-18,80,555,12918.65,25146.9,94.65578833701667
NIFTY_AUTO,BEARISH,2024-10-25,2025-04-25,27,183,23799.3,21994.5,-7.5834163189673625
NIFTY_AUTO,BULLISH,2025-05-02,2026-01-16,38,260,22286.5,27596.25,23.824961299441362
NIFTY_AUTO,BEARISH,2026-01-23,2026-02-06,3,15,26804.55,27519.55,2.6674575771650666
NIFTY_AUTO,BULLISH,2026-02-13,2026-03-06,4,22,28234.3,27076.4,-4.101040224124553
NIFTY_AUTO,BEARISH,2026-03-13,2026-04-30,8,49,24195.1,25917.6,7.119210087993033
NIFTY_AUTO,BULLISH,2026-05-08,2026-08-07,14,92,27259.85,29647.9,8.760319664268156
NIFTY_BANK,BULLISH,2020-01-03,2020-01-24,4,22,32069.25,31241.75,-2.5803534538537676
NIFTY_BANK,BEARISH,2020-01-31,2020-07-03,23,155,30833.6,21852.4,-29.127964298687136
NIFTY_BANK,BULLISH,2020-07-10,2021-03-19,37,253,22398.45,34161.6,52.51769653703715
NIFTY_BANK,BEARISH,2021-03-26,2021-07-09,16,106,33318.2,35071.95,5.263639692420363
NIFTY_BANK,BULLISH,2021-07-16,2021-11-18,19,126,35751.8,37976.25,6.221924490515152
NIFTY_BANK,BEARISH,2021-11-26,2022-01-07,7,43,36025.5,37739.6,4.7580186256956924
NIFTY_BANK,BULLISH,2022-01-14,2022-02-25,7,43,38370.4,36430.75,-5.055068490294601
NIFTY_BANK,BEARISH,2022-03-04,2022-07-15,20,134,34407.8,34682.65,0.7988014345584382
NIFTY_BANK,BULLISH,2022-07-22,2023-01-20,27,183,36738.95,42506.8,15.699550477082248
NIFTY_BANK,BEARISH,2023-01-27,2023-04-21,13,85,40345.3,42118.0,4.393820345864308
NIFTY_BANK,BULLISH,2023-04-28,2023-10-20,26,176,43233.9,43723.05,1.131403828939792
NIFTY_BANK,BEARISH,2023-10-27,2023-12-01,6,36,42782.0,44814.2,4.750128558739641
NIFTY_BANK,BULLISH,2023-12-08,2024-01-19,7,43,47262.0,45701.15,-3.3025475011637218
NIFTY_BANK,BEARISH,2024-01-25,2024-04-26,14,93,44866.15,48201.05,7.432997928282248
NIFTY_BANK,BULLISH,2024-05-03,2024-08-02,14,92,48923.55,51350.15,4.9599834844364254
NIFTY_BANK,BEARISH,2024-08-09,2024-09-13,6,36,50484.5,51938.05,2.879200546702454
NIFTY_BANK,BULLISH,2024-09-20,2024-09-27,2,8,53793.2,53834.3,0.07640370901900173
NIFTY_BANK,BEARISH,2024-10-04,2025-03-13,24,161,51462.05,48060.4,-6.610016507309757
NIFTY_BANK,BULLISH,2025-03-21,2025-08-01,20,134,50593.55,55617.6,9.930218377639033
NIFTY_BANK,BEARISH,2025-08-08,2025-10-03,9,57,55004.9,55589.25,1.0623598988453775
NIFTY_BANK,BULLISH,2025-10-10,2026-02-27,21,141,56609.75,60529.0,6.9232773506330725
NIFTY_BANK,BEARISH,2026-03-06,2026-06-05,14,92,57783.25,54496.25,-5.688499694980809
NIFTY_BANK,BULLISH,2026-06-12,2026-08-07,9,57,56814.8,57746.45,1.6398016009912864
NIFTY_CHEMICALS,BULLISH,2025-10-17,2025-10-17,1,1,29368.57,29368.57,0.0
NIFTY_CHEMICALS,BEARISH,2025-10-24,2026-04-24,27,183,29186.56,27844.95,-4.59667052232261
NIFTY_CHEMICALS,BULLISH,2026-04-30,2026-08-07,15,100,28480.5,30585.2,7.3899685749899025
NIFTY_CONSUMER_DURABLES,BULLISH,2021-08-13,2021-11-18,15,98,24260.4,29337.35,20.9269014525729
NIFTY_CONSUMER_DURABLES,BEARISH,2021-11-26,2022-07-08,32,225,27610.95,24298.15,-11.99813841972116
NIFTY_CONSUMER_DURABLES,BULLISH,2022-07-15,2022-11-11,18,120,24878.75,26493.8,6.491684670652664
NIFTY_CONSUMER_DURABLES,BEARISH,2022-11-18,2023-05-05,25,169,25921.8,24778.7,-4.409801788456047
NIFTY_CONSUMER_DURABLES,BULLISH,2023-05-12,2024-10-18,76,526,25084.8,42121.9,67.91802206914149
NIFTY_CONSUMER_DURABLES,BEARISH,2024-10-25,2024-11-29,6,36,39672.45,40172.9,1.26145473748156
NIFTY_CONSUMER_DURABLES,BULLISH,2024-12-06,2025-01-10,6,36,42186.95,40585.1,-3.7970272797630544
NIFTY_CONSUMER_DURABLES,BEARISH,2025-01-17,2025-05-09,17,113,39394.7,36700.1,-6.84000639679957
NIFTY_CONSUMER_DURABLES,BULLISH,2025-05-16,2025-09-19,19,127,38478.4,39342.0,2.2443760655328715
NIFTY_CONSUMER_DURABLES,BEARISH,2025-09-26,2026-02-06,20,134,37512.65,36437.3,-2.866632989138329
NIFTY_CONSUMER_DURABLES,BULLISH,2026-02-13,2026-03-06,4,22,37618.3,36520.7,-2.917728871320624
NIFTY_CONSUMER_DURABLES,BEARISH,2026-03-13,2026-04-10,5,29,35011.45,36464.15,4.14921404283457
NIFTY_CONSUMER_DURABLES,BULLISH,2026-04-17,2026-08-07,17,113,38029.9,40089.9,5.416790472759581
NIFTY_FINANCIAL_SERVICES,BULLISH,2020-01-03,2020-02-20,8,49,14560.7,14510.4,-0.34545042477354126
NIFTY_FINANCIAL_SERVICES,BEARISH,2020-02-28,2020-06-26,18,120,13566.45,10588.45,-21.951210523018183
NIFTY_FINANCIAL_SERVICES,BULLISH,2020-07-03,2021-03-12,37,253,10870.9,16506.35,51.83977407574349
NIFTY_FINANCIAL_SERVICES,BEARISH,2021-03-19,2021-07-09,17,113,15985.35,16590.0,3.7825258752545166
NIFTY_FINANCIAL_SERVICES,BULLISH,2021-07-16,2021-11-18,19,126,16884.1,18606.35,10.200425252160317
NIFTY_FINANCIAL_SERVICES,BEARISH,2021-11-26,2022-07-15,34,232,17614.7,16112.75,-8.526685098241815
NIFTY_FINANCIAL_SERVICES,BULLISH,2022-07-22,2022-12-16,22,148,16858.55,19111.95,13.366511354772515
NIFTY_FINANCIAL_SERVICES,BEARISH,2022-12-23,2023-04-21,18,120,18595.6,18753.75,0.8504700036567892
NIFTY_FINANCIAL_SERVICES,BULLISH,2023-04-28,2023-10-20,26,176,19162.55,19606.25,2.315453840955417
NIFTY_FINANCIAL_SERVICES,BEARISH,2023-10-27,2023-11-24,5,29,19129.15,19652.0,2.7332631089201476
NIFTY_FINANCIAL_SERVICES,BULLISH,2023-12-01,2024-01-12,7,43,20211.0,21300.7,5.391618425609823
NIFTY_FINANCIAL_SERVICES,BEARISH,2024-01-19,2024-04-26,15,99,20425.35,21354.05,4.546800911612281
NIFTY_FINANCIAL_SERVICES,BULLISH,2024-05-03,2024-09-27,22,148,21797.4,24907.95,14.270279941644404
NIFTY_FINANCIAL_SERVICES,BEARISH,2024-10-04,2024-12-06,10,64,23621.8,24703.7,4.580091271621978
NIFTY_FINANCIAL_SERVICES,BULLISH,2024-12-13,2025-01-03,4,22,24880.4,23735.7,-4.600810276362122
NIFTY_FINANCIAL_SERVICES,BEARISH,2025-01-10,2025-03-13,10,63,22730.2,23290.0,2.462802791000507
NIFTY_FINANCIAL_SERVICES,BULLISH,2025-03-21,2025-08-22,23,155,24567.95,26317.05,7.119438129758482
NIFTY_FINANCIAL_SERVICES,BEARISH,2025-08-29,2025-10-10,7,43,25567.7,26842.25,4.985000606233636
NIFTY_FINANCIAL_SERVICES,BULLISH,2025-10-17,2026-02-27,20,134,27538.6,27869.75,1.2024939539410084
NIFTY_FINANCIAL_SERVICES,BEARISH,2026-03-06,2026-04-10,6,36,26652.45,26213.9,-1.6454397250534214
NIFTY_FINANCIAL_SERVICES,BULLISH,2026-04-17,2026-08-07,17,113,26521.25,26466.0,-0.20832351416316675
NIFTY_FINANCIAL_SERVICES_EX_BANK,BULLISH,2024-12-20,2025-03-07,12,78,25282.35,24591.65,-2.731945408555758
NIFTY_FINANCIAL_SERVICES_EX_BANK,BEARISH,2025-03-13,2025-03-21,2,9,24266.0,26198.5,7.963817687299102
NIFTY_FINANCIAL_SERVICES_EX_BANK,BULLISH,2025-03-28,2025-08-22,22,148,26459.6,29564.45,11.734304373459924
NIFTY_FINANCIAL_SERVICES_EX_BANK,BEARISH,2025-08-29,2025-10-10,7,43,28267.6,30345.95,7.352410533614462
NIFTY_FINANCIAL_SERVICES_EX_BANK,BULLISH,2025-10-17,2026-01-16,14,92,31017.2,31813.35,2.5668016455385967
NIFTY_FINANCIAL_SERVICES_EX_BANK,BEARISH,2026-01-23,2026-04-10,12,78,30491.95,30596.65,0.34336931550786876
NIFTY_FINANCIAL_SERVICES_EX_BANK,BULLISH,2026-04-17,2026-08-07,17,113,31516.55,32415.0,2.850724460640519
NIFTY_FMCG,BULLISH,2020-01-03,2020-02-20,8,49,30109.25,30636.25,1.7502926841419075
NIFTY_FMCG,BEARISH,2020-02-28,2020-07-03,19,127,29310.25,30529.1,4.158442865550449
NIFTY_FMCG,BULLISH,2020-07-10,2020-09-18,11,71,30821.15,30460.85,-1.169002454483381
NIFTY_FMCG,BEARISH,2020-09-25,2020-11-20,9,57,29633.5,31454.35,6.144566116051076
NIFTY_FMCG,BULLISH,2020-11-27,2021-02-19,13,85,31718.8,33336.8,5.101075702737812
NIFTY_FMCG,BEARISH,2021-02-26,2021-04-01,6,35,32443.15,34874.55,7.494340099527941
NIFTY_FMCG,BULLISH,2021-04-09,2021-10-22,29,197,35253.1,38874.8,10.27342276282086
NIFTY_FMCG,BEARISH,2021-10-29,2022-05-13,29,197,38222.1,36887.15,-3.4926129124250083
NIFTY_FMCG,BULLISH,2022-05-20,2022-06-10,4,22,38546.35,37428.7,-2.8994963206633084
NIFTY_FMCG,BEARISH,2022-06-17,2022-07-01,3,15,36264.55,38725.85,6.787068914408145
NIFTY_FMCG,BULLISH,2022-07-08,2024-02-02,83,575,40925.25,55118.4,34.68066780288452
NIFTY_FMCG,BEARISH,2024-02-09,2024-05-31,17,113,53867.1,54107.35,0.4460050754542255
NIFTY_FMCG,BULLISH,2024-06-07,2024-10-11,19,127,57953.35,62080.2,7.120986103478044
NIFTY_FMCG,BEARISH,2024-10-18,2025-04-04,25,169,61042.1,53830.7,-11.81381374493997
NIFTY_FMCG,BULLISH,2025-04-11,2025-09-19,24,162,55741.1,56273.05,0.9543227528699738
NIFTY_FMCG,BEARISH,2025-09-26,2026-04-10,29,197,54847.55,48194.05,-12.13089736916234
NIFTY_FMCG,BULLISH,2026-04-17,2026-05-29,7,43,49657.75,49383.35,-0.5525824267108348
NIFTY_FMCG,BEARISH,2026-06-05,2026-08-07,10,64,48302.45,49435.2,2.345119139919394
NIFTY_HEALTHCARE,BULLISH,2021-08-13,2021-10-14,10,63,8826.45,9087.6,2.95872066346039
NIFTY_HEALTHCARE,BEARISH,2021-10-22,2022-07-22,40,274,8594.3,7899.05,-8.089664079680714
NIFTY_HEALTHCARE,BULLISH,2022-07-29,2023-01-20,26,176,8017.55,7984.6,-0.4109734270444143
NIFTY_HEALTHCARE,BEARISH,2023-01-27,2023-04-06,11,70,7914.9,7727.0,-2.374003461825158
NIFTY_HEALTHCARE,BULLISH,2023-04-13,2025-01-24,94,653,7931.5,13992.2,76.41303662611108
NIFTY_HEALTHCARE,BEARISH,2025-01-31,2025-03-13,7,42,13788.1,13075.75,-5.1664116158136375
NIFTY_HEALTHCARE,BULLISH,2025-03-21,2026-01-09,43,295,14011.9,14672.05,4.711352493237886
NIFTY_HEALTHCARE,BEARISH,2026-01-16,2026-02-20,6,36,14388.75,14560.75,1.1953783337677049
NIFTY_HEALTHCARE,BULLISH,2026-02-27,2026-08-07,24,162,14871.1,16708.9,12.358198115808516
NIFTY_IT,BULLISH,2020-01-03,2020-02-20,8,49,15936.6,16649.4,4.47272316554348
NIFTY_IT,BEARISH,2020-02-28,2020-05-29,14,92,15212.95,14010.5,-7.90412115993282
NIFTY_IT,BULLISH,2020-06-05,2022-01-14,85,589,14627.45,38826.85,165.43826846100993
NIFTY_IT,BEARISH,2022-01-21,2022-11-04,42,288,36054.55,28693.05,-20.417672665447228
NIFTY_IT,BULLISH,2022-11-11,2023-03-17,19,127,29591.95,28854.45,-2.4922318400781296
NIFTY_IT,BEARISH,2023-03-24,2023-05-19,9,57,27935.65,28303.65,1.3173131822599382
NIFTY_IT,BULLISH,2023-05-26,2023-10-20,22,148,29355.9,31469.35,7.1994045490003655
NIFTY_IT,BEARISH,2023-10-27,2023-11-24,5,29,30599.7,32055.15,4.756419180580207
NIFTY_IT,BULLISH,2023-12-01,2024-03-15,16,106,32598.7,37500.7,15.037409467248676
NIFTY_IT,BEARISH,2024-03-22,2024-05-31,11,71,35188.4,32386.1,-7.963703947891931
NIFTY_IT,BULLISH,2024-06-07,2025-02-14,37,253,35169.9,41311.15,17.46166466211163
NIFTY_IT,BEARISH,2025-02-21,2025-04-25,10,64,40544.5,35562.25,-12.288349837832502
NIFTY_IT,BULLISH,2025-05-02,2025-07-18,12,78,35891.85,37141.85,3.482684787772161
NIFTY_IT,BEARISH,2025-07-25,2025-10-03,11,71,35623.75,33949.75,-4.699112249552617
NIFTY_IT,BULLISH,2025-10-10,2026-01-30,17,113,35609.05,38036.15,6.815963919284562
NIFTY_IT,BEARISH,2026-02-06,2026-07-24,25,169,35611.05,28767.95,-19.216226424101514
NIFTY_IT,BULLISH,2026-07-31,2026-08-07,2,8,30708.9,31547.7,2.731455701767227
NIFTY_MEDIA,BULLISH,2020-01-03,2020-02-20,8,49,1760.5,1871.7,6.316387389946043
NIFTY_MEDIA,BEARISH,2020-02-28,2020-05-29,14,92,1670.7,1177.85,-29.499610941521524
NIFTY_MEDIA,BULLISH,2020-06-05,2020-09-18,16,106,1388.9,1631.6,17.474260205918334
NIFTY_MEDIA,BEARISH,2020-09-25,2020-12-04,11,71,1484.75,1583.5,6.650951338609201
NIFTY_MEDIA,BULLISH,2020-12-11,2021-03-19,15,99,1658.7,1653.95,-0.286368843069873
NIFTY_MEDIA,BEARISH,2021-03-26,2021-05-21,9,57,1544.5,1667.6,7.9702168986727
NIFTY_MEDIA,BULLISH,2021-05-28,2021-08-06,11,71,1785.75,1715.85,-3.914321713565738
NIFTY_MEDIA,BEARISH,2021-08-13,2021-09-09,5,28,1705.85,1701.45,-0.25793592637101126
NIFTY_MEDIA,BULLISH,2021-09-17,2022-02-18,23,155,1927.5,2163.35,12.23605706874189
NIFTY_MEDIA,BEARISH,2022-02-25,2022-03-25,5,29,1997.1,2322.75,16.30614390866758
NIFTY_MEDIA,BULLISH,2022-04-01,2022-04-22,4,22,2420.6,2290.6,-5.370569280343718
NIFTY_MEDIA,BEARISH,2022-04-29,2022-07-22,13,85,2149.7,1976.9,-8.038330929897185
NIFTY_MEDIA,BULLISH,2022-07-29,2022-11-11,16,106,2079.05,2104.25,1.2120920612779695
NIFTY_MEDIA,BEARISH,2022-11-18,2022-11-25,2,8,1991.15,2099.1,5.4214900936644606
NIFTY_MEDIA,BULLISH,2022-12-02,2022-12-16,3,15,2186.9,2092.4,-4.321185239379943
NIFTY_MEDIA,BEARISH,2022-12-23,2023-06-09,25,169,1904.2,1763.5,-7.38892973427161
NIFTY_MEDIA,BULLISH,2023-06-16,2023-10-20,19,127,1806.2,2304.1,27.56616100099656
NIFTY_MEDIA,BEARISH,2023-10-27,2023-12-08,7,43,2180.5,2396.0,9.88305434533363
NIFTY_MEDIA,BULLISH,2023-12-15,2024-01-19,6,36,2437.05,2369.9,-2.75538048049897
NIFTY_MEDIA,BEARISH,2024-01-25,2024-05-31,19,128,2134.6,1870.4,-12.37702614072893
NIFTY_MEDIA,BULLISH,2024-06-07,2024-10-18,20,134,1970.65,2042.2,3.630781721766918
NIFTY_MEDIA,BEARISH,2024-10-25,2025-05-09,29,197,1894.35,1541.15,-18.644917781824887
NIFTY_MEDIA,BULLISH,2025-05-16,2025-09-19,19,127,1681.45,1619.45,-3.6872937048380905
NIFTY_MEDIA,BEARISH,2025-09-26,2026-04-24,31,211,1575.45,1438.7,-8.6800596654924
NIFTY_MEDIA,BULLISH,2026-04-30,2026-08-07,15,100,1456.0,1554.95,6.796016483516487
NIFTY_METAL,BULLISH,2020-01-03,2020-01-24,4,22,2848.35,2796.2,-1.8308845471939894
NIFTY_METAL,BEARISH,2020-01-31,2020-04-24,13,85,2569.0,1645.2,-35.959517321915136
NIFTY_METAL,BULLISH,2020-04-30,2020-09-18,21,142,1859.9,2362.2,27.006828324103438
NIFTY_METAL,BEARISH,2020-09-25,2020-11-06,7,43,2172.65,2500.35,15.082963201620124
NIFTY_METAL,BULLISH,2020-11-13,2021-01-22,11,71,2681.0,3231.45,20.53151809026481
NIFTY_METAL,BEARISH,2021-01-29,2021-02-19,4,22,3077.45,3552.1,15.423483728411513
NIFTY_METAL,BULLISH,2021-02-26,2021-11-12,38,260,3822.65,5728.7,49.86200672308476
NIFTY_METAL,BEARISH,2021-11-18,2022-01-07,8,51,5423.9,5684.85,4.81111377422152
NIFTY_METAL,BULLISH,2022-01-14,2022-05-06,17,113,5871.4,6066.0,3.3143713594713464
NIFTY_METAL,BEARISH,2022-05-13,2022-07-22,11,71,5313.05,5094.1,-4.120985121540355
NIFTY_METAL,BULLISH,2022-07-29,2022-12-16,21,141,5485.8,6657.7,21.362426628750587
NIFTY_METAL,BEARISH,2022-12-23,2023-01-06,3,15,6228.0,6697.3,7.5353243416827365
NIFTY_METAL,BULLISH,2023-01-13,2023-01-27,3,15,6869.8,6389.25,-6.9951090279193
NIFTY_METAL,BEARISH,2023-02-03,2023-04-21,12,78,5901.95,5677.9,-3.796202949872507
NIFTY_METAL,BULLISH,2023-04-28,2024-07-12,64,442,5799.4,9708.2,67.40007586991761
NIFTY_METAL,BEARISH,2024-07-19,2024-09-20,10,64,9256.3,9404.3,1.598911011959414
NIFTY_METAL,BULLISH,2024-09-27,2024-10-18,4,22,10064.6,9753.9,-3.087057607853272
NIFTY_METAL,BEARISH,2024-10-25,2025-05-16,30,204,9048.95,9201.85,1.689698804833717
NIFTY_METAL,BULLISH,2025-05-23,2026-08-07,64,442,9249.6,13189.85,42.599139422245294
NIFTY_MIDSMALL_FINANCIAL_SERVICES,BULLISH,2024-12-20,2025-01-03,3,15,15843.55,16193.8,2.2106787935784578
NIFTY_MIDSMALL_FINANCIAL_SERVICES,BEARISH,2025-01-10,2025-03-21,11,71,15006.4,14811.2,-1.300778334577235
NIFTY_MIDSMALL_FINANCIAL_SERVICES,BULLISH,2025-03-28,2025-07-25,18,120,14961.35,18248.35,21.969942551975574
NIFTY_MIDSMALL_FINANCIAL_SERVICES,BEARISH,2025-08-01,2025-10-10,11,71,17613.95,18989.45,7.809151269306436
NIFTY_MIDSMALL_FINANCIAL_SERVICES,BULLISH,2025-10-17,2026-02-27,20,134,19132.8,20585.05,7.590368372637557
NIFTY_MIDSMALL_FINANCIAL_SERVICES,BEARISH,2026-03-06,2026-04-10,6,36,19865.9,20414.95,2.763781152628364
NIFTY_MIDSMALL_FINANCIAL_SERVICES,BULLISH,2026-04-17,2026-08-07,17,113,21265.15,22294.6,4.841019226292764
NIFTY_MIDSMALL_HEALTHCARE,BULLISH,2024-04-12,2025-01-10,40,274,33653.1,42746.55,27.021136240049227
NIFTY_MIDSMALL_HEALTHCARE,BEARISH,2025-01-17,2025-03-13,9,56,40986.75,38019.75,-7.238924774469801
NIFTY_MIDSMALL_HEALTHCARE,BULLISH,2025-03-21,2025-09-19,27,183,41196.65,45317.85,10.003726031121452
NIFTY_MIDSMALL_HEALTHCARE,BEARISH,2025-09-26,2026-02-20,22,148,43146.0,42563.4,-1.3502989848421576
NIFTY_MIDSMALL_HEALTHCARE,BULLISH,2026-02-27,2026-08-07,24,162,43954.3,52646.45,19.77542584002019
NIFTY_MIDSMALL_IT_TELECOM,BULLISH,2024-12-20,2025-01-10,4,22,10997.65,10659.9,-3.0711106463653604
NIFTY_MIDSMALL_IT_TELECOM,BEARISH,2025-01-17,2025-05-09,17,113,10522.5,9215.95,-12.416726063197903
NIFTY_MIDSMALL_IT_TELECOM,BULLISH,2025-05-16,2025-07-18,10,64,9968.35,10220.25,2.526997948507015
NIFTY_MIDSMALL_IT_TELECOM,BEARISH,2025-07-25,2025-09-12,8,50,9687.65,9787.0,1.025532507883753
NIFTY_MIDSMALL_IT_TELECOM,BULLISH,2025-09-19,2026-01-30,20,134,10002.95,9836.45,-1.664508969853895
NIFTY_MIDSMALL_IT_TELECOM,BEARISH,2026-02-06,2026-04-30,13,84,9545.05,8532.15,-10.611783070806336
NIFTY_MIDSMALL_IT_TELECOM,BULLISH,2026-05-08,2026-08-07,14,92,8945.25,9853.45,10.152874430563719
NIFTY_OIL_GAS,BULLISH,2021-08-13,2021-10-14,9,63,6688.85,8155.45,21.926041098245584
NIFTY_OIL_GAS,BEARISH,2021-10-29,2021-12-03,5,36,7704.3,7482.6,-2.8776138000856655
NIFTY_OIL_GAS,BULLISH,2021-12-10,2022-02-18,10,71,7689.55,7558.45,-1.7049112106690245
NIFTY_OIL_GAS,BEARISH,2022-02-25,2022-03-17,4,21,7082.9,7604.5,7.36421522257833
NIFTY_OIL_GAS,BULLISH,2022-03-25,2022-05-06,7,43,7829.6,8072.3,3.0997752120159427
NIFTY_OIL_GAS,BEARISH,2022-05-13,2022-07-22,9,71,7646.65,7684.5,0.49498800128160436
NIFTY_OIL_GAS,BULLISH,2022-07-29,2022-09-09,6,43,7841.7,8250.2,5.20932960965097
NIFTY_OIL_GAS,BEARISH,2022-09-16,2022-10-14,5,29,8016.75,7462.95,-6.908036298998976
NIFTY_OIL_GAS,BULLISH,2022-11-04,2022-12-16,7,43,8191.1,8484.6,3.583157329296438
NIFTY_OIL_GAS,BEARISH,2022-12-23,2023-04-21,16,120,8021.3,7336.4,-8.538516200615865
NIFTY_OIL_GAS,BULLISH,2023-04-28,2023-10-20,26,176,7491.8,7758.15,3.5552203742758692
NIFTY_OIL_GAS,BEARISH,2023-10-27,2023-11-24,5,29,7549.0,8161.2,8.109683401775069
NIFTY_OIL_GAS,BULLISH,2023-12-01,2024-10-04,45,309,8518.8,12462.5,46.294078978259854
NIFTY_OIL_GAS,BEARISH,2024-10-11,2025-04-25,29,197,12306.55,10788.65,-12.33408225700947
NIFTY_OIL_GAS,BULLISH,2025-05-02,2025-07-18,12,78,11261.05,11771.9,4.536433103485016
NIFTY_OIL_GAS,BEARISH,2025-07-25,2025-10-17,13,85,11356.4,11498.1,1.24775457011026
NIFTY_OIL_GAS,BULLISH,2025-10-24,2026-01-02,11,71,11624.05,12340.05,6.159643153634065
NIFTY_OIL_GAS,BEARISH,2026-01-09,2026-04-24,16,106,11628.75,11331.7,-2.5544448027517985
NIFTY_OIL_GAS,BULLISH,2026-04-30,2026-06-05,6,37,11694.65,11106.2,-5.031788039830165
NIFTY_OIL_GAS,BEARISH,2026-06-12,2026-08-07,9,57,11012.3,11312.2,2.723318471164071
NIFTY_PHARMA,BULLISH,2020-01-03,2020-02-20,8,49,8111.95,8364.35,3.1114590203342063
NIFTY_PHARMA,BEARISH,2020-02-28,2020-04-03,6,36,7576.75,7361.6,-2.839608011350503
NIFTY_PHARMA,BULLISH,2020-04-09,2021-01-22,42,289,8800.45,12542.1,42.5165758569164
NIFTY_PHARMA,BEARISH,2021-01-29,2021-04-01,10,63,12170.25,12377.1,1.699636408455052
NIFTY_PHARMA,BULLISH,2021-04-09,2021-08-13,19,127,12995.35,14049.05,8.108284886517092
NIFTY_PHARMA,BEARISH,2021-08-20,2022-07-29,50,344,13711.15,12776.55,-6.816350196737697
NIFTY_PHARMA,BULLISH,2022-08-05,2022-09-09,6,36,12939.75,12689.3,-1.935508800401864
NIFTY_PHARMA,BEARISH,2022-09-16,2022-10-28,7,43,12346.85,13048.3,5.681206137597838
NIFTY_PHARMA,BULLISH,2022-11-04,2023-01-27,13,85,13422.15,12508.05,-6.8103843273991105
NIFTY_PHARMA,BEARISH,2023-02-03,2023-03-31,9,57,12184.6,12017.05,-1.3750964332025717
NIFTY_PHARMA,BULLISH,2023-04-06,2023-05-12,6,37,12274.35,12486.7,1.7300305107806224
NIFTY_PHARMA,BEARISH,2023-05-19,2023-06-09,4,22,12124.25,12861.05,6.077076932593761
NIFTY_PHARMA,BULLISH,2023-06-16,2024-11-08,74,512,13241.95,22542.25,70.23361362941259
NIFTY_PHARMA,BEARISH,2024-11-14,2024-12-27,7,44,21752.0,23008.35,5.775790731886721
NIFTY_PHARMA,BULLISH,2025-01-03,2025-01-24,4,22,23263.5,21872.4,-5.979753691404987
NIFTY_PHARMA,BEARISH,2025-01-31,2025-03-13,7,42,21438.6,20386.85,-4.905870719170091
NIFTY_PHARMA,BULLISH,2025-03-21,2026-01-16,44,302,21625.9,22217.05,2.733527853176043
NIFTY_PHARMA,BEARISH,2026-01-23,2026-02-20,5,29,21722.25,22452.4,3.361300049488425
NIFTY_PHARMA,BULLISH,2026-02-27,2026-08-07,24,162,22952.35,26541.8,15.638703662152253
NIFTY_PRIVATE_BANK,BULLISH,2020-01-03,2020-01-24,4,22,17731.25,17202.2,-2.9837151921043303
NIFTY_PRIVATE_BANK,BEARISH,2020-01-31,2020-07-03,23,155,16936.35,11987.65,-29.219400874450507
NIFTY_PRIVATE_BANK,BULLISH,2020-07-10,2021-01-22,29,197,12306.55,17063.75,38.655837744940705
NIFTY_PRIVATE_BANK,BEARISH,2021-01-29,2021-01-29,1,1,16694.3,16694.3,0.0
NIFTY_PRIVATE_BANK,BULLISH,2021-02-05,2021-04-01,9,56,18949.6,18093.0,-4.520412040359679
NIFTY_PRIVATE_BANK,BEARISH,2021-04-09,2021-08-27,21,141,17392.15,18406.25,5.830791477764374
NIFTY_PRIVATE_BANK,BULLISH,2021-09-03,2021-11-18,12,77,19024.15,19418.5,2.072891561515222
NIFTY_PRIVATE_BANK,BEARISH,2021-11-26,2022-07-15,34,232,18384.45,17462.5,-5.014835907519677
NIFTY_PRIVATE_BANK,BULLISH,2022-07-22,2023-01-20,27,183,18616.6,21612.95,16.095044207857523
NIFTY_PRIVATE_BANK,BEARISH,2023-01-27,2023-04-21,13,85,20629.6,21322.3,3.3577965641602425
NIFTY_PRIVATE_BANK,BULLISH,2023-04-28,2023-10-20,26,176,21885.75,22802.25,4.187656351735725
NIFTY_PRIVATE_BANK,BEARISH,2023-10-27,2023-12-01,6,36,22219.6,23279.0,4.767862607787721
NIFTY_PRIVATE_BANK,BULLISH,2023-12-08,2024-01-19,7,43,24517.85,23537.75,-3.997495702110909
NIFTY_PRIVATE_BANK,BEARISH,2024-01-25,2024-05-31,19,128,23051.1,24224.1,5.088694248864489
NIFTY_PRIVATE_BANK,BULLISH,2024-06-07,2024-08-02,9,57,24706.9,25612.05,3.6635514775224642
NIFTY_PRIVATE_BANK,BEARISH,2024-08-09,2024-09-13,6,36,25146.5,26075.55,3.69454993736702
NIFTY_PRIVATE_BANK,BULLISH,2024-09-20,2024-09-27,2,8,27062.35,26960.25,-0.37727691793210116
NIFTY_PRIVATE_BANK,BEARISH,2024-10-04,2025-03-21,25,169,25583.45,25232.7,-1.371003519853653
NIFTY_PRIVATE_BANK,BULLISH,2025-03-28,2025-07-25,18,120,25733.35,27604.15,7.269943478015883
NIFTY_PRIVATE_BANK,BEARISH,2025-08-01,2025-10-03,10,64,26920.35,27159.0,0.8865040759128417
NIFTY_PRIVATE_BANK,BULLISH,2025-10-10,2026-02-27,21,141,27762.5,28617.55,3.0798739306618694
NIFTY_PRIVATE_BANK,BEARISH,2026-03-06,2026-04-10,6,36,27418.6,26779.95,-2.329258240756271
NIFTY_PRIVATE_BANK,BULLISH,2026-04-17,2026-08-07,17,113,27087.45,27392.35,1.125613522129254
NIFTY_PSU_BANK,BULLISH,2020-01-03,2020-01-24,4,22,2524.3,2446.3,-3.0899655349998056
NIFTY_PSU_BANK,BEARISH,2020-01-31,2020-05-29,18,120,2366.05,1129.85,-52.24741658037658
NIFTY_PSU_BANK,BULLISH,2020-06-05,2020-09-18,16,106,1386.75,1386.6,-0.010816657652790163
NIFTY_PSU_BANK,BEARISH,2020-09-25,2020-11-13,8,50,1276.2,1412.0,10.64096536593011
NIFTY_PSU_BANK,BULLISH,2020-11-20,2021-04-09,21,141,1469.25,2191.25,49.140718053428614
NIFTY_PSU_BANK,BEARISH,2021-04-16,2021-05-14,5,29,2038.7,2194.2,7.627409623779857
NIFTY_PSU_BANK,BULLISH,2021-05-21,2021-08-13,13,85,2348.15,2388.2,1.705598023976318
NIFTY_PSU_BANK,BEARISH,2021-08-20,2021-09-24,6,36,2248.5,2357.6,4.852123637980865
NIFTY_PSU_BANK,BULLISH,2021-10-01,2021-12-17,12,78,2500.8,2579.35,3.1409948816378597
NIFTY_PSU_BANK,BEARISH,2021-12-24,2022-01-07,3,15,2496.6,2673.55,7.0876391892974455
NIFTY_PSU_BANK,BULLISH,2022-01-14,2022-02-25,7,43,2783.35,2664.15,-4.282609086173128
NIFTY_PSU_BANK,BEARISH,2022-03-04,2022-04-01,5,29,2579.0,2834.5,9.906940674680097
NIFTY_PSU_BANK,BULLISH,2022-04-08,2022-05-06,5,29,2945.15,2635.9,-10.500314075683747
NIFTY_PSU_BANK,BEARISH,2022-05-13,2022-07-15,10,64,2404.35,2588.35,7.652795973963866
NIFTY_PSU_BANK,BULLISH,2022-07-22,2023-01-20,27,183,2787.9,4229.65,51.71455217188563
NIFTY_PSU_BANK,BEARISH,2023-01-27,2023-04-21,13,85,3821.05,3883.0,1.6212821083209983
NIFTY_PSU_BANK,BULLISH,2023-04-28,2024-08-09,68,470,4167.65,6994.45,67.82719278250333
NIFTY_PSU_BANK,BEARISH,2024-08-16,2024-11-29,16,106,6843.8,6813.85,-0.43762237353516253
NIFTY_PSU_BANK,BULLISH,2024-12-06,2025-01-03,5,29,7155.25,6619.0,-7.494497047622373
NIFTY_PSU_BANK,BEARISH,2025-01-10,2025-04-11,14,92,6085.1,6171.3,1.4165749124911642
NIFTY_PSU_BANK,BULLISH,2025-04-17,2026-03-06,47,324,6522.5,9184.35,40.81027213491759
NIFTY_PSU_BANK,BEARISH,2026-03-13,2026-06-12,14,92,8516.55,8528.75,0.14325049462518002
NIFTY_PSU_BANK,BULLISH,2026-06-19,2026-08-07,8,50,8716.5,8786.2,0.7996328801697983
NIFTY_REALTY,BULLISH,2020-01-03,2020-02-20,8,49,299.65,306.25,2.2025696646087223
NIFTY_REALTY,BEARISH,2020-02-28,2020-05-29,14,92,280.55,180.1,-35.80466939939405
NIFTY_REALTY,BULLISH,2020-06-05,2021-04-09,45,309,202.0,332.05,64.38118811881188
NIFTY_REALTY,BEARISH,2021-04-16,2021-05-28,7,43,313.05,331.6,5.925570995048712
NIFTY_REALTY,BULLISH,2021-06-04,2021-12-10,28,190,353.8,519.4,46.80610514414922
NIFTY_REALTY,BEARISH,2021-12-17,2022-07-08,30,204,475.95,411.0,-13.646391427670967
NIFTY_REALTY,BULLISH,2022-07-15,2022-09-16,10,64,420.0,454.35,8.178571428571434
NIFTY_REALTY,BEARISH,2022-09-23,2023-04-21,31,211,436.75,423.5,-3.033772180881511
NIFTY_REALTY,BULLISH,2023-04-28,2024-03-07,46,315,445.1,916.5,105.90878454279937
NIFTY_REALTY,BEARISH,2024-03-15,2024-04-19,6,36,830.15,926.25,11.57622116484973
NIFTY_REALTY,BULLISH,2024-04-26,2024-07-26,14,92,969.05,1077.65,11.206852071616535
NIFTY_REALTY,BEARISH,2024-08-02,2025-05-16,42,288,1037.15,912.55,-12.013691365761957
NIFTY_REALTY,BULLISH,2025-05-23,2025-07-25,10,64,936.85,950.6,1.4676842610876983
NIFTY_REALTY,BEARISH,2025-08-01,2025-10-10,11,71,896.15,896.65,0.05579423087653801
NIFTY_REALTY,BULLISH,2025-10-17,2025-11-28,7,43,933.75,903.15,-3.277108433734943
NIFTY_REALTY,BEARISH,2025-12-05,2026-04-02,18,119,893.15,672.1,-24.74948216984828
NIFTY_REALTY,BULLISH,2026-04-10,2026-08-07,18,120,759.25,885.95,16.687520579519276
