Symbol,Company Name,Industry,Index
360ONE,360 ONE WAM Ltd.,Financial Services,NIFTY500
3MINDIA,3M India Ltd.,Diversified,NIFTY500
AADHARHFC,Aadhar Housing Finance Ltd.,Financial Services,NIFTY500
AARTIIND,Aarti Industries Ltd.,Chemicals,NIFTY500
AAVAS,Aavas Financiers Ltd.,Financial Services,NIFTY500
ABB,ABB India Ltd.,Capital Goods,NIFTY500
ABBOTINDIA,Abbott India Ltd.,Healthcare,NIFTY500
ABCAPITAL,Aditya Birla Capital Ltd.,Financial Services,NIFTY500
ABDL,Allied Blenders and Distillers Ltd.,Fast Moving Consumer Goods,NIFTY500
ABFRL,Aditya Birla Fashion and Retail Ltd.,Consumer Services,NIFTY500
ABLBL,Aditya Birla Lifestyle Brands Ltd.,Consumer Services,NIFTY500
ABREL,Aditya Birla Real Estate Ltd.,Realty,NIFTY500
ABSLAMC,Aditya Birla Sun Life AMC Ltd.,Financial Services,NIFTY500
ACC,ACC Ltd.,Construction Materials,NIFTY500
ACE,Action Construction Equipment Ltd.,Capital Goods,NIFTY500
ACMESOLAR,ACME Solar Holdings Ltd.,Power,NIFTY500
ACUTAAS,Acutaas Chemicals Ltd.,Healthcare,NIFTY500
ADANIENSOL,Adani Energy Solutions Ltd.,Power,NIFTY500
ADANIENT,Adani Enterprises Ltd.,Metals & Mining,NIFTY500
ADANIGREEN,Adani Green Energy Ltd.,Power,NIFTY500
ADANIPORTS,Adani Ports and Special Economic Zone Ltd.,Services,NIFTY500
ADANIPOWER,Adani Power Ltd.,Power,NIFTY500
AEGISLOG,Aegis Logistics Ltd.,Oil Gas & Consumable Fuels,NIFTY500
AEGISVOPAK,Aegis Vopak Terminals Ltd.,Oil Gas & Consumable Fuels,NIFTY500
AFCONS,Afcons Infrastructure Ltd.,Construction,NIFTY500
AFFLE,Affle 3i Ltd.,Information Technology,NIFTY500
AIAENG,AIA Engineering Ltd.,Capital Goods,NIFTY500
AIIL,Authum Investment & Infrastructure Ltd.,Financial Services,NIFTY500
AJANTPHARM,Ajanta Pharmaceuticals Ltd.,Healthcare,NIFTY500
ALKEM,Alkem Laboratories Ltd.,Healthcare,NIFTY500
AMBER,Amber Enterprises India Ltd.,Consumer Durables,NIFTY500
AMBUJACEM,Ambuja Cements Ltd.,Construction Materials,NIFTY500
ANANDRATHI,Anand Rathi Wealth Ltd.,Financial Services,NIFTY500
ANANTRAJ,Anant Raj Ltd.,Realty,NIFTY500
ANGELONE,Angel One Ltd.,Financial Services,NIFTY500
ANTHEM,Anthem Biosciences Ltd.,Healthcare,NIFTY500
ANURAS,Anupam Rasayan India Ltd.,Chemicals,NIFTY500
APARINDS,Apar Industries Ltd.,Capital Goods,NIFTY500
APLAPOLLO,APL Apollo Tubes Ltd.,Capital Goods,NIFTY500
APOLLOHOSP,Apollo Hospitals Enterprise Ltd.,Healthcare,NIFTY500
APOLLOTYRE,Apollo Tyres Ltd.,Automobile and Auto Components,NIFTY500
APTUS,Aptus Value Housing Finance India Ltd.,Financial Services,NIFTY500
ARE&M,Amara Raja Energy & Mobility Ltd.,Automobile and Auto Components,NIFTY500
ASAHIINDIA,Asahi India Glass Ltd.,Automobile and Auto Components,NIFTY500
ASHOKLEY,Ashok Leyland Ltd.,Capital Goods,NIFTY500
ASIANPAINT,Asian Paints Ltd.,Consumer Durables,NIFTY500
ASTERDM,Aster DM Healthcare Ltd.,Healthcare,NIFTY500
ASTRAL,Astral Ltd.,Capital Goods,NIFTY500
ATGL,Adani Total Gas Ltd.,Oil Gas & Consumable Fuels,NIFTY500
ATHERENERG,Ather Energy Ltd.,Automobile and Auto Components,NIFTY500
ATUL,Atul Ltd.,Chemicals,NIFTY500
AUBANK,AU Small Finance Bank Ltd.,Financial Services,NIFTY500
AUROPHARMA,Aurobindo Pharma Ltd.,Healthcare,NIFTY500
AWL,AWL Agri Business Ltd.,Fast Moving Consumer Goods,NIFTY500
AXISBANK,Axis Bank Ltd.,Financial Services,NIFTY500
BAJAJ-AUTO,Bajaj Auto Ltd.,Automobile and Auto Components,NIFTY500
BAJAJFINSV,Bajaj Finserv Ltd.,Financial Services,NIFTY500
BAJAJHFL,Bajaj Housing Finance Ltd.,Financial Services,NIFTY500
BAJAJHLDNG,Bajaj Holdings & Investment Ltd.,Financial Services,NIFTY500
BAJFINANCE,Bajaj Finance Ltd.,Financial Services,NIFTY500
BALKRISIND,Balkrishna Industries Ltd.,Automobile and Auto Components,NIFTY500
BALRAMCHIN,Balrampur Chini Mills Ltd.,Fast Moving Consumer Goods,NIFTY500
BANDHANBNK,Bandhan Bank Ltd.,Financial Services,NIFTY500
BANKBARODA,Bank of Baroda,Financial Services,NIFTY500
BANKINDIA,Bank of India,Financial Services,NIFTY500
BATAINDIA,Bata India Ltd.,Consumer Durables,NIFTY500
BAYERCROP,Bayer Cropscience Ltd.,Chemicals,NIFTY500
BBTC,Bombay Burmah Trading Corporation Ltd.,Fast Moving Consumer Goods,NIFTY500
BDL,Bharat Dynamics Ltd.,Capital Goods,NIFTY500
BEL,Bharat Electronics Ltd.,Capital Goods,NIFTY500
BELRISE,Belrise Industries Ltd.,Automobile and Auto Components,NIFTY500
BEML,BEML Ltd.,Capital Goods,NIFTY500
BERGEPAINT,Berger Paints India Ltd.,Consumer Durables,NIFTY500
BHARATFORG,Bharat Forge Ltd.,Automobile and Auto Components,NIFTY500
BHARTIARTL,Bharti Airtel Ltd.,Telecommunication,NIFTY500
BHARTIHEXA,Bharti Hexacom Ltd.,Telecommunication,NIFTY500
BHEL,Bharat Heavy Electricals Ltd.,Capital Goods,NIFTY500
BIKAJI,Bikaji Foods International Ltd.,Fast Moving Consumer Goods,NIFTY500
BIOCON,Biocon Ltd.,Healthcare,NIFTY500
BLS,BLS International Services Ltd.,Consumer Services,NIFTY500
BLUEDART,Blue Dart Express Ltd.,Services,NIFTY500
BLUEJET,Blue Jet Healthcare Ltd.,Healthcare,NIFTY500
BLUESTARCO,Blue Star Ltd.,Consumer Durables,NIFTY500
BOSCHLTD,Bosch Ltd.,Automobile and Auto Components,NIFTY500
BPCL,Bharat Petroleum Corporation Ltd.,Oil Gas & Consumable Fuels,NIFTY500
BRIGADE,Brigade Enterprises Ltd.,Realty,NIFTY500
BRITANNIA,Britannia Industries Ltd.,Fast Moving Consumer Goods,NIFTY500
BSE,BSE Ltd.,Financial Services,NIFTY500
BSOFT,Birlasoft Ltd.,Information Technology,NIFTY500
CAMS,Computer Age Management Services Ltd.,Financial Services,NIFTY500
CANBK,Canara Bank,Financial Services,NIFTY500
CANFINHOME,Can Fin Homes Ltd.,Financial Services,NIFTY500
CANHLIFE,Canara HSBC Life Insurance Company Ltd.,Financial Services,NIFTY500
CAPLIPOINT,Caplin Point Laboratories Ltd.,Healthcare,NIFTY500
CARBORUNIV,Carborundum Universal Ltd.,Capital Goods,NIFTY500
CARTRADE,Cartrade Tech Ltd.,Consumer Services,NIFTY500
CASTROLIND,Castrol India Ltd.,Oil Gas & Consumable Fuels,NIFTY500
CCL,CCL Products (I) Ltd.,Fast Moving Consumer Goods,NIFTY500
CDSL,Central Depository Services (India) Ltd.,Financial Services,NIFTY500
CEATLTD,Ceat Ltd.,Automobile and Auto Components,NIFTY500
CEMPRO,Cemindia Projects Ltd.,Construction,NIFTY500
CENTRALBK,Central Bank of India,Financial Services,NIFTY500
CESC,CESC Ltd.,Power,NIFTY500
CGCL,Capri Global Capital Ltd.,Financial Services,NIFTY500
CGPOWER,CG Power and Industrial Solutions Ltd.,Capital Goods,NIFTY500
CHALET,Chalet Hotels Ltd.,Consumer Services,NIFTY500
CHAMBLFERT,Chambal Fertilizers & Chemicals Ltd.,Chemicals,NIFTY500
CHENNPETRO,Chennai Petroleum Corporation Ltd.,Oil Gas & Consumable Fuels,NIFTY500
CHOICEIN,Choice International Ltd.,Financial Services,NIFTY500
CHOLAFIN,Cholamandalam Investment and Finance Company Ltd.,Financial Services,NIFTY500
CHOLAHLDNG,Cholamandalam Financial Holdings Ltd.,Financial Services,NIFTY500
CIEINDIA,CIE Automotive India Ltd.,Automobile and Auto Components,NIFTY500
CIPLA,Cipla Ltd.,Healthcare,NIFTY500
CLEAN,Clean Science and Technology Ltd.,Chemicals,NIFTY500
COALINDIA,Coal India Ltd.,Oil Gas & Consumable Fuels,NIFTY500
COCHINSHIP,Cochin Shipyard Ltd.,Capital Goods,NIFTY500
COFORGE,Coforge Ltd.,Information Technology,NIFTY500
COHANCE,Cohance Lifesciences Ltd.,Healthcare,NIFTY500
COLPAL,Colgate Palmolive (India) Ltd.,Fast Moving Consumer Goods,NIFTY500
CONCOR,Container Corporation of India Ltd.,Services,NIFTY500
CONCORDBIO,Concord Biotech Ltd.,Healthcare,NIFTY500
COROMANDEL,Coromandel International Ltd.,Chemicals,NIFTY500
CPPLUS,Aditya Infotech Ltd.,Capital Goods,NIFTY500
CRAFTSMAN,Craftsman Automation Ltd.,Automobile and Auto Components,NIFTY500
CREDITACC,CreditAccess Grameen Ltd.,Financial Services,NIFTY500
CRISIL,CRISIL Ltd.,Financial Services,NIFTY500
CROMPTON,Crompton Greaves Consumer Electricals Ltd.,Consumer Durables,NIFTY500
CUB,City Union Bank Ltd.,Financial Services,NIFTY500
CUMMINSIND,Cummins India Ltd.,Capital Goods,NIFTY500
CYIENT,Cyient Ltd.,Information Technology,NIFTY500
DABUR,Dabur India Ltd.,Fast Moving Consumer Goods,NIFTY500
DALBHARAT,Dalmia Bharat Ltd.,Construction Materials,NIFTY500
DATAPATTNS,Data Patterns (India) Ltd.,Capital Goods,NIFTY500
DCMSHRIRAM,DCM Shriram Ltd.,Diversified,NIFTY500
DEEPAKFERT,Deepak Fertilisers & Petrochemicals Corp. Ltd.,Chemicals,NIFTY500
DEEPAKNTR,Deepak Nitrite Ltd.,Chemicals,NIFTY500
DELHIVERY,Delhivery Ltd.,Services,NIFTY500
DEVYANI,Devyani International Ltd.,Consumer Services,NIFTY500
DIVISLAB,Divi's Laboratories Ltd.,Healthcare,NIFTY500
DIXON,Dixon Technologies (India) Ltd.,Consumer Durables,NIFTY500
DLF,DLF Ltd.,Realty,NIFTY500
DMART,Avenue Supermarts Ltd.,Consumer Services,NIFTY500
DOMS,DOMS Industries Ltd.,Fast Moving Consumer Goods,NIFTY500
DRREDDY,Dr. Reddy's Laboratories Ltd.,Healthcare,NIFTY500
ECLERX,eClerx Services Ltd.,Services,NIFTY500
EICHERMOT,Eicher Motors Ltd.,Automobile and Auto Components,NIFTY500
EIDPARRY,E.I.D. Parry (India) Ltd.,Fast Moving Consumer Goods,NIFTY500
EIHOTEL,EIH Ltd.,Consumer Services,NIFTY500
ELECON,Elecon Engineering Co. Ltd.,Capital Goods,NIFTY500
ELGIEQUIP,Elgi Equipments Ltd.,Capital Goods,NIFTY500
EMAMILTD,Emami Ltd.,Fast Moving Consumer Goods,NIFTY500
EMCURE,Emcure Pharmaceuticals Ltd.,Healthcare,NIFTY500
EMMVEE,Emmvee Photovoltaic Power Ltd.,Capital Goods,NIFTY500
ENDURANCE,Endurance Technologies Ltd.,Automobile and Auto Components,NIFTY500
ENGINERSIN,Engineers India Ltd.,Construction,NIFTY500
ENRIN,Siemens Energy India Ltd.,Capital Goods,NIFTY500
ERIS,Eris Lifesciences Ltd.,Healthcare,NIFTY500
ESCORTS,Escorts Kubota Ltd.,Capital Goods,NIFTY500
ETERNAL,Eternal Ltd.,Consumer Services,NIFTY500
EXIDEIND,Exide Industries Ltd.,Automobile and Auto Components,NIFTY500
FACT,Fertilisers and Chemicals Travancore Ltd.,Chemicals,NIFTY500
FEDERALBNK,Federal Bank Ltd.,Financial Services,NIFTY500
FINCABLES,Finolex Cables Ltd.,Capital Goods,NIFTY500
FIRSTCRY,Brainbees Solutions Ltd.,Consumer Services,NIFTY500
FIVESTAR,Five-Star Business Finance Ltd.,Financial Services,NIFTY500
FLUOROCHEM,Gujarat Fluorochemicals Ltd.,Chemicals,NIFTY500
FORCEMOT,Force Motors Ltd.,Automobile and Auto Components,NIFTY500
FORTIS,Fortis Healthcare Ltd.,Healthcare,NIFTY500
FSL,Firstsource Solutions Ltd.,Services,NIFTY500
GABRIEL,Gabriel India Ltd.,Automobile and Auto Components,NIFTY500
GAIL,GAIL (India) Ltd.,Oil Gas & Consumable Fuels,NIFTY500
GALLANTT,Gallantt Ispat Ltd.,Capital Goods,NIFTY500
GESHIP,Great Eastern Shipping Co. Ltd.,Services,NIFTY500
GICRE,General Insurance Corporation of India,Financial Services,NIFTY500
GILLETTE,Gillette India Ltd.,Fast Moving Consumer Goods,NIFTY500
GLAND,Gland Pharma Ltd.,Healthcare,NIFTY500
GLAXO,Glaxosmithkline Pharmaceuticals Ltd.,Healthcare,NIFTY500
GLENMARK,Glenmark Pharmaceuticals Ltd.,Healthcare,NIFTY500
GMDCLTD,Gujarat Mineral Development Corporation Ltd.,Metals & Mining,NIFTY500
GMRAIRPORT,GMR Airports Ltd.,Services,NIFTY500
GODFRYPHLP,Godfrey Phillips India Ltd.,Fast Moving Consumer Goods,NIFTY500
GODIGIT,Go Digit General Insurance Ltd.,Financial Services,NIFTY500
GODREJCP,Godrej Consumer Products Ltd.,Fast Moving Consumer Goods,NIFTY500
GODREJIND,Godrej Industries Ltd.,Diversified,NIFTY500
GODREJPROP,Godrej Properties Ltd.,Realty,NIFTY500
GPIL,Godawari Power & Ispat Ltd.,Capital Goods,NIFTY500
GRANULES,Granules India Ltd.,Healthcare,NIFTY500
GRAPHITE,Graphite India Ltd.,Capital Goods,NIFTY500
GRASIM,Grasim Industries Ltd.,Construction Materials,NIFTY500
GRAVITA,Gravita India Ltd.,Metals & Mining,NIFTY500
GROWW,Billionbrains Garage Ventures Ltd.,Financial Services,NIFTY500
GRSE,Garden Reach Shipbuilders & Engineers Ltd.,Capital Goods,NIFTY500
GVT&D,GE Vernova T&D India Ltd.,Capital Goods,NIFTY500
HAL,Hindustan Aeronautics Ltd.,Capital Goods,NIFTY500
HAVELLS,Havells India Ltd.,Consumer Durables,NIFTY500
HBLENGINE,HBL Engineering Ltd.,Capital Goods,NIFTY500
HCLTECH,HCL Technologies Ltd.,Information Technology,NIFTY500
HDBFS,HDB Financial Services Ltd.,Financial Services,NIFTY500
HDFCAMC,HDFC Asset Management Company Ltd.,Financial Services,NIFTY500
HDFCBANK,HDFC Bank Ltd.,Financial Services,NIFTY500
HDFCLIFE,HDFC Life Insurance Company Ltd.,Financial Services,NIFTY500
HEG,H.E.G. Ltd.,Capital Goods,NIFTY500
HEROMOTOCO,Hero MotoCorp Ltd.,Automobile and Auto Components,NIFTY500
HEXT,Hexaware Technologies Ltd.,Information Technology,NIFTY500
HFCL,HFCL Ltd.,Telecommunication,NIFTY500
HINDALCO,Hindalco Industries Ltd.,Metals & Mining,NIFTY500
HINDCOPPER,Hindustan Copper Ltd.,Metals & Mining,NIFTY500
HINDPETRO,Hindustan Petroleum Corporation Ltd.,Oil Gas & Consumable Fuels,NIFTY500
HINDUNILVR,Hindustan Unilever Ltd.,Fast Moving Consumer Goods,NIFTY500
HINDZINC,Hindustan Zinc Ltd.,Metals & Mining,NIFTY500
HOMEFIRST,Home First Finance Company India Ltd.,Financial Services,NIFTY500
HONASA,Honasa Consumer Ltd.,Fast Moving Consumer Goods,NIFTY500
HONAUT,Honeywell Automation India Ltd.,Capital Goods,NIFTY500
HSCL,Himadri Speciality Chemical Ltd.,Chemicals,NIFTY500
HUDCO,Housing & Urban Development Corporation Ltd.,Financial Services,NIFTY500
HYUNDAI,Hyundai Motor India Ltd.,Automobile and Auto Components,NIFTY500
ICICIAMC,ICICI Prudential Asset Management Company Ltd.,Financial Services,NIFTY500
ICICIBANK,ICICI Bank Ltd.,Financial Services,NIFTY500
ICICIGI,ICICI Lombard General Insurance Company Ltd.,Financial Services,NIFTY500
ICICIPRULI,ICICI Prudential Life Insurance Company Ltd.,Financial Services,NIFTY500
IDBI,IDBI Bank Ltd.,Financial Services,NIFTY500
IDEA,Vodafone Idea Ltd.,Telecommunication,NIFTY500
IDFCFIRSTB,IDFC First Bank Ltd.,Financial Services,NIFTY500
IEX,Indian Energy Exchange Ltd.,Financial Services,NIFTY500
IFCI,IFCI Ltd.,Financial Services,NIFTY500
IGIL,International Gemological Institute Ltd.,Services,NIFTY500
IGL,Indraprastha Gas Ltd.,Oil Gas & Consumable Fuels,NIFTY500
IIFL,IIFL Finance Ltd.,Financial Services,NIFTY500
IKS,Inventurus Knowledge Solutions Ltd.,Information Technology,NIFTY500
INDGN,Indegene Ltd.,Healthcare,NIFTY500
INDHOTEL,Indian Hotels Co. Ltd.,Consumer Services,NIFTY500
INDIACEM,India Cements Ltd.,Construction Materials,NIFTY500
INDIAMART,Indiamart Intermesh Ltd.,Consumer Services,NIFTY500
INDIANB,Indian Bank,Financial Services,NIFTY500
INDIGO,InterGlobe Aviation Ltd.,Services,NIFTY500
INDUSINDBK,IndusInd Bank Ltd.,Financial Services,NIFTY500
INDUSTOWER,Indus Towers Ltd.,Telecommunication,NIFTY500
INFY,Infosys Ltd.,Information Technology,NIFTY500
INOXWIND,Inox Wind Ltd.,Capital Goods,NIFTY500
INTELLECT,Intellect Design Arena Ltd.,Information Technology,NIFTY500
IOB,Indian Overseas Bank,Financial Services,NIFTY500
IOC,Indian Oil Corporation Ltd.,Oil Gas & Consumable Fuels,NIFTY500
IPCALAB,Ipca Laboratories Ltd.,Healthcare,NIFTY500
IRB,IRB Infrastructure Developers Ltd.,Construction,NIFTY500
IRCON,IRCON International Ltd.,Construction,NIFTY500
IRCTC,Indian Railway Catering And Tourism Corporation Ltd.,Consumer Services,NIFTY500
IREDA,Indian Renewable Energy Development Agency Ltd.,Financial Services,NIFTY500
IRFC,Indian Railway Finance Corporation Ltd.,Financial Services,NIFTY500
ITC,ITC Ltd.,Fast Moving Consumer Goods,NIFTY500
ITCHOTELS,ITC Hotels Ltd.,Consumer Services,NIFTY500
ITI,ITI Ltd.,Telecommunication,NIFTY500
J&KBANK,Jammu & Kashmir Bank Ltd.,Financial Services,NIFTY500
JAINREC,Jain Resource Recycling Ltd.,Metals & Mining,NIFTY500
JBCHEPHARM,J.B. Chemicals & Pharmaceuticals Ltd.,Healthcare,NIFTY500
JBMA,JBM Auto Ltd.,Automobile and Auto Components,NIFTY500
JINDALSAW,Jindal Saw Ltd.,Capital Goods,NIFTY500
JINDALSTEL,Jindal Steel Ltd.,Metals & Mining,NIFTY500
JIOFIN,Jio Financial Services Ltd.,Financial Services,NIFTY500
JKCEMENT,J.K. Cement Ltd.,Construction Materials,NIFTY500
JKTYRE,JK Tyre & Industries Ltd.,Automobile and Auto Components,NIFTY500
JMFINANCIL,JM Financial Ltd.,Financial Services,NIFTY500
JPPOWER,Jaiprakash Power Ventures Ltd.,Power,NIFTY500
JSL,Jindal Stainless Ltd.,Metals & Mining,NIFTY500
JSWCEMENT,JSW Cement Ltd.,Construction Materials,NIFTY500
JSWDULUX,JSW Dulux Ltd.,Consumer Durables,NIFTY500
JSWENERGY,JSW Energy Ltd.,Power,NIFTY500
JSWINFRA,JSW Infrastructure Ltd.,Services,NIFTY500
JSWSTEEL,JSW Steel Ltd.,Metals & Mining,NIFTY500
JUBLFOOD,Jubilant Foodworks Ltd.,Consumer Services,NIFTY500
JUBLINGREA,Jubilant Ingrevia Ltd.,Chemicals,NIFTY500
JUBLPHARMA,Jubilant Pharmova Ltd.,Healthcare,NIFTY500
JWL,Jupiter Wagons Ltd.,Capital Goods,NIFTY500
JYOTICNC,Jyoti CNC Automation Ltd.,Capital Goods,NIFTY500
KAJARIACER,Kajaria Ceramics Ltd.,Consumer Durables,NIFTY500
KALYANKJIL,Kalyan Jewellers India Ltd.,Consumer Durables,NIFTY500
KARURVYSYA,Karur Vysya Bank Ltd.,Financial Services,NIFTY500
KAYNES,Kaynes Technology India Ltd.,Capital Goods,NIFTY500
KEC,Kec International Ltd.,Construction,NIFTY500
KEI,KEI Industries Ltd.,Capital Goods,NIFTY500
KFINTECH,Kfin Technologies Ltd.,Financial Services,NIFTY500
KIMS,Krishna Institute of Medical Sciences Ltd.,Healthcare,NIFTY500
KIRLOSENG,Kirloskar Oil Eng Ltd.,Capital Goods,NIFTY500
KOTAKBANK,Kotak Mahindra Bank Ltd.,Financial Services,NIFTY500
KPIL,Kalpataru Projects International Ltd.,Construction,NIFTY500
KPITTECH,KPIT Technologies Ltd.,Information Technology,NIFTY500
KPRMILL,K.P.R. Mill Ltd.,Textiles,NIFTY500
LALPATHLAB,Dr. Lal Path Labs Ltd.,Healthcare,NIFTY500
LATENTVIEW,Latent View Analytics Ltd.,Information Technology,NIFTY500
LAURUSLABS,Laurus Labs Ltd.,Healthcare,NIFTY500
LEMONTREE,Lemon Tree Hotels Ltd.,Consumer Services,NIFTY500
LENSKART,Lenskart Solutions Ltd.,Consumer Services,NIFTY500
LGEINDIA,LG Electronics India Ltd.,Consumer Durables,NIFTY500
LICHSGFIN,LIC Housing Finance Ltd.,Financial Services,NIFTY500
LICI,Life Insurance Corporation of India,Financial Services,NIFTY500
LINDEINDIA,Linde India Ltd.,Chemicals,NIFTY500
LLOYDSME,Lloyds Metals And Energy Ltd.,Metals & Mining,NIFTY500
LODHA,Lodha Developers Ltd.,Realty,NIFTY500
LT,Larsen & Toubro Ltd.,Construction,NIFTY500
LTF,L&T Finance Ltd.,Financial Services,NIFTY500
LTFOODS,LT Foods Ltd.,Fast Moving Consumer Goods,NIFTY500
LTM,LTM Ltd.,Information Technology,NIFTY500
LTTS,L&T Technology Services Ltd.,Information Technology,NIFTY500
LUPIN,Lupin Ltd.,Healthcare,NIFTY500
M&M,Mahindra & Mahindra Ltd.,Automobile and Auto Components,NIFTY500
M&MFIN,Mahindra & Mahindra Financial Services Ltd.,Financial Services,NIFTY500
MAHABANK,Bank of Maharashtra,Financial Services,NIFTY500
MANAPPURAM,Manappuram Finance Ltd.,Financial Services,NIFTY500
MANKIND,Mankind Pharma Ltd.,Healthcare,NIFTY500
MAPMYINDIA,C.E. Info Systems Ltd.,Information Technology,NIFTY500
MARICO,Marico Ltd.,Fast Moving Consumer Goods,NIFTY500
MARUTI,Maruti Suzuki India Ltd.,Automobile and Auto Components,NIFTY500
MAXHEALTH,Max Healthcare Institute Ltd.,Healthcare,NIFTY500
MAZDOCK,Mazagoan Dock Shipbuilders Ltd.,Capital Goods,NIFTY500
MCX,Multi Commodity Exchange of India Ltd.,Financial Services,NIFTY500
MEDANTA,Global Health Ltd.,Healthcare,NIFTY500
MEESHO,Meesho Ltd.,Consumer Services,NIFTY500
MFSL,Max Financial Services Ltd.,Financial Services,NIFTY500
MGL,Mahanagar Gas Ltd.,Oil Gas & Consumable Fuels,NIFTY500
MINDACORP,Minda Corporation Ltd.,Automobile and Auto Components,NIFTY500
MMTC,MMTC Ltd.,Services,NIFTY500
MOTHERSON,Samvardhana Motherson International Ltd.,Automobile and Auto Components,NIFTY500
MOTILALOFS,Motilal Oswal Financial Services Ltd.,Financial Services,NIFTY500
MPHASIS,MphasiS Ltd.,Information Technology,NIFTY500
MRF,MRF Ltd.,Automobile and Auto Components,NIFTY500
MRPL,Mangalore Refinery & Petrochemicals Ltd.,Oil Gas & Consumable Fuels,NIFTY500
MSUMI,Motherson Sumi Wiring India Ltd.,Automobile and Auto Components,NIFTY500
MUTHOOTFIN,Muthoot Finance Ltd.,Financial Services,NIFTY500
NAM-INDIA,Nippon Life India Asset Management Ltd.,Financial Services,NIFTY500
NATCOPHARM,NATCO Pharma Ltd.,Healthcare,NIFTY500
NATIONALUM,National Aluminium Co. Ltd.,Metals & Mining,NIFTY500
NAUKRI,Info Edge (India) Ltd.,Consumer Services,NIFTY500
NAVA,Nava Ltd.,Power,NIFTY500
NAVINFLUOR,Navin Fluorine International Ltd.,Chemicals,NIFTY500
NBCC,NBCC (India) Ltd.,Construction,NIFTY500
NCC,NCC Ltd.,Construction,NIFTY500
NESTLEIND,Nestle India Ltd.,Fast Moving Consumer Goods,NIFTY500
NETWEB,Netweb Technologies India Ltd.,Information Technology,NIFTY500
NEULANDLAB,Neuland Laboratories Ltd.,Healthcare,NIFTY500
NEWGEN,Newgen Software Technologies Ltd.,Information Technology,NIFTY500
NH,Narayana Hrudayalaya Ltd.,Healthcare,NIFTY500
NHPC,NHPC Ltd.,Power,NIFTY500
NIACL,The New India Assurance Company Ltd.,Financial Services,NIFTY500
NIVABUPA,Niva Bupa Health Insurance Company Ltd.,Financial Services,NIFTY500
NLCINDIA,NLC India Ltd.,Power,NIFTY500
NMDC,NMDC Ltd.,Metals & Mining,NIFTY500
NSLNISP,NMDC Steel Ltd.,Metals & Mining,NIFTY500
NTPC,NTPC Ltd.,Power,NIFTY500
NTPCGREEN,NTPC Green Energy Ltd.,Power,NIFTY500
NUVAMA,Nuvama Wealth Management Ltd.,Financial Services,NIFTY500
NUVOCO,Nuvoco Vistas Corporation Ltd.,Construction Materials,NIFTY500
NYKAA,FSN E-Commerce Ventures Ltd.,Consumer Services,NIFTY500
OBEROIRLTY,Oberoi Realty Ltd.,Realty,NIFTY500
OFSS,Oracle Financial Services Software Ltd.,Information Technology,NIFTY500
OIL,Oil India Ltd.,Oil Gas & Consumable Fuels,NIFTY500
OLAELEC,Ola Electric Mobility Ltd.,Automobile and Auto Components,NIFTY500
OLECTRA,Olectra Greentech Ltd.,Automobile and Auto Components,NIFTY500
ONESOURCE,Onesource Specialty Pharma Ltd.,Healthcare,NIFTY500
ONGC,Oil & Natural Gas Corporation Ltd.,Oil Gas & Consumable Fuels,NIFTY500
PAGEIND,Page Industries Ltd.,Textiles,NIFTY500
PARADEEP,Paradeep Phosphates Ltd.,Chemicals,NIFTY500
PATANJALI,Patanjali Foods Ltd.,Fast Moving Consumer Goods,NIFTY500
PAYTM,One 97 Communications Ltd.,Financial Services,NIFTY500
PCBL,PCBL Chemical Ltd.,Chemicals,NIFTY500
PERSISTENT,Persistent Systems Ltd.,Information Technology,NIFTY500
PETRONET,Petronet LNG Ltd.,Oil Gas & Consumable Fuels,NIFTY500
PFC,Power Finance Corporation Ltd.,Financial Services,NIFTY500
PFIZER,Pfizer Ltd.,Healthcare,NIFTY500
PGEL,PG Electroplast Ltd.,Consumer Durables,NIFTY500
PHOENIXLTD,Phoenix Mills Ltd.,Realty,NIFTY500
PIDILITIND,Pidilite Industries Ltd.,Chemicals,NIFTY500
PIIND,PI Industries Ltd.,Chemicals,NIFTY500
PINELABS,Pine Labs Ltd.,Financial Services,NIFTY500
PIRAMALFIN,Piramal Finance Ltd.,Financial Services,NIFTY500
PNB,Punjab National Bank,Financial Services,NIFTY500
PNBHOUSING,PNB Housing Finance Ltd.,Financial Services,NIFTY500
POLICYBZR,PB Fintech Ltd.,Financial Services,NIFTY500
POLYCAB,Polycab India Ltd.,Capital Goods,NIFTY500
POLYMED,Poly Medicure Ltd.,Healthcare,NIFTY500
POONAWALLA,Poonawalla Fincorp Ltd.,Financial Services,NIFTY500
POWERGRID,Power Grid Corporation of India Ltd.,Power,NIFTY500
POWERINDIA,Hitachi Energy India Ltd.,Capital Goods,NIFTY500
PPLPHARMA,Piramal Pharma Ltd.,Healthcare,NIFTY500
PREMIERENE,Premier Energies Ltd.,Capital Goods,NIFTY500
PRESTIGE,Prestige Estates Projects Ltd.,Realty,NIFTY500
PTCIL,PTC Industries Ltd.,Capital Goods,NIFTY500
PVRINOX,PVR INOX Ltd.,Media Entertainment & Publication,NIFTY500
PWL,Physicswallah Ltd.,Consumer Services,NIFTY500
RADICO,Radico Khaitan Ltd,Fast Moving Consumer Goods,NIFTY500
RAILTEL,Railtel Corporation Of India Ltd.,Telecommunication,NIFTY500
RAINBOW,Rainbow Childrens Medicare Ltd.,Healthcare,NIFTY500
RAMCOCEM,The Ramco Cements Ltd.,Construction Materials,NIFTY500
RBLBANK,RBL Bank Ltd.,Financial Services,NIFTY500
RECLTD,REC Ltd.,Financial Services,NIFTY500
REDINGTON,Redington Ltd.,Services,NIFTY500
RELIANCE,Reliance Industries Ltd.,Oil Gas & Consumable Fuels,NIFTY500
RHIM,RHI MAGNESITA INDIA LTD.,Capital Goods,NIFTY500
RITES,RITES Ltd.,Construction,NIFTY500
RKFORGE,Ramkrishna Forgings Ltd.,Automobile and Auto Components,NIFTY500
RPOWER,Reliance Power Ltd.,Power,NIFTY500
RRKABEL,R R Kabel Ltd.,Capital Goods,NIFTY500
RVNL,Rail Vikas Nigam Ltd.,Construction,NIFTY500
SAGILITY,Sagility Ltd.,Information Technology,NIFTY500
SAIL,Steel Authority of India Ltd.,Metals & Mining,NIFTY500
SAILIFE,Sai Life Sciences Ltd.,Healthcare,NIFTY500
SAMMAANCAP,Sammaan Capital Ltd.,Financial Services,NIFTY500
SAPPHIRE,Sapphire Foods India Ltd.,Consumer Services,NIFTY500
SARDAEN,Sarda Energy and Minerals Ltd.,Metals & Mining,NIFTY500
SAREGAMA,Saregama India Ltd,Media Entertainment & Publication,NIFTY500
SBFC,SBFC Finance Ltd.,Financial Services,NIFTY500
SBICARD,SBI Cards and Payment Services Ltd.,Financial Services,NIFTY500
SBILIFE,SBI Life Insurance Company Ltd.,Financial Services,NIFTY500
SBIN,State Bank of India,Financial Services,NIFTY500
SCHAEFFLER,Schaeffler India Ltd.,Automobile and Auto Components,NIFTY500
SCHNEIDER,Schneider Electric Infrastructure Ltd.,Capital Goods,NIFTY500
SCI,Shipping Corporation of India Ltd.,Services,NIFTY500
SHREECEM,Shree Cement Ltd.,Construction Materials,NIFTY500
SHRIRAMFIN,Shriram Finance Ltd.,Financial Services,NIFTY500
SHYAMMETL,Shyam Metalics and Energy Ltd.,Capital Goods,NIFTY500
SIEMENS,Siemens Ltd.,Capital Goods,NIFTY500
SIGNATURE,Signatureglobal (India) Ltd.,Realty,NIFTY500
SJVN,SJVN Ltd.,Power,NIFTY500
SOBHA,Sobha Ltd.,Realty,NIFTY500
SOLARINDS,Solar Industries India Ltd.,Chemicals,NIFTY500
SONACOMS,Sona BLW Precision Forgings Ltd.,Automobile and Auto Components,NIFTY500
SONATSOFTW,Sonata Software Ltd.,Information Technology,NIFTY500
SPLPETRO,Supreme Petrochem Ltd.,Chemicals,NIFTY500
SRF,SRF Ltd.,Chemicals,NIFTY500
STARHEALTH,Star Health and Allied Insurance Company Ltd.,Financial Services,NIFTY500
SUMICHEM,Sumitomo Chemical India Ltd.,Chemicals,NIFTY500
SUNDARMFIN,Sundaram Finance Ltd.,Financial Services,NIFTY500
SUNPHARMA,Sun Pharmaceutical Industries Ltd.,Healthcare,NIFTY500
SUNTV,Sun TV Network Ltd.,Media Entertainment & Publication,NIFTY500
SUPREMEIND,Supreme Industries Ltd.,Capital Goods,NIFTY500
SUZLON,Suzlon Energy Ltd.,Capital Goods,NIFTY500
SWANCORP,Swan Corp Ltd.,Chemicals,NIFTY500
SWIGGY,Swiggy Ltd.,Consumer Services,NIFTY500
SYNGENE,Syngene International Ltd.,Healthcare,NIFTY500
SYRMA,Syrma SGS Technology Ltd.,Capital Goods,NIFTY500
TARIL,Transformers And Rectifiers (India) Ltd.,Capital Goods,NIFTY500
TATACAP,Tata Capital Ltd.,Financial Services,NIFTY500
TATACHEM,Tata Chemicals Ltd.,Chemicals,NIFTY500
TATACOMM,Tata Communications Ltd.,Telecommunication,NIFTY500
TATACONSUM,Tata Consumer Products Ltd.,Fast Moving Consumer Goods,NIFTY500
TATAELXSI,Tata Elxsi Ltd.,Information Technology,NIFTY500
TATAINVEST,Tata Investment Corporation Ltd.,Financial Services,NIFTY500
TATAPOWER,Tata Power Co. Ltd.,Power,NIFTY500
TATASTEEL,Tata Steel Ltd.,Metals & Mining,NIFTY500
TATATECH,Tata Technologies Ltd.,Information Technology,NIFTY500
TBOTEK,TBO Tek Ltd.,Consumer Services,NIFTY500
TCS,Tata Consultancy Services Ltd.,Information Technology,NIFTY500
TECHM,Tech Mahindra Ltd.,Information Technology,NIFTY500
TECHNOE,Techno Electric & Engineering Company Ltd.,Construction,NIFTY500
TEGA,Tega Industries Ltd.,Capital Goods,NIFTY500
TEJASNET,Tejas Networks Ltd.,Telecommunication,NIFTY500
TENNIND,Tenneco Clean Air India Ltd.,Automobile and Auto Components,NIFTY500
THELEELA,Leela Palaces Hotels & Resorts Ltd.,Consumer Services,NIFTY500
THERMAX,Thermax Ltd.,Capital Goods,NIFTY500
TIINDIA,Tube Investments of India Ltd.,Automobile and Auto Components,NIFTY500
TIMKEN,Timken India Ltd.,Capital Goods,NIFTY500
TITAGARH,Titagarh Rail Systems Ltd.,Capital Goods,NIFTY500
TITAN,Titan Company Ltd.,Consumer Durables,NIFTY500
TMCV,Tata Motors Ltd.,Capital Goods,NIFTY500
TMPV,Tata Motors Passenger Vehicles Ltd.,Automobile and Auto Components,NIFTY500
TORNTPHARM,Torrent Pharmaceuticals Ltd.,Healthcare,NIFTY500
TORNTPOWER,Torrent Power Ltd.,Power,NIFTY500
TRAVELFOOD,Travel Food Services Ltd.,Consumer Services,NIFTY500
TRENT,Trent Ltd.,Consumer Services,NIFTY500
TRIDENT,Trident Ltd.,Textiles,NIFTY500
TRITURBINE,Triveni Turbine Ltd.,Capital Goods,NIFTY500
TTML,Tata Teleservices (Maharashtra) Ltd.,Telecommunication,NIFTY500
TVSMOTOR,TVS Motor Company Ltd.,Automobile and Auto Components,NIFTY500
UBL,United Breweries Ltd.,Fast Moving Consumer Goods,NIFTY500
UCOBANK,UCO Bank,Financial Services,NIFTY500
ULTRACEMCO,UltraTech Cement Ltd.,Construction Materials,NIFTY500
UNIONBANK,Union Bank of India,Financial Services,NIFTY500
UNITDSPR,United Spirits Ltd.,Fast Moving Consumer Goods,NIFTY500
UNOMINDA,UNO Minda Ltd.,Automobile and Auto Components,NIFTY500
UPL,UPL Ltd.,Chemicals,NIFTY500
URBANCO,Urban Company Ltd.,Consumer Services,NIFTY500
USHAMART,Usha Martin Ltd.,Capital Goods,NIFTY500
UTIAMC,UTI Asset Management Company Ltd.,Financial Services,NIFTY500
VBL,Varun Beverages Ltd.,Fast Moving Consumer Goods,NIFTY500
VEDL,Vedanta Ltd.,Metals & Mining,NIFTY500
VIJAYA,Vijaya Diagnostic Centre Ltd.,Healthcare,NIFTY500
VMM,Vishal Mega Mart Ltd.,Consumer Services,NIFTY500
VOLTAS,Voltas Ltd.,Consumer Durables,NIFTY500
VTL,Vardhman Textiles Ltd.,Textiles,NIFTY500
WAAREEENER,Waaree Energies Ltd.,Capital Goods,NIFTY500
WELCORP,Welspun Corp Ltd.,Capital Goods,NIFTY500
WELSPUNLIV,Welspun Living Ltd.,Textiles,NIFTY500
WHIRLPOOL,Whirlpool of India Ltd.,Consumer Durables,NIFTY500
WIPRO,Wipro Ltd.,Information Technology,NIFTY500
WOCKPHARMA,Wockhardt Ltd.,Healthcare,NIFTY500
YESBANK,Yes Bank Ltd.,Financial Services,NIFTY500
ZEEL,Zee Entertainment Enterprises Ltd.,Media Entertainment & Publication,NIFTY500
ZENSARTECH,Zensar Technolgies Ltd.,Information Technology,NIFTY500
ZENTEC,Zen Technologies Ltd.,Capital Goods,NIFTY500
ZFCVINDIA,ZF Commercial Vehicle Control Systems India Ltd.,Automobile and Auto Components,NIFTY500
ZYDUSLIFE,Zydus Lifesciences Ltd.,Healthcare,NIFTY500
ZYDUSWELL,Zydus Wellness Ltd.,Fast Moving Consumer Goods,NIFTY500
