symbol,entry_date,entry_rank,exit_date,exit_rank,holding_days,quantity,entry_price,exit_price,cost_value,proceeds,gross_realized_pnl,brokerage,stt,exchange_charge,sebi_charge,gst,stamp_duty,total_transaction_cost,net_realized_pnl,return_pct,sell_reason
ARVIND,2021-08-10 00:00:00,10,2021-08-18 00:00:00,30,8,1028.6444796043966,97.0999984741211,95.80000305175781,100000.0,98544.14428527502,-1455.8557147249812,0.0,98.54414428527502,2.926761085272668,0.09854414428527501,0.5445549413204297,0.0,102.1140044561534,-1557.9697191811347,-0.014558557147249813,SellReason.RANK_EXIT
JSL,2021-08-10 00:00:00,6,2021-08-24 00:00:00,19,14,634.8556045851021,157.3292835073506,126.69925328868743,100000.0,80435.73104707064,-19564.268952929357,0.0,80.43573104707065,2.3889412120979983,0.08043573104707064,0.44448784976611233,0.0,83.34959583998184,-19647.61854876934,-0.19564268952929356,SellReason.RANK_EXIT
IRCTC,2021-08-10 00:00:00,9,2021-08-24 00:00:00,20,14,196.16514576319057,509.16984773929323,491.0192378054331,100000.0,96320.86035663351,-3679.1396433664922,0.0,96.3208603566335,2.8607295525920153,0.09632086035663351,0.5322690743307568,0.0,99.8101798439129,-3778.949823210405,-0.03679139643366492,SellReason.RANK_EXIT
LTTS,2021-08-24 00:00:00,8,2021-09-02 00:00:00,20,9,24.59682168918891,3722.557259477899,3679.3113145270436,91671.8206362797,90499.36434243695,-1172.4562938427553,0.0,90.49936434243695,2.6878311209703774,0.09049936434243695,0.5000994873563066,0.0,93.77779431510606,-1266.2340881578614,-0.012789713193268338,SellReason.RANK_EXIT
BASF,2021-08-10 00:00:00,5,2021-09-07 00:00:00,19,28,27.417342135602524,3643.0,3594.39990234375,100000.0,98548.8918947349,-1451.1081052650989,0.0,98.54889189473491,2.9269020892736264,0.0985488918947349,0.544581176610305,0.0,102.11892405251358,-1553.2270293176125,-0.014511081052650988,SellReason.RANK_EXIT
BALRAMCHIN,2021-08-24 00:00:00,5,2021-09-07 00:00:00,23,14,265.1734530779072,345.2950364238484,357.44206656379185,91671.8206362797,94784.14706602384,3112.3264297441347,0.0,94.78414706602385,2.8150891678609082,0.09478414706602384,0.5237771966868477,0.0,98.21779757763763,3014.108632166497,0.03395074307613796,SellReason.RANK_EXIT
BSOFT,2021-08-24 00:00:00,7,2021-09-07 00:00:00,21,14,234.2635772342549,390.854943052517,388.585882002855,91671.8206362797,91031.51878071688,-640.3018555628223,0.0,91.03151878071688,2.7036361077872915,0.09103151878071689,0.5030401727822414,0.0,94.32922658006711,-734.6310821428895,-0.006984718434940942,SellReason.RANK_EXIT
DEEPAKFERT,2021-08-10 00:00:00,2,2021-09-16 00:00:00,19,37,225.5200141802042,442.8936285902709,397.8314861575004,100000.0,89718.96239957122,-10281.037600428783,0.0,89.71896239957123,2.6646531832672653,0.08971896239957121,0.49578698622003053,0.0,92.96912153145809,-10374.00672196024,-0.10281037600428783,SellReason.RANK_EXIT
ADANIENT,2021-08-10 00:00:00,3,2021-10-01 00:00:00,19,52,67.27442247962723,1484.685764939077,1461.736821602605,100000.0,98337.50049052115,-1662.4995094788464,0.0,98.33750049052115,2.9206237645684783,0.09833750049052115,0.54341302771062,0.0,101.89987478329076,-1764.3993842621371,-0.016624995094788465,SellReason.RANK_EXIT
COFORGE,2021-08-10 00:00:00,7,2021-10-05 00:00:00,19,56,109.55296798349303,911.7176762846781,1005.4597685508368,100000.0,110151.10183274014,10151.10183274014,0.0,110.15110183274014,3.271487724432382,0.11015110183274013,0.608694988727722,0.0,114.14143564773298,10036.960397092407,0.10151101832740139,SellReason.RANK_EXIT
JSL,2021-09-22 00:00:00,4,2021-10-13 00:00:00,19,21,596.7340685598936,155.36265375491212,164.65493835904897,92820.29432388538,98255.21127547378,5434.916951588399,0.0,98.25521127547378,2.918179774881571,0.09825521127547378,0.5429582975082681,0.0,101.81460455913908,5333.102347029259,0.05855311051507661,SellReason.RANK_EXIT
LTTS,2021-09-22 00:00:00,6,2021-10-13 00:00:00,20,21,21.357318017691373,4340.909677920892,4366.0663055294735,92820.29432388538,93247.46657351984,427.17224963445915,0.0,93.24746657351984,2.7694497572335393,0.09324746657351983,0.5152855002852705,0.0,96.62544929761218,330.54680033684696,0.004602142804502348,SellReason.RANK_EXIT
PRAJIND,2021-08-10 00:00:00,1,2021-10-18 00:00:00,20,69,266.56358192167073,374.70001220703125,338.1000061035156,100000.0,90125.14867469187,-9874.851325308133,0.0,90.12514867469187,2.6767169156383486,0.09012514867469186,0.49803157157634725,0.0,93.39002231058126,-9968.241347618714,-0.09874851325308133,SellReason.RANK_EXIT
ABREL,2021-08-10 00:00:00,8,2021-10-21 00:00:00,20,72,129.96053119222316,768.5516247411038,864.2505879256961,100000.0,112318.46549001463,12318.465490014627,0.0,112.31846549001463,3.3358584250534347,0.11231846549001462,0.6206718402978209,0.0,116.3873142208559,12202.078175793771,0.12318465490014627,SellReason.RANK_EXIT
GHCL,2021-10-22 00:00:00,7,2021-10-29 00:00:00,20,7,222.6284267455829,450.0,419.0,100301.77260602366,93281.31080639924,-7020.46179962442,0.0,93.28131080639925,2.7704549309500575,0.09328131080639923,0.5154725235161622,0.0,96.66051957167187,-7117.122319196092,-0.06999339709777774,SellReason.RANK_EXIT
DALMIASUG,2021-08-10 00:00:00,4,2021-11-01 00:00:00,21,83,238.3803756563246,419.0,394.29998779296875,100000.0,93993.37921137208,-6006.620788627915,0.0,93.99337921137209,2.7916033625777508,0.09399337921137207,0.5194074135220421,0.0,97.39838336668325,-6104.019171994599,-0.06006620788627915,SellReason.RANK_EXIT
BAJAJFINSV,2021-10-22 00:00:00,5,2021-11-03 00:00:00,20,12,54.01586082780361,1854.6921311665035,1752.953464279114,100301.77260602367,94687.29036411682,-5614.482241906851,0.0,94.68729036411682,2.81221252381427,0.09468729036411681,0.5232419665521095,0.0,98.11743214484731,-5712.5996740516985,-0.05597590247941112,SellReason.RANK_EXIT
SRF,2021-10-22 00:00:00,9,2021-11-03 00:00:00,21,12,44.61989134454519,2245.249574050335,2088.374663647919,100301.77260602367,93183.05057867125,-7118.722027352429,0.0,93.18305057867124,2.767536602186536,0.09318305057867124,0.5149295374977373,0.0,96.55869976893419,-7215.280727121363,-0.070973043071872,SellReason.RANK_EXIT
CONSOFINVT,2021-09-22 00:00:00,2,2021-11-11 00:00:00,,50,705.0204446952908,131.5,150.0,92820.29432388539,105753.06670429363,12932.772380408234,0.0,105.75306670429363,3.1408660811175206,0.10575306670429362,0.5843914466079265,0.0,109.58407729872337,12823.188303109511,0.1393313011406844,SellReason.RANK_EXIT
JSL,2021-10-22 00:00:00,8,2021-11-11 00:00:00,19,20,584.8647387274209,171.2922414394399,180.73200006726347,100301.77260602367,105703.77399902427,5402.001393000595,0.0,105.70377399902428,3.1394020877710207,0.10570377399902427,0.5841190551186081,0.0,109.53299891591293,5292.468394084683,0.053857486788585186,SellReason.RANK_EXIT
ARVIND,2021-10-22 00:00:00,6,2021-11-17 00:00:00,21,26,747.6327763844203,134.0,127.5,100301.77260602367,95323.17898901358,-4978.59361701009,0.0,95.32317898901358,2.8310984159737034,0.09532317898901357,0.526755887093289,0.0,98.77635647106959,-5077.36997348116,-0.04963614787313438,SellReason.RANK_EXIT
APOLLOHOSP,2021-11-23 00:00:00,9,2021-11-25 00:00:00,20,2,18.310975777529972,5308.372354279704,5333.557210457572,97316.91745505045,97662.63688875893,345.7194337084802,0.0,97.66263688875894,2.9005803155961405,0.09766263688875892,0.5396837314472819,0.0,101.20056357269112,244.5188701357891,0.0035525111434829815,SellReason.RANK_EXIT
ADANIENSOL,2021-09-22 00:00:00,1,2021-11-29 00:00:00,,68,59.39914503913497,1560.800048828125,1924.5999755859375,92820.29432388539,114319.59309214473,21499.298768259338,0.0,114.31959309214473,3.3952919148366987,0.11431959309214472,0.6317300714271918,0.0,118.46093467150077,21380.837833587837,0.2316228247805387,SellReason.MARKET_EXIT
IRCTC,2021-09-22 00:00:00,3,2021-11-29 00:00:00,,68,131.89758751037652,702.8952555340493,751.8721828770028,92820.29432388539,99170.1270376373,6349.832713751908,0.0,99.1701270376373,2.9453527730178277,0.09917012703763729,0.5480141220099837,0.0,102.76266405970276,6247.070049692205,0.06840996098972625,SellReason.MARKET_EXIT
INDHOTEL,2021-10-22 00:00:00,4,2021-11-29 00:00:00,,38,481.00205062314905,208.2793449751893,177.25424034666608,100301.77260602369,85259.6530883949,-15042.119517628787,0.0,85.2596530883949,2.5322116967253288,0.0852596530883949,0.4711448429664703,0.0,88.34826928117509,-15130.467786909963,-0.14996863093051083,SellReason.MARKET_EXIT
JBMA,2021-11-23 00:00:00,1,2021-11-29 00:00:00,,6,533.5000041437729,182.1958328816256,178.01885101961312,97316.91745505044,94973.0577566333,-2343.8596984171454,0.0,94.9730577566333,2.820699815372009,0.09497305775663328,0.5248211171631556,0.0,98.4135517469251,-2442.2732501640703,-0.02408481238115405,SellReason.MARKET_EXIT
LTTS,2021-11-23 00:00:00,4,2021-11-29 00:00:00,,6,19.393062992812933,5012.177686080237,4915.437612277606,97316.91745505045,95325.3912521416,-1991.526202908848,0.0,95.32539125214161,2.8311641201886055,0.0953253912521416,0.5267681120593345,0.0,98.7786488756417,-2090.30485178449,-0.02046433708536556,SellReason.MARKET_EXIT
TCIEXP,2021-11-23 00:00:00,5,2021-11-29 00:00:00,,6,46.957235554263484,2070.0,2218.25,97316.91745505045,104162.88776824497,6845.970313194513,0.0,104.16288776824497,3.0936377667168755,0.10416288776824496,0.5756041178073217,0.0,107.93629254053741,6738.034020653976,0.07034717593019309,SellReason.MARKET_EXIT
JSL,2021-11-23 00:00:00,6,2021-11-29 00:00:00,,6,593.7027727786423,163.7207741887476,165.44156505627484,97316.91745505045,98223.1159067485,906.1984516980447,0.0,98.2231159067485,2.9172265424304302,0.0982231159067485,0.5427809385006922,0.0,101.78134650358638,804.4171051944583,0.009311828563791154,SellReason.MARKET_EXIT
COFORGE,2021-11-23 00:00:00,7,2021-11-29 00:00:00,,6,95.61570255156076,1016.5848809708795,985.3201504397898,97316.91745505045,94212.07842251004,-3104.839032540418,0.0,94.21207842251003,2.798098729148548,0.09421207842251003,0.5206159453627904,0.0,97.62500517544389,-3202.4640377158617,-0.031904412035805664,SellReason.MARKET_EXIT
ASAHIINDIA,2021-11-23 00:00:00,8,2021-11-29 00:00:00,,6,192.79452694804215,504.17135349242085,470.3754405615648,97316.91745505045,90685.8105510438,-6631.10690400665,0.0,90.6858105510438,2.693368573366001,0.0906858105510438,0.501129789105068,0.0,93.97099472406592,-6725.077898730717,-0.06813930277918515,SellReason.MARKET_EXIT
GHCL,2022-07-25 00:00:00,8,2022-08-02 00:00:00,22,8,148.16753424723325,655.9000244140625,633.9000244140625,97298.50734931068,93923.4035766926,-3375.1037726180803,0.0,93.92340357669259,2.78952508622777,0.09392340357669259,0.5190207281648033,0.0,97.32587279466186,-3472.429645412742,-0.03468813514786146,SellReason.RANK_EXIT
ABB,2022-07-25 00:00:00,9,2022-08-04 00:00:00,22,10,36.540869278046635,2659.5724527144266,2636.044997594597,97298.50734931068,96323.37566815293,-975.1316811577417,0.0,96.32337566815293,2.8608042573441423,0.09632337566815292,0.5322829739422131,0.0,99.81278627510744,-1074.9444674328493,-0.010022062082174894,SellReason.RANK_EXIT
CUMMINSIND,2022-07-25 00:00:00,7,2022-08-25 00:00:00,19,31,85.33188774912512,1138.8836212770661,1157.7179628682877,97298.50734931068,98790.25925262252,1491.7519033118442,0.0,98.79025925262252,2.9340706998028887,0.09879025925262251,0.545914972629992,0.0,102.36903518430802,1389.3828681275363,0.015331703886847065,SellReason.RANK_EXIT
CHENNPETRO,2022-07-25 00:00:00,2,2022-09-23 00:00:00,22,60,400.5066264278626,242.6503905738396,228.1591420094054,97298.50734931068,91379.24825486258,-5919.259094448091,0.0,91.37924825486259,2.713963673169419,0.09137924825486259,0.5049617258563707,0.0,94.68955290214325,-6013.948647350234,-0.06083607298514253,SellReason.RANK_EXIT
ADANIENSOL,2022-07-25 00:00:00,6,2022-10-04 00:00:00,20,71,32.504879170171726,2989.800048828125,3244.0,97298.50734931068,105445.82802803708,8147.320678726406,0.0,105.44582802803708,3.1317410924327014,0.10544582802803708,0.5826936456829329,0.0,109.26570859418077,8038.054970132225,0.08373531003386073,SellReason.RANK_EXIT
ATGL,2022-07-25 00:00:00,3,2022-10-11 00:00:00,20,78,34.026707004287545,2856.0827034448603,3195.6169158614935,97298.50734931068,108736.32049396404,11437.813144653366,0.0,108.73632049396404,3.229468718670732,0.10873632049396403,0.6008769070496452,0.0,112.67540244017837,11325.137742213188,0.11755383978903762,SellReason.RANK_EXIT
VBL,2022-07-25 00:00:00,4,2022-10-19 00:00:00,19,86,560.0368799612073,173.52980278167288,199.61388555306837,97298.50734931068,111791.13766207393,14492.630312763256,0.0,111.79113766207394,3.320196788563596,0.11179113766207392,0.6177578267206205,0.0,115.84088341502022,14376.789429348237,0.1489501813294357,SellReason.RANK_EXIT
PHOENIXLTD,2022-10-24 00:00:00,10,2022-10-27 00:00:00,22,3,145.83678686334596,713.8553831813151,687.5083489093302,104230.01572289653,100264.00854666087,-3966.007176235653,0.0,100.26400854666088,2.977841053835828,0.10026400854666087,0.554058911228848,0.0,103.89617252027222,-4069.903348755925,-0.038050528427239105,SellReason.RANK_EXIT
DEEPAKFERT,2022-08-23 00:00:00,3,2022-11-04 00:00:00,19,73,106.4488303721078,891.62181537018,870.980444873364,95024.82029288787,92714.84963374773,-2309.970659140148,0.0,92.71484963374773,2.7536310341223076,0.09271484963374772,0.51234225907609,0.0,96.07353777657988,-2406.044196916728,-0.024309129467651704,SellReason.RANK_EXIT
PATANJALI,2022-10-24 00:00:00,5,2022-11-04 00:00:00,20,11,221.42508067774963,470.1652362488084,445.3990712815685,104230.01572289654,98622.52529231607,-5607.490430580467,0.0,98.62252529231607,2.9290890011817874,0.09862252529231606,0.5449880747653386,0.0,102.19522489355552,-5709.6856554740225,-0.05379919010554895,SellReason.RANK_EXIT
BANKBARODA,2022-10-24 00:00:00,9,2022-11-07 00:00:00,19,14,813.3224521136502,128.00135431859223,140.65110951194424,104230.01572289653,114394.70528076004,10164.689557863516,0.0,114.39470528076005,3.397522746838573,0.11439470528076004,0.6321451413814799,0.0,118.53876787426087,10046.150789989255,0.09752171183478588,SellReason.RANK_EXIT
INDHOTEL,2022-09-22 00:00:00,7,2022-11-14 00:00:00,19,53,307.4092935427985,320.65011093249143,312.2106226217468,98687.89021743821,95976.44693670844,-2711.443280729771,0.0,95.97644693670844,2.8505004740202406,0.09597644693670844,0.5303658457722508,0.0,99.45328970343763,-2810.8965704332086,-0.02747493410544769,SellReason.RANK_EXIT
ITC,2022-07-25 00:00:00,5,2022-12-02 00:00:00,19,130,393.51362022844467,246.9624539900664,280.2900723859349,97298.50734931068,110297.96109868205,12999.453749371372,0.0,110.29796109868205,3.275849444630857,0.11029796109868205,0.609506533031317,0.0,114.2936150374429,12885.16013433393,0.13360383528497644,SellReason.RANK_EXIT
ADANIPOWER,2022-07-25 00:00:00,1,2022-12-13 00:00:00,19,141,1668.092896154656,58.2599983215332,62.099998474121094,97298.50734931068,103588.56630589638,6290.058956585708,0.0,103.58856630589639,3.0765804192851225,0.10358856630589638,0.5724304174063833,0.0,107.3411657088938,6182.717790876814,0.06464702417277392,SellReason.RANK_EXIT
ADANIENT,2022-07-25 00:00:00,10,2022-12-26 00:00:00,,154,38.86623214078417,2500.450493325617,3646.3655365989903,97298.50734931068,141720.4894156114,44421.98206630073,0.0,141.7204894156114,4.209098535643658,0.14172048941561138,0.7831474245106685,0.0,146.85445586518134,44275.12761043554,0.4565535821307277,SellReason.MARKET_EXIT
APARINDS,2022-08-23 00:00:00,2,2022-12-26 00:00:00,,125,79.74027659882172,1190.2654897714963,1616.093234161607,95024.82029288787,128867.7215015309,33842.90120864303,0.0,128.8677215015309,3.827371328595468,0.1288677215015309,0.7121230290174598,0.0,133.53608358064534,33709.36512506239,0.35614801590080986,SellReason.MARKET_EXIT
ATGL,2022-10-24 00:00:00,7,2022-12-26 00:00:00,,63,31.783283327331585,3275.5072626099904,3235.5120964443754,104230.01572289654,102835.19767030019,-1394.8180525963544,0.0,102.83519767030019,3.0542053708079155,0.10283519767030018,0.5682673023260788,0.0,106.56050554110449,-1501.3785581374589,-0.013382114959136002,SellReason.MARKET_EXIT
UNIONBANK,2022-11-22 00:00:00,1,2022-12-26 00:00:00,,34,1474.7789788440282,67.92306508743948,60.6614157893576,100290.47573948502,89462.18083306181,-10828.294906423209,0.0,89.46218083306181,2.6570267707419357,0.0894621808330618,0.49436801128349955,0.0,92.70303779592031,-10920.997944219129,-0.10796932437084888,SellReason.MARKET_EXIT
BANKINDIA,2022-11-22 00:00:00,4,2022-12-26 00:00:00,,34,1434.8453796797914,69.81345167098446,68.83516816465226,100290.47573948502,98767.82300053276,-1522.6527389522525,0.0,98.76782300053277,2.933404343115823,0.09876782300053276,0.545790989900944,0.0,102.34578615655008,-1624.9985251088026,-0.015182426124964269,SellReason.MARKET_EXIT
GODFRYPHLP,2022-11-22 00:00:00,5,2022-12-26 00:00:00,,34,173.63197528559544,576.9185566474445,530.8287164991556,100290.47573948502,92168.83858406573,-8121.637155419288,0.0,92.16883858406572,2.7374145059467523,0.09216883858406573,0.5093250020155472,0.0,95.5077469306121,-8217.1449023499,-0.08098114098607019,SellReason.MARKET_EXIT
BANKBARODA,2022-11-22 00:00:00,6,2022-12-26 00:00:00,,34,696.0023069983554,143.92410421973958,149.5413204273622,100290.47573948503,104081.10400902438,3790.6282695393456,0.0,104.08110400902437,3.091208789068024,0.10408110400902437,0.5751521807538688,0.0,107.8515460828553,3682.7767234564903,0.03779649305269922,SellReason.MARKET_EXIT
CANBK,2022-11-22 00:00:00,8,2022-12-26 00:00:00,,34,1817.5716723056344,55.112824487708075,51.03428073760042,100290.47573948503,92758.46298515562,-7532.0127543294075,0.0,92.75846298515563,2.754926350659122,0.09275846298515562,0.51258326645597,0.0,96.11873106525589,-7628.131485394663,-0.0751019745274177,SellReason.MARKET_EXIT
FACT,2022-12-22 00:00:00,1,2022-12-26 00:00:00,,4,353.3262311777647,302.0033880042484,248.18100989098386,106832.44631191605,87688.86087467287,-19143.58543724318,0.0,87.68886087467287,2.604359167977784,0.08768886087467287,0.4845686451934423,0.0,90.86547754871879,-19234.450914791898,-0.17919261514755663,SellReason.MARKET_EXIT
VBL,2022-12-22 00:00:00,7,2022-12-26 00:00:00,,4,392.9215816819115,271.57001259564447,255.72184043472143,106832.44631191605,100478.63001422014,-6353.816297695914,0.0,100.47863001422014,2.984215311422338,0.10047863001422014,0.5552449094585804,0.0,104.11856886511528,-6457.934866561029,-0.059474593319194746,SellReason.MARKET_EXIT
UNIONBANK,2023-05-02 00:00:00,8,2023-05-11 00:00:00,21,9,1522.0543638932866,68.10018499528387,63.052443566269716,103775.2846948744,95969.246884176,-7806.037810698399,0.0,95.969246884176,2.850286632460027,0.09596924688417599,0.5303260582819566,0.0,99.44582882180217,-7905.483639520201,-0.07522058680590592,SellReason.RANK_EXIT
ABCAPITAL,2023-05-02 00:00:00,9,2023-05-17 00:00:00,20,15,617.1609743223445,167.9499969482422,165.25,103775.2846948744,101985.85100676742,-1789.4336881069758,0.0,101.98585100676742,3.0289797749009923,0.10198585100676742,0.5635738126633967,0.0,105.68039044533857,-1895.1140785523144,-0.0172433512793375,SellReason.RANK_EXIT
FINCABLES,2023-05-02 00:00:00,4,2023-06-01 00:00:00,19,30,117.08639590562123,885.2623992078628,783.9147716658854,103775.2846948744,91785.75531153653,-11989.529383337867,0.0,91.78575531153653,2.726036932752635,0.09178575531153653,0.5072080838515508,0.0,95.11078608345225,-12084.64016942132,-0.11553357255140391,SellReason.RANK_EXIT
VBL,2023-05-02 00:00:00,10,2023-06-08 00:00:00,28,37,357.90042093390196,289.6117961625832,327.8167028589234,103775.2846948744,117325.73594237254,13550.451247498146,0.0,117.32573594237255,3.4845743574884644,0.11732573594237254,0.6483420168175507,0.0,121.57597805262094,13428.875269445525,0.13057493686805968,SellReason.RANK_EXIT
ENGINERSIN,2023-06-22 00:00:00,10,2023-06-26 00:00:00,19,4,918.2477224547374,113.61150315932693,107.31290769007805,104447.4022448865,98539.83307640965,-5907.5691684768535,0.0,98.53983307640965,2.9266330423693665,0.09853983307640964,0.5445311175802398,0.0,102.10953706943566,-6009.678705546289,-0.05656023071426915,SellReason.RANK_EXIT
CHOLAFIN,2023-05-23 00:00:00,8,2023-08-04 00:00:00,19,73,94.01794870492897,1050.413236166602,1079.8475195926005,98874.98583583813,101525.0487062019,2650.062870363763,0.0,101.5250487062019,3.015293946574196,0.1015250487062019,0.5610274191504716,0.0,105.20289512063277,2544.85997524313,0.026802156763528193,SellReason.RANK_EXIT
CHOLAHLDNG,2023-06-22 00:00:00,8,2023-08-10 00:00:00,20,49,114.95537365783507,907.5130696476209,927.0312879349879,104447.4022448865,106567.22809707062,2119.82585218412,0.0,106.56722809707063,3.1650466744829973,0.10656722809707062,0.5888905024644122,0.0,110.4277325021151,2009.3981196820048,0.020295630208341554,SellReason.RANK_EXIT
CHENNPETRO,2023-05-23 00:00:00,7,2023-08-17 00:00:00,30,86,321.9057132539226,306.790757947775,329.91809093306824,98874.98583583813,106202.51837718183,7327.532541343695,0.0,106.20251837718183,3.1542147958023,0.10620251837718182,0.5868751165523067,0.0,110.04981080791363,7217.482730535781,0.07410906286762536,SellReason.RANK_EXIT
CYIENT,2023-05-02 00:00:00,7,2023-08-22 00:00:00,19,112,92.75236252848947,1117.5152947955855,1474.9445729065267,103775.2846948744,136804.59373565423,33029.30904077983,0.0,136.80459373565424,4.063096433948931,0.13680459373565423,0.7559821849832252,0.0,141.76047694832207,32887.54856383151,0.3182772192617381,SellReason.RANK_EXIT
ARVIND,2023-08-22 00:00:00,9,2023-09-13 00:00:00,29,22,688.4328618404742,163.4499969482422,159.4499969482422,112657.98700018242,109770.61771953324,-2887.3692806491745,0.0,109.77061771953325,3.260187346270137,0.10977061771953324,0.6065924335181407,0.0,113.74716811704107,-3001.1164487662154,-0.02562951245209538,SellReason.RANK_EXIT
FACT,2023-05-02 00:00:00,1,2023-09-28 00:00:00,20,149,301.4761953556184,343.81548311549045,533.5083988277929,103775.2846948744,160840.08226887087,57064.797573996475,0.0,160.84008226887087,4.776950443385465,0.16084008226887087,0.8888022946177804,0.0,166.66667508914298,56898.13089890733,0.5498881332080314,SellReason.RANK_EXIT
JBMA,2023-05-02 00:00:00,5,2023-10-04 00:00:00,31,155,258.77655539813,400.5470418081041,665.5641428926402,103775.2846948744,172232.39629426622,68457.11159939182,0.0,172.2323962942662,5.1153021699397065,0.1722323962942662,0.9517562219221151,0.0,178.4716870824223,68278.6399123094,0.6596668156649539,SellReason.RANK_EXIT
ENGINERSIN,2023-08-22 00:00:00,5,2023-10-13 00:00:00,21,52,779.5420202085135,144.3467398162794,135.23897670607158,112657.9870001824,105424.46511238313,-7233.521887799274,0.0,105.42446511238313,3.1311066138377788,0.10542446511238313,0.5825755942110291,0.0,109.2435717855443,-7342.765459584818,-0.06420780346259482,SellReason.RANK_EXIT
BOMDYEING,2023-08-22 00:00:00,8,2023-10-16 00:00:00,19,55,815.3938345427183,138.0,153.39999389648438,112657.98700018242,125081.40924208397,12423.422241901557,0.0,125.08140924208398,3.714917854489894,0.12508140924208397,0.6911998674717561,0.0,129.6126083732877,12293.80963352827,0.11027555677771378,SellReason.RANK_EXIT
APARINDS,2023-05-02 00:00:00,2,2023-10-30 00:00:00,,181,37.34767781030394,2775.3314216878853,4960.264948557905,103775.2846948744,185254.3771524845,81479.0924576101,0.0,185.2543771524845,5.50205500142879,0.1852543771524845,1.0237156881446294,0.0,191.9654022192104,81287.12705539088,0.7851493031040989,SellReason.MARKET_EXIT
JSL,2023-05-02 00:00:00,3,2023-10-30 00:00:00,,181,372.8632444798255,277.9898133928839,446.26306951075753,103775.2846948744,166395.09598930695,62619.811294432555,0.0,166.39509598930695,4.941934350882416,0.16639509598930693,0.9194993004369101,0.0,172.42292473661558,62447.38836969594,0.6034173886253422,SellReason.MARKET_EXIT
MAZDOCK,2023-05-02 00:00:00,6,2023-10-30 00:00:00,,181,280.81893561301314,369.10681798485064,1003.7204306671296,103775.2846948744,281863.70299297845,178088.41829810405,0.0,281.86370299297846,8.37135197889146,0.2818637029929784,1.557578822739199,0.0,292.07449749760207,177796.34380060644,1.7160966488478357,SellReason.MARKET_EXIT
POLYCAB,2023-07-24 00:00:00,7,2023-10-30 00:00:00,,98,21.6396225606247,4543.56141734196,4925.032641943184,98437.72353934021,106575.8474704068,8138.123931066599,0.0,106.57584747040681,3.165302669871082,0.1065758474704068,0.5889381331214679,0.0,110.43666412086978,8027.687266945729,0.08267281727430677,SellReason.MARKET_EXIT
AUROPHARMA,2023-08-22 00:00:00,7,2023-10-30 00:00:00,,69,134.560072094493,836.2387699069931,855.8777054575932,112657.9870001824,115166.96575044298,2508.978750260576,0.0,115.16696575044298,3.4204588827881564,0.11516696575044297,0.6364126527369479,0.0,119.33900425171853,2389.6397460088574,0.02227075786696343,SellReason.MARKET_EXIT
CHOLAHLDNG,2023-09-22 00:00:00,4,2023-10-30 00:00:00,,38,91.36770404571232,1198.7473458421584,1087.8632470318423,109656.8705514162,99395.56719701299,-10261.303354403208,0.0,99.395567197013,2.952048345751286,0.099395567197013,0.5492599043306937,0.0,102.99627101429198,-10364.2996254175,-0.09357647453190689,SellReason.MARKET_EXIT
SUZLON,2023-10-25 00:00:00,1,2023-10-30 00:00:00,,5,4379.490238004696,32.099998474121094,32.70000076293945,140748.58959381847,143209.33412403945,2460.7445302209817,0.0,143.20933412403946,4.253317223483972,0.14320933412403944,0.791374780369442,0.0,148.3972354620169,2312.347294758965,0.017483262442077464,SellReason.MARKET_EXIT
ITI,2023-10-25 00:00:00,2,2023-10-30 00:00:00,,5,522.5111924760803,269.04998779296875,273.5,140748.58959381847,142906.81114220797,2158.221548389498,0.0,142.90681114220797,4.244332290923577,0.14290681114220796,0.7897030383718412,0.0,148.0837532826456,2010.1377951068523,0.015333876912144096,SellReason.MARKET_EXIT
KALYANKJIL,2023-10-25 00:00:00,3,2023-10-30 00:00:00,,5,487.6930144837214,288.25844492810836,286.965188349809,140748.58959381847,139950.91775820724,-797.6718356112251,0.0,139.95091775820725,4.156542257418756,0.13995091775820723,0.7733687715318532,0.0,145.02077970491607,-942.6926153161412,-0.00566735224781434,SellReason.MARKET_EXIT
CHENNPETRO,2023-10-25 00:00:00,6,2023-10-30 00:00:00,,5,276.81417599921616,507.85560186692544,506.444905756063,140748.58959381847,140191.12927586527,-557.4603179531987,0.0,140.19112927586528,4.163676539493198,0.14019112927586527,0.7746961803784315,0.0,145.2696931250128,-702.7300110782114,-0.003960681379202124,SellReason.MARKET_EXIT
MAZDOCK,2023-12-04 00:00:00,6,2024-01-12 00:00:00,26,39,151.1818879327168,1003.7786207000739,1135.6474687895206,151933.37426275382,171689.3283576108,19755.954094856977,0.0,171.6893283576108,5.09917305222104,0.17168932835761078,0.9487552285041572,0.0,177.9089459666936,19578.045148890284,0.13003037805696988,SellReason.RANK_EXIT
FACT,2023-12-04 00:00:00,4,2024-01-15 00:00:00,19,42,205.94131549930225,736.8756802199302,808.8755097432102,151933.37426275382,166580.88655168537,14647.512288931553,0.0,166.58088655168538,4.9474523305850555,0.16658088655168538,0.9205259790846133,0.0,172.61544574790673,14474.896843183647,0.09640747044556598,SellReason.RANK_EXIT
TRENT,2023-12-04 00:00:00,10,2024-02-05 00:00:00,20,63,53.4368421390518,2839.859933134671,3167.037665556972,151933.37426275382,169236.49178279904,17303.117520045227,0.0,169.23649178279905,5.026323805949132,0.16923649178279904,0.9352008535917475,0.0,175.36725293412272,17127.750267111103,0.11388621890356485,SellReason.RANK_EXIT
CONSOFINVT,2023-12-04 00:00:00,5,2024-02-06 00:00:00,28,64,532.4671822594231,285.0,248.5500030517578,151933.37426275382,132344.7197755405,-19588.654487213324,0.0,132.34471977554048,3.930638177333553,0.1323447197755405,0.7313369214796368,0.0,137.1390395941292,-19725.793526807454,-0.12892924008478002,SellReason.RANK_EXIT
KALYANKJIL,2023-12-04 00:00:00,2,2024-02-07 00:00:00,20,65,448.64224889393864,338.2497910485707,329.99255829021126,151933.37426275382,148048.60346958452,-3884.7707931693003,0.0,148.04860346958452,4.39704352304666,0.1480486034695845,0.8181165827729241,0.0,153.41181217887367,-4038.182605348174,-0.025568910135905832,SellReason.RANK_EXIT
ARVIND,2024-01-24 00:00:00,5,2024-02-22 00:00:00,23,29,583.8416461662758,289.04998779296875,289.29998779296875,168959.84525879077,168905.3811089304,-54.464149860374164,0.0,168.90538110893038,5.0164898189352325,0.16890538110893039,0.9333711360079493,0.0,175.02414744498253,-229.4882973053567,-0.00032234966702859516,SellReason.RANK_EXIT
BSOFT,2023-12-04 00:00:00,9,2024-02-27 00:00:00,19,85,241.4136249140165,628.6022464472957,761.1446725875304,151933.37426275382,183750.69449334798,31817.320230594167,0.0,183.750694493348,5.457395626452435,0.18375069449334797,1.015406337770241,0.0,190.407247152064,31626.912983442104,0.20941626805160823,SellReason.RANK_EXIT
ITI,2023-12-04 00:00:00,3,2024-03-12 00:00:00,19,99,553.8436019851664,274.0,265.0,151933.37426275382,146768.55452606909,-5164.819736684731,0.0,146.7685545260691,4.359026069424252,0.14676855452606907,0.8110430323110578,0.0,152.08539218233048,-5316.905128867062,-0.03399397770073008,SellReason.RANK_EXIT
DHANBANK,2024-02-22 00:00:00,8,2024-03-27 00:00:00,28,34,2984.3388904642843,51.70000076293945,42.400001525878906,154473.56347117556,126535.97350942541,-27937.58996175014,0.0,126.53597350942542,3.758118413229935,0.12653597350942541,0.6992377896130848,0.0,131.11986568577785,-28068.70982743592,-0.18085677143690182,SellReason.RANK_EXIT
HINDPETRO,2024-02-22 00:00:00,7,2024-04-02 00:00:00,19,40,454.80106940930676,339.2479334190328,293.8274755340492,154473.56347117558,133633.0500947225,-20840.513376453076,0.0,133.6330500947225,3.9689015878132587,0.1336330500947225,0.7384562348234366,0.0,138.47404096745393,-20978.98741742053,-0.13491313923331527,SellReason.RANK_EXIT
JKTYRE,2024-02-22 00:00:00,9,2024-04-02 00:00:00,22,40,306.40579979157235,503.54896356017707,425.7698113695028,154473.56347117556,130458.33957977941,-24015.22389139615,0.0,130.45833957977942,3.8746126855194483,0.1304583395797794,0.7209127845178609,0.0,135.1843233893965,-24150.408214785544,-0.1554649439797337,SellReason.RANK_EXIT
SUZLON,2023-12-04 00:00:00,1,2024-04-10 00:00:00,22,128,3701.2962669252584,41.0,41.150001525878906,151933.37426275382,152308.34703170427,374.9727689504507,0.0,152.30834703170427,4.523557906841617,0.15230834703170426,0.8416559256971978,0.0,157.8258692112748,217.1468997391759,0.0024680079065575954,SellReason.RANK_EXIT
KALYANKJIL,2024-03-22 00:00:00,2,2024-04-19 00:00:00,19,28,431.9107471873605,381.77458453471866,400.22907247185447,165088.37819004135,172863.23773742293,7774.85954738158,0.0,172.86323773742293,5.134038160801461,0.17286323773742293,0.9552422517369992,0.0,179.1253813876988,7595.734165993881,0.04709513554268222,SellReason.RANK_EXIT
CHENNPETRO,2023-12-04 00:00:00,7,2024-04-24 00:00:00,21,142,238.6956288224075,635.7600585004504,875.6747122261344,151933.37426275382,209019.7260786979,57086.35181594407,0.0,209.0197260786979,6.207885864537327,0.20901972607869787,1.1550430063108845,0.0,216.5916746756248,56869.760141268445,0.37573279796457915,SellReason.RANK_EXIT
IOC,2024-02-22 00:00:00,6,2024-05-02 00:00:00,20,70,944.266625150118,163.39698852466017,154.84453194146892,154473.56347117558,146214.5235993205,-8259.039871855086,0.0,146.2145235993205,4.342571350899819,0.1462145235993205,0.8079814574098452,0.0,151.5112909312295,-8410.551162786316,-0.05346571728046012,SellReason.RANK_EXIT
MRPL,2024-01-24 00:00:00,6,2024-05-15 00:00:00,22,112,1024.1181214737808,164.7851133173307,204.20769655107105,168959.84525879077,209132.80258237076,40172.95732357999,0.0,209.13280258237077,6.211244236696412,0.20913280258237074,1.1556678670701808,0.0,216.70884748871973,39956.24847609127,0.23776630040142538,SellReason.RANK_EXIT
TORNTPOWER,2024-04-23 00:00:00,3,2024-05-17 00:00:00,20,24,98.79945808576298,1445.775134491939,1306.9670623448376,143011.44369448262,129127.63749561155,-13883.806198871069,0.0,129.12763749561154,3.835090833619663,0.12912763749561154,0.7135593248007494,0.0,133.80541529152754,-14017.611614162597,-0.09708178478731563,SellReason.RANK_EXIT
EIHOTEL,2024-04-23 00:00:00,1,2024-05-31 00:00:00,28,38,298.4364618509932,478.63387374225863,415.210036662811,143011.44369448262,123913.81426667048,-19097.629427812135,0.0,123.91381426667049,3.680240283720113,0.12391381426667047,0.684747737637621,0.0,128.40271610229487,-19226.032143914428,-0.1335391695549251,SellReason.RANK_EXIT
ADANIPOWER,2024-04-23 00:00:00,7,2024-06-14 00:00:00,22,52,1190.3483316806223,120.0,151.33999633789062,143011.44369448262,180147.31215735959,37135.86846287697,0.0,180.14731215735958,5.35037517107358,0.18014731215735957,0.9954940469815691,0.0,186.6733286875721,36949.195134189395,0.2596706074949558,SellReason.RANK_EXIT
BHEL,2023-12-04 00:00:00,8,2024-06-18 00:00:00,23,197,869.21624937938,174.58618272758625,307.5947311642086,151933.37426275382,267366.3385514121,115432.96428865829,0.0,267.3663385514121,7.940780254976939,0.2673663385514121,1.4774663868351032,0.0,277.05195153177556,115155.91233712652,0.7597604203078406,SellReason.RANK_EXIT
INDUSTOWER,2024-04-23 00:00:00,6,2024-06-20 00:00:00,21,58,396.9481655659173,359.8500061035156,335.75,143011.44369448262,133275.34658875674,-9736.097105725872,0.0,133.27534658875675,3.9582777936860754,0.13327534658875673,0.7364795652494698,0.0,138.10337929428107,-9874.200485020154,-0.0680791470543101,SellReason.RANK_EXIT
ARVIND,2024-05-22 00:00:00,8,2024-06-25 00:00:00,19,34,474.2661299096666,364.75,357.45001220703125,173194.01813190343,169526.4339255918,-3667.5842063116434,0.0,169.5264339255918,5.0349350875900765,0.16952643392559177,0.9368030738728202,0.0,175.66769852098028,-3843.2519048326235,-0.021176159811238025,SellReason.RANK_EXIT
BLUESTARCO,2024-06-24 00:00:00,8,2024-07-05 00:00:00,20,11,105.08412496021377,1672.7966994940796,1589.7417073078545,175993.14504714572,167056.61622520216,-8936.52882194356,0.0,167.05661622520216,4.961581501888504,0.16705661622520215,0.9231548612604671,0.0,173.10840920457633,-9109.637231148137,-0.05077770966334859,SellReason.RANK_EXIT
ABB,2024-05-22 00:00:00,5,2024-07-19 00:00:00,22,58,20.49423352891692,8440.841207380005,7794.581350007791,173194.0181319034,159743.97044720018,-13450.047684703226,0.0,159.74397044720018,4.7443959222818455,0.15974397044720018,0.8827451806912282,0.0,165.53085552062046,-13615.578540223847,-0.07765884659168633,SellReason.RANK_EXIT
CUMMINSIND,2024-04-23 00:00:00,8,2024-08-05 00:00:00,20,104,46.524953959387844,3070.219046887459,3362.3982843601075,143011.44369448262,156435.42537297867,13423.981678496057,0.0,156.43542537297867,4.646132133577467,0.15643542537297866,0.8644621606110802,0.0,162.1024550925402,13261.879223403517,0.09386648600774844,SellReason.RANK_EXIT
EXIDEIND,2024-06-24 00:00:00,5,2024-08-07 00:00:00,20,44,314.41884658342417,559.0771014931146,484.84846659845084,175993.14504714575,152445.49563562678,-23547.64941151897,0.0,152.44549563562677,4.527631220378115,0.15244549563562676,0.8424138088824735,0.0,157.96798616052297,-23705.617397679493,-0.13379867383590952,SellReason.RANK_EXIT
GODFRYPHLP,2024-06-24 00:00:00,6,2024-08-09 00:00:00,20,46,127.17929355040788,1382.1776524729348,1350.2677376609192,175993.14504714572,171726.0969796232,-4267.048067522526,0.0,171.7260969796232,5.100265080294809,0.17172609697962318,0.9489584119093978,0.0,177.94704656880702,-4444.995114091334,-0.024245535622307635,SellReason.RANK_EXIT
HINDZINC,2024-05-22 00:00:00,2,2024-08-16 00:00:00,20,86,242.57912092821067,713.122259750234,492.12861300754327,173194.0181319034,119380.12632698943,-53813.891804913976,0.0,119.38012632698943,3.545589751911586,0.11938012632698942,0.6596945780829435,0.0,123.70479078331095,-53937.59659569729,-0.3107144945614096,SellReason.RANK_EXIT
BEL,2024-05-22 00:00:00,6,2024-08-27 00:00:00,22,97,633.8148578062699,272.9323378175305,302.9159455268709,173194.01813190343,191992.62694136548,18798.60880946205,0.0,191.99262694136547,5.702181020158555,0.19199262694136549,1.0609512564779857,0.0,198.94775184494335,18599.661057617108,0.10854075107342999,SellReason.RANK_EXIT
HERITGFOOD,2024-06-24 00:00:00,2,2024-09-05 00:00:00,22,73,311.26051775594345,564.75,572.0,175993.14504714575,178041.01615639965,2047.8711092539015,0.0,178.04101615639965,5.28781817984507,0.17804101615639964,0.9838546552802644,0.0,184.49073000768138,1863.3803792462202,0.011636084511730895,SellReason.RANK_EXIT
POLICYBZR,2024-08-22 00:00:00,8,2024-09-06 00:00:00,25,15,88.82113341090385,1685.0,1721.75,149841.35550915322,152927.7864502237,3086.430941070488,0.0,152.92778645022372,4.541955257571644,0.1529277864502237,0.8450789479239362,0.0,158.46774844216952,2927.9631926283187,0.02059799132611257,SellReason.RANK_EXIT
MAZDOCK,2024-07-23 00:00:00,1,2024-09-18 00:00:00,26,57,62.942784370740206,2622.6176288705547,2063.7983684462756,165270.90454491597,129901.21568979937,-35369.688855116605,0.0,129.9012156897994,3.8580661059870414,0.12990121568979937,0.7178341179018313,0.0,134.60701712937808,-35504.29587224598,-0.21401037861146407,SellReason.RANK_EXIT
INDUSTOWER,2024-07-23 00:00:00,5,2024-09-20 00:00:00,19,59,389.3274903323144,424.0,393.0,165270.904544916,153005.70370059958,-12265.200844316423,0.0,153.00570370059958,4.544269399907807,0.15300570370059957,0.8455095186495132,0.0,158.5484883228575,-12423.749332639281,-0.07421270475943384,SellReason.RANK_EXIT
EDELWEISS,2024-09-24 00:00:00,4,2024-10-10 00:00:00,20,16,1134.9024038161356,141.6999969482422,118.5,161006.65744052816,134485.93485221206,-26520.7225883161,0.0,134.48593485221207,3.994232265110698,0.13448593485221205,0.7431692759933238,0.0,139.3578223281683,-26660.08041064427,-0.16471817383149012,SellReason.RANK_EXIT
TRENT,2024-03-22 00:00:00,3,2024-10-21 00:00:00,,213,41.2237169779309,3999.9436768841015,7803.955616478243,165088.37819004135,321708.0576420334,156619.67945199204,0.0,321.7080576420334,9.55472931196839,0.32170805764203336,1.7777587265298762,0.0,333.3622537381737,156286.31719825388,0.948702029598349,SellReason.MARKET_EXIT
BASF,2024-07-23 00:00:00,4,2024-10-21 00:00:00,,90,29.19095595064568,5655.0,8020.0,165270.904544916,234111.46672417835,68840.56217926234,0.0,234.11146672417834,6.953110561708097,0.23411146672417835,1.2936999651178094,0.0,242.59238871772843,68597.96979054461,0.41653164765340417,SellReason.MARKET_EXIT
GODFRYPHLP,2024-08-22 00:00:00,1,2024-10-21 00:00:00,,60,81.71427950417844,1831.5478115391081,2214.037207020555,149841.35550915322,180918.4551671282,31077.09965797499,0.0,180.9184551671282,5.373278118463708,0.1809184551671282,0.9997553832535505,0.0,187.4724071240126,30889.62725085098,0.20740001685366904,SellReason.MARKET_EXIT
DEEPAKFERT,2024-08-22 00:00:00,3,2024-10-21 00:00:00,,60,143.36696079248546,1043.9198053029913,1013.243882128085,149841.35550915322,145265.69592228293,-4575.659586870286,0.0,145.26569592228293,4.314391168891803,0.14526569592228292,0.8027382356665355,0.0,150.52809102276356,-4726.18767789305,-0.030536693767367694,SellReason.MARKET_EXIT
SUZLON,2024-08-22 00:00:00,4,2024-10-21 00:00:00,,60,1888.9764414515275,79.2300033569336,72.48999786376953,149841.35550915322,136931.8982055322,-12909.45730362102,0.0,136.9318982055322,4.066877376704307,0.1369318982055322,0.7566856694837709,0.0,141.89239314992582,-13051.349696770947,-0.08615416791816484,SellReason.MARKET_EXIT
KALYANKJIL,2024-09-24 00:00:00,2,2024-10-21 00:00:00,,27,208.9200093743628,769.74755859375,722.7849912635171,161006.65744052816,151004.2471504227,-10002.410290105443,0.0,151.0042471504227,4.484826140367555,0.1510042471504227,0.8344494697532359,0.0,156.4745270076939,-10158.884817113138,-0.062124203117502046,SellReason.MARKET_EXIT
CHOLAHLDNG,2024-09-24 00:00:00,6,2024-10-21 00:00:00,,27,79.61337229164951,2019.9579860551485,1983.6329326446712,161006.65744052816,157923.70715661673,-3082.9502839114284,0.0,157.92370715661673,4.690334102551517,0.15792370715661672,0.872686405747464,0.0,163.6446513720723,-3246.5949352835005,-0.01914796774816714,SellReason.MARKET_EXIT
ABREL,2024-09-24 00:00:00,7,2024-10-21 00:00:00,,27,56.477163275246205,2847.4459025774795,3047.2164548358946,161006.65744052816,172098.14125478372,11091.483814255567,0.0,172.09814125478374,5.111314795267076,0.1720981412547837,0.9510143285739349,0.0,178.33256851987954,10913.151245735688,0.06888835524302767,SellReason.MARKET_EXIT
HERITGFOOD,2024-09-24 00:00:00,8,2024-10-21 00:00:00,,27,260.3037719890505,617.7999877929688,630.0499877929688,161006.65744052816,164004.388364165,2997.7309236368455,0.0,164.004388364165,4.870930334415701,0.164004388364165,0.9062882501003758,0.0,169.94561133704525,2827.7853122998004,0.018618676837907355,SellReason.MARKET_EXIT
INDHOTEL,2025-04-21 00:00:00,10,2025-04-28 00:00:00,21,7,214.69705250162906,835.8089731354054,775.356753260224,179658.83897250379,166466.80956220295,-13192.029410300835,0.0,166.46680956220294,4.944064243997428,0.16646680956220294,0.9198955896407335,0.0,172.49723620540328,-13364.526646506238,-0.07342822365850774,SellReason.RANK_EXIT
DEEPAKFERT,2025-04-21 00:00:00,4,2025-05-07 00:00:00,48,16,139.58199693951678,1285.5936074932474,1197.822034599448,179658.83897250379,167194.3915675459,-12464.447404957871,0.0,167.19439156754592,4.965673429556114,0.1671943915675459,0.9239162078022587,0.0,173.25117559647182,-12637.698580554343,-0.06937842566635709,SellReason.RANK_EXIT
SHREECEM,2025-04-21 00:00:00,8,2025-05-08 00:00:00,20,17,5.816310043401236,30852.15912624378,29553.381035694172,179658.83897250379,171891.62693437163,-7767.212038132158,0.0,171.89162693437163,5.105181319950837,0.17189162693437163,0.9498731304393375,0.0,178.11857301169618,-7945.330611143854,-0.0432331194087306,SellReason.RANK_EXIT
SRF,2025-04-21 00:00:00,6,2025-05-15 00:00:00,23,24,60.19680735179535,2980.98405681033,2865.947665081781,179658.83897250379,172520.89947525566,-7137.939497248124,0.0,172.52089947525567,5.1238707144150935,0.17252089947525565,0.9533504905002628,0.0,178.77064157964628,-7316.710138827771,-0.039730522239100986,SellReason.RANK_EXIT
CHAMBLFERT,2025-04-21 00:00:00,2,2025-05-27 00:00:00,27,36,270.4385428487681,663.5360518375985,575.0874799693158,179658.83897250379,155525.8200934719,-24133.01887903188,0.0,155.5258200934719,4.619116856776116,0.1555258200934719,0.8594356818365259,0.0,161.159898452178,-24294.178777484056,-0.13432692216565734,SellReason.RANK_EXIT
GODREJIND,2025-05-22 00:00:00,7,2025-05-30 00:00:00,27,8,145.7742709305659,1160.300048828125,1175.0,169342.77247824572,171284.76834341494,1941.995865169214,0.0,171.28476834341495,5.087157619799424,0.17128476834341494,0.9465196298657109,0.0,177.4897303614235,1764.5061348077907,0.011467840267104925,SellReason.RANK_EXIT
CHOLAFIN,2025-05-22 00:00:00,8,2025-06-03 00:00:00,25,12,102.47780484614495,1650.5222172992592,1586.0993945194227,169342.77247824572,162539.98421815006,-6802.7882600956655,0.0,162.53998421815007,4.827437531279057,0.16253998421815005,0.8981959527894973,0.0,168.42815768643678,-6971.216417782102,-0.04017170712714989,SellReason.RANK_EXIT
INDIGO,2025-04-21 00:00:00,9,2025-06-16 00:00:00,29,56,33.323873019696656,5384.899974877479,5271.092356595448,179658.83897250379,175653.21236628032,-4005.6266062234645,0.0,175.65321236628031,5.216900407278525,0.17565321236628031,0.970659651536065,0.0,182.0164256374612,-4187.6430318609255,-0.022295739130522338,SellReason.RANK_EXIT
SBICARD,2025-04-21 00:00:00,7,2025-07-02 00:00:00,19,72,198.6918008442902,903.136023852398,918.7313715018048,179658.83897250379,182544.3906958382,2885.5517233344144,0.0,182.54439069583822,5.421568403666394,0.1825443906958382,1.0087403029852018,0.0,189.15724379318561,2696.394479541229,0.016061284486960526,SellReason.RANK_EXIT
BAJFINANCE,2025-04-21 00:00:00,3,2025-07-03 00:00:00,21,73,198.1056631349539,905.8081437295533,916.3668704010717,179658.83897250379,181537.46653570666,1878.62756320287,0.0,181.53746653570667,5.391662756110487,0.18153746653570665,1.0031760400763148,0.0,188.11384279842918,1690.5137204044408,0.010456638671089197,SellReason.RANK_EXIT
COROMANDEL,2025-04-21 00:00:00,5,2025-07-04 00:00:00,23,74,84.2043762443111,2131.0735972432103,2233.3799204302713,179658.83897250379,188060.36311640017,8401.524143896386,0.0,188.06036311640017,5.585392784557085,0.18806036311640018,1.0392215665812272,0.0,194.87303783065488,8206.65110606573,0.04676376732670644,SellReason.RANK_EXIT
COCHINSHIP,2025-06-24 00:00:00,6,2025-07-15 00:00:00,25,21,74.03775621167657,2240.500986934672,1918.441227245363,166078.67270229495,142037.0838892218,-24041.588813073147,0.0,142.0370838892218,4.2185013915098875,0.1420370838892218,0.7848969255718397,0.0,147.18251929019274,-24188.77133236334,-0.14476024176908617,SellReason.RANK_EXIT
MAZDOCK,2025-05-22 00:00:00,2,2025-07-16 00:00:00,20,55,49.7121603374261,3402.424930450678,3104.5783999864216,169342.77247824572,154335.29920023476,-15007.473278010963,0.0,154.33529920023477,4.583758386246973,0.15433529920023475,0.8528568633804974,0.0,159.9262497490625,-15167.399527760024,-0.08862187064959544,SellReason.RANK_EXIT
BAJFINANCE,2025-07-22 00:00:00,9,2025-07-28 00:00:00,20,6,178.39461513062088,949.165268057785,903.69476891972,169527.07010878803,161214.28049698882,-8312.789611799206,0.0,161.21428049698883,4.788064130760568,0.16121428049698883,0.8908701140263602,0.0,167.05442902227276,-8479.84404082148,-0.04903517536441092,SellReason.RANK_EXIT
GODFRYPHLP,2025-04-21 00:00:00,1,2025-08-04 00:00:00,,105,70.8316047517965,2533.4132074994886,2920.949928882604,179658.83897250379,206895.57086240072,27236.73188989694,0.0,206.89557086240072,6.144798454613301,0.2068955708624007,1.1433049245856262,0.0,214.39056981246205,27022.341320084477,0.15160251533221494,SellReason.MARKET_EXIT
BEL,2025-05-22 00:00:00,3,2025-08-04 00:00:00,,74,444.53269751534873,380.49370636629004,376.5199036034637,169342.77247824572,167375.4084170668,-1967.3640611789306,0.0,167.3754084170668,4.971049629986884,0.16737540841706677,0.9249165069127111,0.0,173.43874996238347,-2140.802811141314,-0.01161764409775247,SellReason.MARKET_EXIT
MFSL,2025-06-24 00:00:00,2,2025-08-04 00:00:00,,41,103.03209059794409,1610.0,1453.0999755859375,166078.67270229495,149715.92833244067,-16362.744369854277,0.0,149.71592833244068,4.446563071473488,0.14971592833244066,0.8273302199650671,0.0,155.13953755221166,-16517.88390740649,-0.09852405551906948,SellReason.MARKET_EXIT
DEEPAKFERT,2025-06-24 00:00:00,3,2025-08-04 00:00:00,,41,107.09588923077631,1548.9078717600332,1543.9433370692714,166078.67270229495,165349.9846053658,-728.6880969291378,0.0,165.34998460536582,4.910894542779364,0.1653499846053658,0.9137240149292515,0.0,171.3399531476798,-900.0280500768176,-0.004387607903366081,SellReason.MARKET_EXIT
ABCAPITAL,2025-06-24 00:00:00,5,2025-08-04 00:00:00,,41,616.6604678910409,269.0,251.5,166078.67270229495,155090.10767459677,-10988.565027698176,0.0,155.09010767459677,4.6061761979355245,0.15509010767459677,0.8570279350098218,0.0,160.7084019152167,-11149.273429613393,-0.06616481724535321,SellReason.MARKET_EXIT
RAMCOCEM,2025-07-22 00:00:00,6,2025-08-04 00:00:00,,13,147.5453616715293,1147.6197609483695,1159.599155670651,169527.07010878803,171093.4768174262,1566.4067086381838,0.0,171.09347681742622,5.081476261477558,0.1710934768174262,0.9454625528930972,0.0,177.2915091086143,1389.1151995295695,0.009239861855885302,SellReason.MARKET_EXIT
HDFCAMC,2025-07-22 00:00:00,7,2025-08-04 00:00:00,,13,61.24937677484194,2764.5338060006425,2747.1636700713225,169527.07010878803,168262.06269035602,-1265.007418432011,0.0,168.26206269035603,4.997383261903574,0.168262062690356,0.9298161584269073,0.0,174.35752417337687,-1439.364942605388,-0.0074619788899804446,SellReason.MARKET_EXIT
DELHIVERY,2025-07-22 00:00:00,8,2025-08-04 00:00:00,,13,389.70304416690715,434.5,440.0,169527.07010878803,171469.33943343913,1942.2693246511044,0.0,171.46933943343913,5.092639381173142,0.17146933943343912,0.9475395697091845,0.0,177.6809877237549,1764.5883369273495,0.011456986329113818,SellReason.MARKET_EXIT
MUTHOOTFIN,2025-07-22 00:00:00,10,2025-08-04 00:00:00,,13,63.63957417458005,2660.7024777698166,2570.2672184939497,169527.07010878803,163570.71129983725,-5956.358808950783,0.0,163.57071129983726,4.858050125605167,0.16357071129983725,0.9038917506429007,0.0,169.49622388738516,-6125.855032838168,-0.03513514865282871,SellReason.MARKET_EXIT
ADANIPOWER,2025-09-22 00:00:00,9,2025-10-09 00:00:00,21,17,1131.1101005018827,148.1999969482422,149.39999389648438,167829.5972743613,168987.8421112331,1158.2448368718033,0.0,168.9878421112331,5.018938910703623,0.16898784211123308,0.933826815506674,0.0,175.10959567955462,983.1352411922487,0.006901314521885849,SellReason.RANK_EXIT
POLYCAB,2025-09-22 00:00:00,10,2025-10-17 00:00:00,21,25,22.311020453876996,7513.35035477392,7557.1427867742495,167829.5972743613,168607.5672885893,777.9700142279908,0.0,168.60756728858928,5.007644748471102,0.16860756728858928,0.9317254168367444,0.0,174.71554502118573,603.254469206805,0.004635475666167486,SellReason.RANK_EXIT
HDFCAMC,2025-09-22 00:00:00,6,2025-10-21 00:00:00,21,29,58.31385275897821,2874.6259338300356,2808.3259937154376,167829.5972743613,163764.3084967332,-4065.2887776280986,0.0,163.7643084967332,4.863799962352976,0.16376430849673318,0.9049615687529478,0.0,169.69683433633585,-4234.985611964435,-0.024222716634315238,SellReason.RANK_EXIT
GODFRYPHLP,2025-09-22 00:00:00,2,2025-10-24 00:00:00,27,32,47.90452137143252,3499.2628804860583,3169.820978937927,167829.5972743613,151848.75682914708,-15980.840445214213,0.0,151.84875682914708,4.509908077825668,0.15184875682914709,0.8391162302378666,0.0,157.34962989403974,-16138.190075108252,-0.09522063274149051,SellReason.RANK_EXIT
ADANIPOWER,2025-10-23 00:00:00,7,2025-11-04 00:00:00,21,12,974.8535074232113,171.0500030517578,156.0,166946.73197383952,152077.14715802096,-14869.584815818554,0.0,152.07714715802098,4.516691270593222,0.15207714715802095,0.8403783151952238,0.0,157.58629389096743,-15027.171109709521,-0.08906784002305965,SellReason.RANK_EXIT
EICHERMOT,2025-09-22 00:00:00,4,2025-11-06 00:00:00,21,45,23.94721620607213,7000.0,6945.0,167829.5972743613,166313.41655117096,-1516.1807231903367,0.0,166.31341655117097,4.939508471569778,0.16631341655117096,0.9190479398617708,0.0,172.3382863791537,-1688.5190095694904,-0.009034048509999958,SellReason.RANK_EXIT
HEROMOTOCO,2025-09-22 00:00:00,7,2025-11-06 00:00:00,20,45,31.59509710198523,5305.586271864065,5250.166691985293,167829.5972743613,165879.5264348839,-1950.0708394773828,0.0,165.87952643488393,4.926621935116052,0.1658795264348839,0.9166502630791684,0.0,171.88867815951403,-2121.9595176368966,-0.011619350049976482,SellReason.RANK_EXIT
DELHIVERY,2025-09-22 00:00:00,1,2025-11-07 00:00:00,33,46,350.6914507165375,478.0,434.8999938964844,167829.5972743613,152515.7097761714,-15313.887498189899,0.0,152.5157097761714,4.52971658035229,0.15251570977617138,0.8428018122231231,0.0,158.040743878523,-15471.928242068421,-0.09124664389890272,SellReason.RANK_EXIT
FORTIS,2025-09-22 00:00:00,3,2025-11-14 00:00:00,23,53,176.45317204474202,950.0,950.0,167829.5972743613,167630.51344250492,-199.0838318563765,0.0,167.63051344250493,4.978626249242396,0.1676305134425049,0.9263262172832821,0.0,173.7030964224731,-372.7869282788496,-0.0011862259999999999,SellReason.RANK_EXIT
CHENNPETRO,2025-11-24 00:00:00,2,2025-12-19 00:00:00,22,25,156.45025031842772,1016.4477104505057,891.9837146064998,159212.36057721244,139551.07543014787,-19661.28514706457,0.0,139.55107543014788,4.144666940275392,0.13955107543014786,0.771159242826997,0.0,144.6064526886804,-19805.89159975325,-0.12349094678192106,SellReason.RANK_EXIT
CUMMINSIND,2025-09-22 00:00:00,8,2026-01-07 00:00:00,22,107,41.151702776544944,4073.4769677148947,4111.603594362969,167829.5972743613,169199.48905019875,1369.8917758374591,0.0,169.19948905019876,5.025224824790903,0.16919948905019874,0.9349963764913982,0.0,175.32890974053126,1194.5628660969278,0.008162396848262785,SellReason.RANK_EXIT
ABCAPITAL,2025-09-22 00:00:00,5,2026-01-27 00:00:00,,127,584.0784440505398,287.0,348.20001220703125,167829.5972743613,203376.12134826177,35546.52407390048,0.0,203.3761213482618,6.040270804043375,0.20337612134826177,1.1238564465704945,0.0,210.74362472022395,35335.78044918026,0.21180128327299985,SellReason.MARKET_EXIT
LTF,2025-10-23 00:00:00,2,2026-01-27 00:00:00,,96,627.0817299202806,265.91222078971344,285.06502314307625,166946.73197383952,178759.0678523251,11812.33587848558,0.0,178.7590678523251,5.309144315214056,0.1787590678523251,0.9878226089519485,0.0,185.23479384434344,11627.101084641237,0.0707551189461832,SellReason.MARKET_EXIT
MUTHOOTFIN,2025-10-23 00:00:00,6,2026-01-27 00:00:00,,96,51.72361193369281,3223.840895595631,3796.895453280028,166946.73197383952,196389.14697825882,29442.41500441931,0.0,196.38914697825882,5.832757665254287,0.19638914697825882,1.0852464262018582,0.0,203.5035402166932,29238.911464202614,0.17635813924787053,SellReason.MARKET_EXIT
CANBK,2025-11-24 00:00:00,5,2026-01-27 00:00:00,,64,1125.1323894007196,141.3375885661555,148.0172423317335,159212.36057721244,166538.99353720868,7326.632959996234,0.0,166.53899353720868,4.946208108055098,0.16653899353720866,0.9202944782866151,0.0,172.5720351170876,7154.060924879146,0.04601799089865936,SellReason.MARKET_EXIT
HEROMOTOCO,2025-11-24 00:00:00,7,2026-01-27 00:00:00,,64,27.007012754021147,5888.229852888744,5314.414600698478,159212.36057721244,143526.46290122002,-15685.897675992426,0.0,143.52646290122001,4.262735948166235,0.14352646290122,0.7931272339921418,0.0,148.7258525462796,-15834.623528538707,-0.09852185859894536,SellReason.MARKET_EXIT
EICHERMOT,2025-11-24 00:00:00,8,2026-01-27 00:00:00,,64,22.236383798584125,7151.5,7020.0,159212.36057721244,156099.41426606057,-3112.9463111518708,0.0,156.09941426606056,4.636152603701999,0.15609941426606055,0.8626053632342506,0.0,161.75427164726287,-3274.700582799134,-0.019552164793399947,SellReason.MARKET_EXIT
AUBANK,2025-11-24 00:00:00,9,2026-01-27 00:00:00,,64,173.72972412413037,915.3499755859375,970.5999755859375,159212.36057721247,168622.0659934326,9409.705416220124,0.0,168.62206599343259,5.008075360004948,0.1686220659934326,0.9318055366797086,0.0,174.7305689561107,9234.974847264013,0.059101601044704966,SellReason.MARKET_EXIT
NATIONALUM,2025-11-24 00:00:00,10,2026-01-27 00:00:00,,64,645.5634728495498,246.33286334128638,369.06684504154407,159212.36057721247,238256.07419864586,79043.71362143339,0.0,238.25607419864588,7.076205403699782,0.23825607419864586,1.316603066021717,0.0,246.88713874256604,78796.82648269083,0.49646719221338304,SellReason.MARKET_EXIT
ASHOKLEY,2025-12-23 00:00:00,3,2026-01-27 00:00:00,,35,799.7312434492576,174.10986820877494,189.03523917759557,139406.46897745918,151177.3868832263,11770.917905767128,0.0,151.17738688322632,4.489968390431821,0.1511773868832263,0.8354062399167086,0.0,156.6539389004581,11614.26396686667,0.08443595187588018,SellReason.MARKET_EXIT
HINDZINC,2026-01-22 00:00:00,2,2026-01-27 00:00:00,,5,247.70637792692747,681.547486584596,719.8477125036038,169024.16014045823,178310.86952325192,9286.709382793691,0.0,178.31086952325194,5.295832824840582,0.17831086952325192,0.9853458649854901,0.0,184.77035908260126,9101.939023711091,0.054943088461889014,SellReason.MARKET_EXIT
FEDERALBNK,2026-04-20 00:00:00,7,2026-04-30 00:00:00,22,10,605.4853431564583,293.5,284.70001220703125,177921.0027358118,172381.68458782218,-5539.31814798963,0.0,172.38168458782218,5.119736032258319,0.17238168458782216,0.9525811890323055,0.0,178.62638349370064,-5717.944531483331,-0.03113358211124043,SellReason.RANK_EXIT
HINDALCO,2026-04-20 00:00:00,8,2026-05-05 00:00:00,21,15,172.36658410904028,1031.0,1036.300048828125,177921.0027358118,178623.49952853555,702.4967927237449,0.0,178.62349952853555,5.305117935997506,0.17862349952853554,0.9870734583946875,0.0,185.09431442245628,517.4024783012886,0.003948363497966881,SellReason.RANK_EXIT
ABB,2026-04-20 00:00:00,6,2026-05-12 00:00:00,31,22,25.29403415307678,7025.765330312238,6360.0,177921.0027358118,160870.05721356833,-17050.945522243477,0.0,160.87005721356834,4.777840699242979,0.1608700572135683,0.8889679361621785,0.0,166.69773590618706,-17217.643258149663,-0.0958343605311273,SellReason.RANK_EXIT
AUROPHARMA,2026-05-22 00:00:00,7,2026-06-17 00:00:00,23,26,112.00400271320592,1520.0,1400.0,170448.27429870126,156805.6037984883,-13642.67050021296,0.0,156.8056037984883,4.657126432815103,0.1568056037984883,0.8665077665904463,0.0,162.48604360169233,-13805.156543814652,-0.08003994499999999,SellReason.RANK_EXIT
CUMMINSIND,2026-04-20 00:00:00,5,2026-06-25 00:00:00,21,66,34.34672365991892,5174.0,5555.5,177921.0027358118,190813.22329267958,12892.220556867775,0.0,190.8132232926796,5.667152731792584,0.19081322329267958,1.0544338719153474,0.0,197.7256231196802,12694.494933748094,0.07246036363683801,SellReason.RANK_EXIT
NATIONALUM,2026-04-20 00:00:00,1,2026-06-29 00:00:00,30,70,412.45999632368756,430.8537792764719,334.04998779296875,177921.0027358118,137782.25673701576,-40138.74599879605,0.0,137.78225673701576,4.092133025089368,0.13778225673701575,0.7613847507287492,0.0,142.7735567695709,-40281.51955556562,-0.2255986948229859,SellReason.RANK_EXIT
HINDCOPPER,2026-04-20 00:00:00,4,2026-06-30 00:00:00,28,71,312.31976839441216,569.0,497.04998779296875,177921.0027358118,155238.5370679454,-22682.465667866403,0.0,155.2385370679454,4.610584550917979,0.1552385370679454,0.8578481558374663,0.0,160.86220831176882,-22843.327876178173,-0.1274861613811088,SellReason.RANK_EXIT
GVT&D,2026-04-20 00:00:00,2,2026-07-06 00:00:00,26,77,42.731065827241466,4158.7998046875,4451.10009765625,177921.0027358118,190200.25127659013,12279.248540778324,0.0,190.20025127659014,5.648947462914727,0.19020025127659013,1.051046588554437,0.0,197.0904455793359,12082.158095198989,0.06901517163216148,SellReason.RANK_EXIT
POLYCAB,2026-06-23 00:00:00,7,2026-07-09 00:00:00,20,16,15.610606496970284,10022.5,9280.0,156643.1177548866,144866.42829188425,-11776.689463002345,0.0,144.86642829188426,4.302532920268963,0.14486642829188423,0.8005318827409523,0.0,150.11435952318607,-11926.803822525531,-0.07518165899526066,SellReason.RANK_EXIT
ADANIPOWER,2026-04-20 00:00:00,3,2026-07-24 00:00:00,23,95,895.2642227527482,198.5,212.22000122070312,177921.0027358118,189992.97444544005,12071.97170962824,0.0,189.99297444544004,5.64279134102957,0.18999297444544005,1.0499011767855018,0.0,196.87565993770056,11875.096049690539,0.06785017802284678,SellReason.RANK_EXIT
