universe,symbol,closed_invested_amount,closed_trades,average_closed_holding_days,max_closed_holding_days,realized_pnl,winning_trades,losing_trades,total_transaction_cost,open_invested_amount,open_market_value,unrealized_pnl,current_holding_days,total_invested_amount,total_pnl,total_return_pct
NIFTY100,ABB,2321290.720363406,2.0,14.5,22.0,-188865.8206496344,1.0,1.0,4965.541627093968,0.0,0.0,0.0,0.0,2321290.720363406,-188865.8206496344,-0.08136241574259463
NIFTY100,ADANIENSOL,801633.2931511353,2.0,74.5,81.0,86792.40198187996,2.0,0.0,1872.4830085248943,1905617.5616610255,2475989.4433368137,570371.8816757882,109.0,2707250.854812161,657164.2836576682,0.24274229426857624
NIFTY100,ADANIENT,1192078.6323926128,3.0,57.666666666666664,112.0,242596.56744185736,2.0,1.0,2902.264512422178,0.0,0.0,0.0,0.0,1192078.6323926128,242596.56744185736,0.20350718555783814
NIFTY100,APARINDS,1073913.36576473,2.0,153.0,181.0,674433.5559233037,2.0,0.0,3087.4657533775608,1731024.4754406502,2186190.8644555495,455166.38901489927,77.0,2804937.84120538,1129599.9449382029,0.402718352023364
NIFTY100,APOLLOHOSP,744811.0238897039,2.0,4.0,6.0,-20087.02480053634,1.0,1.0,1635.2710422887335,0.0,0.0,0.0,0.0,744811.0238897039,-20087.02480053634,-0.026969290405549833
NIFTY100,ARVIND,2423592.346672802,4.0,34.75,80.0,259080.20083090803,2.0,2.0,5657.666844311294,1731024.4754406502,1972071.825970113,241047.3505294628,77.0,4154616.8221134525,500127.5513603708,0.1203787431607125
NIFTY100,BALRAMCHIN,2203070.8443874037,2.0,11.0,16.0,-9827.878899846866,1.0,1.0,4888.392769528367,0.0,0.0,0.0,0.0,2203070.8443874037,-9827.878899846866,-0.004460990859592467
NIFTY100,BANKBARODA,983945.222602213,2.0,24.0,34.0,87154.54189700104,2.0,0.0,2278.234131916848,0.0,0.0,0.0,0.0,983945.222602213,87154.54189700104,0.0885766198107104
NIFTY100,BANKINDIA,1217055.6563570332,2.0,20.5,34.0,17071.2181786492,1.0,1.0,2723.863953709508,0.0,0.0,0.0,0.0,1217055.6563570332,17071.2181786492,0.014026653661631083
NIFTY100,BASF,1086131.9711003706,2.0,48.0,67.0,56508.36909111723,1.0,1.0,2473.659811829043,0.0,0.0,0.0,0.0,1086131.9711003706,56508.36909111723,0.05202716667466115
NIFTY100,BHARTIARTL,1284436.6949757137,1.0,21.0,21.0,-13823.639122410212,0.0,1.0,2841.6402415467255,0.0,0.0,0.0,0.0,1284436.6949757137,-13823.639122410212,-0.010762413730846883
NIFTY100,CANBK,1790800.0582172873,1.0,64.0,64.0,102742.12955674925,1.0,0.0,4088.466564031534,0.0,0.0,0.0,0.0,1790800.0582172873,102742.12955674925,0.057372194670926795
NIFTY100,DMART,358850.88944094896,1.0,3.0,3.0,-8971.747466060275,0.0,1.0,788.6081963913139,0.0,0.0,0.0,0.0,358850.88944094896,-8971.747466060275,-0.02500132431059957
NIFTY100,GOLDBEES,20524866.833773628,6.0,119.16666666666667,238.0,1781952.7096522057,5.0,1.0,47486.01418566053,0.0,0.0,0.0,0.0,20524866.833773628,1781952.7096522057,0.08681920930760954
NIFTY100,HDFCAMC,1432554.7813070086,1.0,13.0,13.0,5672.468708845554,1.0,0.0,3191.2081174166524,0.0,0.0,0.0,0.0,1432554.7813070086,5672.468708845554,0.003959687114841227
NIFTY100,HINDZINC,2899499.891182511,2.0,47.0,89.0,-295803.6929131006,1.0,1.0,6140.278510791857,0.0,0.0,0.0,0.0,2899499.891182511,-295803.6929131006,-0.10201886670616916
NIFTY100,IDFCFIRSTB,628327.7013422354,1.0,39.0,39.0,39174.94318800338,1.0,0.0,1437.7397351842174,0.0,0.0,0.0,0.0,628327.7013422354,39174.94318800338,0.062347948537550955
NIFTY100,INDIGO,2739581.853087828,2.0,19.0,25.0,-54723.22329837689,0.0,2.0,6034.769437622648,0.0,0.0,0.0,0.0,2739581.853087828,-54723.22329837689,-0.019975027662231533
NIFTY100,IOC,1310838.7178758164,1.0,74.0,74.0,-112806.32539399876,0.0,1.0,2797.671021712215,0.0,0.0,0.0,0.0,1310838.7178758164,-112806.32539399876,-0.08605660166705999
NIFTY100,LUPIN,667502.6445302388,1.0,69.0,69.0,28420.718742004945,1.0,0.0,1513.6909078507947,0.0,0.0,0.0,0.0,667502.6445302388,28420.718742004945,0.042577687107151894
NIFTY100,MUTHOOTFIN,3421417.171924634,2.0,56.5,99.0,78080.68594179349,1.0,1.0,7688.606207196494,0.0,0.0,0.0,0.0,3421417.171924634,78080.68594179349,0.022821153346194004
NIFTY100,NH,1544742.7165094335,1.0,125.0,125.0,124106.02003239887,1.0,0.0,3563.5122335313763,0.0,0.0,0.0,0.0,1544742.7165094335,124106.02003239887,0.08034089994794352
NIFTY100,NYKAA,1876674.4554152004,1.0,14.0,14.0,-85874.39719791315,0.0,1.0,4083.758505510861,0.0,0.0,0.0,0.0,1876674.4554152004,-85874.39719791315,-0.04575881392221224
NIFTY100,OFSS,2281137.2868695315,2.0,80.5,126.0,68591.94808208523,1.0,1.0,5143.320558060055,0.0,0.0,0.0,0.0,2281137.2868695315,68591.94808208523,0.03006918894224726
NIFTY100,PAYTM,3203305.907582356,2.0,60.5,94.0,-62186.29031906347,0.0,2.0,7058.130890857001,0.0,0.0,0.0,0.0,3203305.907582356,-62186.29031906347,-0.01941316006437786
NIFTY100,PFC,2798458.2114425614,3.0,96.0,181.0,457845.05985816475,1.0,2.0,6697.370133136252,0.0,0.0,0.0,0.0,2798458.2114425614,457845.05985816475,0.1636061807126835
NIFTY100,RECLTD,2144286.088738211,2.0,85.0,142.0,305975.306669182,2.0,0.0,5085.266207027595,0.0,0.0,0.0,0.0,2144286.088738211,305975.306669182,0.14269332262899254
NIFTY100,SBICARD,1544742.7165094335,1.0,93.0,93.0,49753.79025128018,1.0,0.0,3486.3866002877735,0.0,0.0,0.0,0.0,1544742.7165094335,49753.79025128018,0.03220846405005616
NIFTY100,SHRIRAMFIN,1905617.5616610255,1.0,9.0,9.0,-156252.2674331169,0.0,1.0,4075.111253588726,0.0,0.0,0.0,0.0,1905617.5616610255,-156252.2674331169,-0.08199560634659565
NIFTY100,TRENT,1105559.5892553239,1.0,169.0,169.0,710936.1840089536,1.0,0.0,3195.6961900681677,0.0,0.0,0.0,0.0,1105559.5892553239,710936.1840089536,0.6430555086477263
NIFTY200,ABCAPITAL,491528.1657852146,2.0,70.0,127.0,60283.12743750715,2.0,0.0,1155.457829014093,0.0,0.0,0.0,0.0,491528.1657852146,60283.12743750715,0.12264429921570223
NIFTY200,ADANIPOWER,368949.85717644973,2.0,118.0,141.0,31040.51983258703,2.0,0.0,852.5682825979152,0.0,0.0,0.0,0.0,368949.85717644973,31040.51983258703,0.08413208252779442
NIFTY200,AJANTPHARM,0.0,0.0,0.0,0.0,0.0,0.0,0.0,0.0,244673.46129264613,236369.31677033575,-8304.14452231038,16.0,244673.46129264613,-8304.14452231038,-0.0339397026487399
NIFTY200,ARVIND,215375.42356725773,1.0,34.0,34.0,-4690.905176672997,0.0,1.0,474.027163133498,0.0,0.0,0.0,0.0,215375.42356725773,-4690.905176672997,-0.02178013210132174
NIFTY200,ASHOKLEY,229878.9969316054,1.0,5.0,5.0,9020.609740107117,1.0,0.0,520.4992148019991,0.0,0.0,0.0,0.0,229878.9969316054,9020.609740107117,0.039240686885331104
NIFTY200,ATGL,237459.88195130083,2.0,70.5,78.0,13301.359694290382,2.0,0.0,541.7959420899499,0.0,0.0,0.0,0.0,237459.88195130083,13301.359694290382,0.05601518700753955
NIFTY200,BEL,215375.42356725773,1.0,97.0,97.0,18695.55276045759,1.0,0.0,498.28595648826195,0.0,0.0,0.0,0.0,215375.42356725773,18695.55276045759,0.08680448516735856
NIFTY200,BHEL,207869.98643566697,1.0,146.0,146.0,102076.08116405638,1.0,0.0,568.0881106267913,244673.46129264613,243586.31785344463,-1087.1434392014926,16.0,452543.4477283131,100988.93772485488,0.2231585458408496
NIFTY200,CHAMBLFERT,244468.88146030912,1.0,35.0,35.0,-33058.05515283247,0.0,1.0,509.2919791561326,0.0,0.0,0.0,0.0,244468.88146030912,-33058.05515283247,-0.13522398006389877
NIFTY200,CHENNPETRO,543579.2995806739,3.0,49.0,62.0,-18901.028139584814,1.0,2.0,1189.0571299310732,0.0,0.0,0.0,0.0,543579.2995806739,-18901.028139584814,-0.03477142737805759
NIFTY200,COFORGE,120000.0,1.0,58.0,58.0,15244.936488124687,1.0,0.0,282.63681138308664,0.0,0.0,0.0,0.0,120000.0,15244.936488124687,0.12704113740103906
NIFTY200,COROMANDEL,244468.88146030912,1.0,74.0,74.0,9236.24315271515,1.0,0.0,553.1638919287816,0.0,0.0,0.0,0.0,244468.88146030912,9236.24315271515,0.03778085414202177
NIFTY200,CUMMINSIND,710267.4757015859,3.0,61.666666666666664,75.0,-5311.803501260118,1.0,2.0,1573.7888844545862,0.0,0.0,0.0,0.0,710267.4757015859,-5311.803501260118,-0.007478595997955897
NIFTY200,CYIENT,120753.65423079379,1.0,61.0,61.0,6374.874532948452,1.0,0.0,275.1116587668221,0.0,0.0,0.0,0.0,120753.65423079379,6374.874532948452,0.05279239434662818
NIFTY200,DALMIASUG,120000.0,1.0,45.0,45.0,-2366.884713024294,0.0,1.0,264.3680537854945,0.0,0.0,0.0,0.0,120000.0,-2366.884713024294,-0.01972403927520245
NIFTY200,DEEPAKFERT,917596.472460765,5.0,32.8,60.0,-50611.963162817396,0.0,5.0,1987.8005859695659,0.0,0.0,0.0,0.0,917596.472460765,-50611.963162817396,-0.05515710302055622
NIFTY200,DELHIVERY,261957.78734134248,1.0,46.0,46.0,-27074.892865661182,0.0,1.0,554.3853709464021,0.0,0.0,0.0,0.0,261957.78734134248,-27074.892865661182,-0.10335593814732222
NIFTY200,EDELWEISS,214479.26962704188,1.0,16.0,16.0,-31768.84134167069,0.0,1.0,443.946573798313,0.0,0.0,0.0,0.0,214479.26962704188,-31768.84134167069,-0.14812080159035204
NIFTY200,EICHERMOT,261957.78734134248,1.0,28.0,28.0,-77.784477507259,0.0,1.0,582.3894951846682,0.0,0.0,0.0,0.0,261957.78734134248,-77.784477507259,-0.0002969351600374545
NIFTY200,EIHOTEL,191742.60321318544,1.0,38.0,38.0,-20377.47361013104,0.0,1.0,405.20726065894473,0.0,0.0,0.0,0.0,191742.60321318544,-20377.47361013104,-0.10627514839503209
NIFTY200,ENGINERSIN,127128.52876374224,1.0,52.0,52.0,-9793.426220923982,0.0,1.0,272.514971065582,0.0,0.0,0.0,0.0,127128.52876374224,-9793.426220923982,-0.07703562934425401
NIFTY200,EXIDEIND,240655.59860138886,1.0,44.0,44.0,-29716.231314762612,0.0,1.0,504.279519027192,0.0,0.0,0.0,0.0,240655.59860138886,-29716.231314762612,-0.12348032411239783
NIFTY200,FACT,445090.032011752,3.0,65.66666666666667,149.0,75041.95884140965,2.0,1.0,1067.5107391737342,0.0,0.0,0.0,0.0,445090.032011752,75041.95884140965,0.1685995044693076
NIFTY200,FEDERALBNK,0.0,0.0,0.0,0.0,0.0,0.0,0.0,0.0,244673.46129264613,242830.37875600843,-1843.0825366376957,16.0,244673.46129264613,-1843.0825366376957,-0.0075328256971574185
NIFTY200,FINCABLES,127793.52090516544,1.0,30.0,30.0,-16502.749864675352,0.0,1.0,267.03401165840114,0.0,0.0,0.0,0.0,127793.52090516544,-16502.749864675352,-0.12913604498714698
NIFTY200,FORTIS,261957.78734134248,1.0,53.0,53.0,-3965.9935938901035,0.0,1.0,578.3562524538534,0.0,0.0,0.0,0.0,261957.78734134248,-3965.9935938901035,-0.015139819411904865
NIFTY200,GHCL,120113.65853513773,1.0,7.0,7.0,-7683.989783921614,0.0,1.0,259.1053388341001,0.0,0.0,0.0,0.0,120113.65853513773,-7683.989783921614,-0.06397265621273004
NIFTY200,GODFRYPHLP,821952.5625719201,4.0,57.75,105.0,48939.74643742014,2.0,2.0,1878.3988573899828,0.0,0.0,0.0,0.0,821952.5625719201,48939.74643742014,0.05954084051308977
NIFTY200,GODREJIND,236383.3603827108,1.0,8.0,8.0,4434.794454669493,1.0,0.0,530.2049715381506,0.0,0.0,0.0,0.0,236383.3603827108,4434.794454669493,0.01876102635773282
NIFTY200,GOLDBEES,5568183.618078776,6.0,119.0,238.0,388910.2283774187,5.0,1.0,12784.422858629034,0.0,0.0,0.0,0.0,5568183.618078776,388910.2283774187,0.06984507966201135
NIFTY200,GVT&D,253286.9942301442,1.0,77.0,77.0,23483.534863194334,1.0,0.0,587.5499308893707,0.0,0.0,0.0,0.0,253286.9942301442,23483.534863194334,0.09271512315336841
NIFTY200,HERITGFOOD,240655.59860138886,1.0,73.0,73.0,3929.8522685618955,1.0,0.0,539.180631074138,0.0,0.0,0.0,0.0,240655.59860138886,3929.8522685618955,0.0163297770398898
NIFTY200,HEROMOTOCO,241605.057904184,1.0,64.0,64.0,-25555.07471253723,0.0,1.0,510.7070387042223,0.0,0.0,0.0,0.0,241605.057904184,-25555.07471253723,-0.1057721015206225
NIFTY200,HINDCOPPER,253286.9942301442,1.0,71.0,71.0,-30720.751593567635,0.0,1.0,531.3237769488328,0.0,0.0,0.0,0.0,253286.9942301442,-30720.751593567635,-0.121288310467508
NIFTY200,INDHOTEL,120113.65853513773,1.0,38.0,38.0,-22286.16861910728,0.0,1.0,243.9584859056083,0.0,0.0,0.0,0.0,120113.65853513773,-22286.16861910728,-0.18554233457627756
NIFTY200,IRCTC,111135.63442373477,1.0,68.0,68.0,5940.459192224793,1.0,0.0,253.27511379693578,0.0,0.0,0.0,0.0,111135.63442373477,5940.459192224793,0.0534523352750674
NIFTY200,ITC,115662.86294630551,1.0,130.0,130.0,14467.997561744181,1.0,0.0,272.1871511394256,0.0,0.0,0.0,0.0,115662.86294630551,14467.997561744181,0.12508766593872658
NIFTY200,ITI,362502.3558297546,2.0,52.0,99.0,-8148.234288590844,1.0,1.0,797.5815609935958,0.0,0.0,0.0,0.0,362502.3558297546,-8148.234288590844,-0.022477741613402304
NIFTY200,JBMA,243860.86545260577,2.0,80.5,155.0,69353.60584642153,1.0,1.0,614.1717451069417,0.0,0.0,0.0,0.0,243860.86545260577,69353.60584642153,0.2843982601214067
NIFTY200,JSL,358929.1553289002,3.0,81.66666666666667,181.0,83853.028705077,2.0,1.0,885.0694445322615,0.0,0.0,0.0,0.0,358929.1553289002,83853.028705077,0.23361999843183354
NIFTY200,KALYANKJIL,756209.0249013337,4.0,31.25,65.0,-9578.035134694743,2.0,2.0,1671.5157881038958,0.0,0.0,0.0,0.0,756209.0249013337,-9578.035134694743,-0.012665856686839245
NIFTY200,LTF,261880.00286383522,1.0,96.0,96.0,15564.037935503555,1.0,0.0,598.4418154329508,0.0,0.0,0.0,0.0,261880.00286383522,15564.037935503555,0.05943194503322231
NIFTY200,LTTS,228953.55323830142,2.0,7.5,9.0,-105.10473769051896,1.0,1.0,508.9753542342607,0.0,0.0,0.0,0.0,228953.55323830142,-105.10473769051896,-0.0004590657633564784
NIFTY200,MAZDOCK,883863.7763172269,5.0,58.6,130.0,21241.145800747458,3.0,2.0,1987.3283224472648,0.0,0.0,0.0,0.0,883863.7763172269,21241.145800747458,0.024032148810592065
NIFTY200,MFSL,226114.49057242845,1.0,41.0,41.0,-18495.180545858893,0.0,1.0,483.58658030309937,0.0,0.0,0.0,0.0,226114.49057242845,-18495.180545858893,-0.08179564475959386
NIFTY200,MRPL,207869.98643566697,1.0,112.0,112.0,48974.78298925806,1.0,0.0,513.0060873997122,0.0,0.0,0.0,0.0,207869.98643566697,48974.78298925806,0.23560295465942657
NIFTY200,NATIONALUM,462212.94917073403,2.0,52.5,70.0,17026.47400065919,1.0,1.0,1045.4044923378772,0.0,0.0,0.0,0.0,462212.94917073403,17026.47400065919,0.03683686065309668
NIFTY200,PATANJALI,121797.01900499531,1.0,11.0,11.0,-6714.1680254385865,0.0,1.0,263.85433304613986,0.0,0.0,0.0,0.0,121797.01900499531,-6714.1680254385865,-0.055125881407353784
NIFTY200,PRAJIND,120000.0,1.0,69.0,69.0,-12537.076169687192,0.0,1.0,253.81850525664868,0.0,0.0,0.0,0.0,120000.0,-12537.076169687192,-0.10447563474739327
NIFTY200,QUESS,0.0,0.0,0.0,0.0,0.0,0.0,0.0,0.0,244673.46129264613,254232.10239250842,9558.641099862289,16.0,244673.46129264613,9558.641099862289,0.039066930468725836
NIFTY200,RAMCOCEM,229570.3784438721,1.0,13.0,13.0,3833.7962301284133,1.0,0.0,514.4327070907852,0.0,0.0,0.0,0.0,229570.3784438721,3833.7962301284133,0.016699873285549956
NIFTY200,SRF,364582.53999544686,2.0,18.0,24.0,-20460.803261626803,0.0,2.0,789.4350677896068,0.0,0.0,0.0,0.0,364582.53999544686,-20460.803261626803,-0.05612118249514179
NIFTY200,SUZLON,576981.6254567965,3.0,53.333333333333336,128.0,-30886.366173724527,1.0,2.0,1250.8956976413995,0.0,0.0,0.0,0.0,576981.6254567965,-30886.366173724527,-0.05353093549430068
NIFTY200,TCIEXP,116067.34454744031,1.0,6.0,6.0,1448.5609155820275,1.0,0.0,259.581453785313,0.0,0.0,0.0,0.0,116067.34454744031,1448.5609155820275,0.012480348553076063
NIFTY200,TORNTPOWER,191742.60321318544,1.0,24.0,24.0,-14842.025607142365,0.0,1.0,410.94918573334184,0.0,0.0,0.0,0.0,191742.60321318544,-14842.025607142365,-0.07740598781085982
NIFTY200,UNIONBANK,110309.81234723626,1.0,34.0,34.0,4849.256393276679,1.0,0.0,250.30697059170274,0.0,0.0,0.0,0.0,110309.81234723626,4849.256393276679,0.04396033580414457
NIFTY200,VBL,244710.6516449199,2.0,45.0,86.0,16383.951463353937,1.0,1.0,561.1157985399091,0.0,0.0,0.0,0.0,244710.6516449199,16383.951463353937,0.06695234291283479
NIFTY50,ABB,853603.701169675,3.0,77.33333333333333,85.0,9252.275003043993,2.0,1.0,1907.6081658157927,0.0,0.0,0.0,0.0,853603.701169675,9252.275003043993,0.010839075545672773
NIFTY50,ABBOTINDIA,575238.1817576534,2.0,7.0,13.0,-4928.1136568328075,1.0,1.0,1273.9456218465766,0.0,0.0,0.0,0.0,575238.1817576534,-4928.1136568328075,-0.008567083710915788
NIFTY50,ABREL,1310162.3487871443,4.0,36.25,77.0,-73424.38941099218,1.0,3.0,2837.018013642026,0.0,0.0,0.0,0.0,1310162.3487871443,-73424.38941099218,-0.0560422068905913
NIFTY50,ADANIENT,273577.0941152834,1.0,77.0,77.0,-76112.82432080439,0.0,1.0,529.354122503034,0.0,0.0,0.0,0.0,273577.0941152834,-76112.82432080439,-0.27821343949479554
NIFTY50,ASAHIINDIA,1109576.564761513,3.0,9.333333333333334,15.0,-7051.8238515815465,1.0,2.0,2459.8584520274644,0.0,0.0,0.0,0.0,1109576.564761513,-7051.8238515815465,-0.0063554188827854635
NIFTY50,BAJAJ-AUTO,1645718.9585579678,5.0,32.8,71.0,-6063.3143104643095,3.0,2.0,3653.0108569591184,0.0,0.0,0.0,0.0,1645718.9585579678,-6063.3143104643095,-0.0036842951094014143
NIFTY50,BAJAJFINSV,932806.267842304,3.0,50.666666666666664,105.0,7235.204280048929,1.0,2.0,2081.624892397806,0.0,0.0,0.0,0.0,932806.267842304,7235.204280048929,0.007756384717252008
NIFTY50,BAJFINANCE,568093.8803125324,2.0,62.0,119.0,-3106.325889859523,1.0,1.0,1259.9498176082832,0.0,0.0,0.0,0.0,568093.8803125324,-3106.325889859523,-0.005467979848947858
NIFTY50,BEL,776918.0705402968,2.0,51.5,74.0,8721.52379309584,2.0,0.0,1736.5450562481203,0.0,0.0,0.0,0.0,776918.0705402968,8721.52379309584,0.01122579603153081
NIFTY50,BHARTIARTL,566786.4089656218,2.0,6.5,7.0,-11797.450140641595,0.0,2.0,1248.027309108672,0.0,0.0,0.0,0.0,566786.4089656218,-11797.450140641595,-0.020814631321473983
NIFTY50,BPCL,1094921.2280643776,3.0,12.666666666666666,27.0,-37331.884456939064,1.0,2.0,2395.862383517134,0.0,0.0,0.0,0.0,1094921.2280643776,-37331.884456939064,-0.03409549792265429
NIFTY50,BRITANNIA,487941.1919924658,2.0,9.5,13.0,-3059.365480957611,1.0,1.0,1081.7768728468488,0.0,0.0,0.0,0.0,487941.1919924658,-3059.365480957611,-0.006269947139459482
NIFTY50,BSOFT,685087.744704362,3.0,89.66666666666667,226.0,239637.61246167732,2.0,1.0,1771.8873200761045,0.0,0.0,0.0,0.0,685087.744704362,239637.61246167732,0.34979112429618614
NIFTY50,COALINDIA,1088469.3916446865,4.0,56.0,79.0,114150.9068501509,3.0,1.0,2538.649784270494,0.0,0.0,0.0,0.0,1088469.3916446865,114150.9068501509,0.10487286801668158
NIFTY50,DRREDDY,251915.65380892577,1.0,10.0,10.0,-15017.11225520214,0.0,1.0,544.5639635388507,0.0,0.0,0.0,0.0,251915.65380892577,-15017.11225520214,-0.059611667747302415
NIFTY50,EICHERMOT,951112.89187659,3.0,55.0,99.0,27375.670078595722,2.0,1.0,2143.2218858450165,0.0,0.0,0.0,0.0,951112.89187659,27375.670078595722,0.028782776800114918
NIFTY50,GOLDBEES,4143734.963752073,5.0,122.2,245.0,497126.1212725837,5.0,0.0,9729.375429932443,1366793.2404889264,1277541.5276441132,-89251.71284481324,192.0,5510528.204240999,407874.4084277705,0.07401729803576056
NIFTY50,HEROMOTOCO,334101.61401682254,1.0,7.0,7.0,-3215.7088842003723,0.0,1.0,739.5482611468547,0.0,0.0,0.0,0.0,334101.61401682254,-3215.7088842003723,-0.009624942679978961
NIFTY50,INDUSTOWER,712838.5817656544,2.0,60.5,65.0,-41433.96795134712,0.0,2.0,1542.0362549902065,0.0,0.0,0.0,0.0,712838.5817656544,-41433.96795134712,-0.05812531618128455
NIFTY50,JSWSTEEL,233333.33333333334,1.0,13.0,13.0,-20631.968679168524,0.0,1.0,497.4213790039553,0.0,0.0,0.0,0.0,233333.33333333334,-20631.968679168524,-0.08842272291072224
NIFTY50,KOTAKBANK,357790.111573125,1.0,45.0,45.0,-11647.565963586094,0.0,1.0,783.4738994132454,0.0,0.0,0.0,0.0,357790.111573125,-11647.565963586094,-0.032554186342306356
NIFTY50,LT,989822.185035493,4.0,15.5,26.0,-23528.485325373564,1.0,3.0,2176.4901145161284,0.0,0.0,0.0,0.0,989822.185035493,-23528.485325373564,-0.02377041622332387
NIFTY50,MARUTI,874666.431762676,2.0,11.0,17.0,-48819.502807526966,0.0,2.0,1894.2038072983053,0.0,0.0,0.0,0.0,874666.431762676,-48819.502807526966,-0.05581499533387055
NIFTY50,NTPC,883861.7336611336,3.0,42.666666666666664,101.0,82451.11111442017,3.0,0.0,2050.816931317315,0.0,0.0,0.0,0.0,883861.7336611336,82451.11111442017,0.09328507839443512
NIFTY50,ONGC,238050.69155850392,1.0,30.0,30.0,-9240.38224053412,0.0,1.0,519.7270544276361,0.0,0.0,0.0,0.0,238050.69155850392,-9240.38224053412,-0.03881686786977126
NIFTY50,SBILIFE,314998.0607976274,1.0,7.0,7.0,4498.051711256616,1.0,0.0,705.0724877354285,0.0,0.0,0.0,0.0,314998.0607976274,4498.051711256616,0.014279617150235154
NIFTY50,SHRIRAMFIN,754660.5442336842,2.0,34.5,64.0,94249.11081400787,2.0,0.0,1775.7726893864308,0.0,0.0,0.0,0.0,754660.5442336842,94249.11081400787,0.1248894109201278
NIFTY50,TITAN,242682.47973323197,1.0,6.0,6.0,-6216.203265370103,0.0,1.0,533.1629434345832,0.0,0.0,0.0,0.0,242682.47973323197,-6216.203265370103,-0.025614553107431763
NIFTY50,TRENT,301179.01758814836,1.0,6.0,6.0,-13543.562356653623,0.0,1.0,655.6308916132755,0.0,0.0,0.0,0.0,301179.01758814836,-13543.562356653623,-0.044968479096289385
NIFTY50,ULTRACEMCO,238050.69155850392,1.0,1.0,1.0,-1734.395641918818,0.0,1.0,527.5130209176848,0.0,0.0,0.0,0.0,238050.69155850392,-1734.395641918818,-0.007285824840767449
NIFTY500,AAVAS,387028.9492622442,1.0,13.0,13.0,-63961.54293359775,0.0,1.0,794.2219066505917,0.0,0.0,0.0,0.0,387028.9492622442,-63961.54293359775,-0.16526294236005198
NIFTY500,ACUTAAS,0.0,0.0,0.0,0.0,0.0,0.0,0.0,0.0,360581.59375153517,502316.28653236857,141734.6927808334,109.0,360581.59375153517,141734.6927808334,0.3930724563786195
NIFTY500,AEGISLOG,0.0,0.0,0.0,0.0,0.0,0.0,0.0,0.0,342319.62089191267,356738.3054798903,14418.684587977652,16.0,342319.62089191267,14418.684587977652,0.042120532122610486
NIFTY500,AVANTIFEED,744052.3319901037,2.0,43.0,44.0,-133104.0727155141,0.0,2.0,1516.351387410777,0.0,0.0,0.0,0.0,744052.3319901037,-133104.0727155141,-0.17889074060087007
NIFTY500,BDL,723109.6115378619,3.0,56.333333333333336,68.0,-62925.273549441685,1.0,2.0,1542.5812155856106,0.0,0.0,0.0,0.0,723109.6115378619,-62925.273549441685,-0.08702038051411924
NIFTY500,BHARATFORG,0.0,0.0,0.0,0.0,0.0,0.0,0.0,0.0,360581.59375153517,429678.00036928663,69096.40661775146,109.0,360581.59375153517,69096.40661775146,0.1916248855047313
NIFTY500,BLISSGVS,0.0,0.0,0.0,0.0,0.0,0.0,0.0,0.0,360581.59375153517,662040.3671371561,301458.7733856209,109.0,360581.59375153517,301458.7733856209,0.8360348354146612
NIFTY500,BSE,542533.6775691176,2.0,169.5,234.0,287062.67896053975,2.0,0.0,1504.108583337856,0.0,0.0,0.0,0.0,542533.6775691176,287062.67896053975,0.5291149486733357
NIFTY500,CARTRADE,712552.1506363985,2.0,45.0,53.0,-38769.914706837735,0.0,2.0,1544.1627924455108,0.0,0.0,0.0,0.0,712552.1506363985,-38769.914706837735,-0.054409932904154926
NIFTY500,COCHINSHIP,350869.85495579074,1.0,138.0,138.0,-17569.560940863623,0.0,1.0,761.943632230709,0.0,0.0,0.0,0.0,350869.85495579074,-17569.560940863623,-0.05007429590403932
NIFTY500,CREDITACC,126378.08442112408,1.0,16.0,16.0,2155.116118935679,1.0,0.0,283.24057136084906,0.0,0.0,0.0,0.0,126378.08442112408,2155.116118935679,0.017052925978481216
NIFTY500,ELECON,226378.08442112408,2.0,132.5,154.0,47506.68557250014,2.0,0.0,552.6364819940225,0.0,0.0,0.0,0.0,226378.08442112408,47506.68557250014,0.20985549769086717
NIFTY500,FLUOROCHEM,100000.0,1.0,111.0,111.0,15764.039884229962,1.0,0.0,238.70474022891693,0.0,0.0,0.0,0.0,100000.0,15764.039884229962,0.1576403988422996
NIFTY500,GMDCLTD,579599.4606867662,2.0,122.0,124.0,1732.578077885788,1.0,1.0,1290.5521841539655,0.0,0.0,0.0,0.0,579599.4606867662,1732.578077885788,0.0029892679262207384
NIFTY500,GOKEX,100000.0,1.0,44.0,44.0,-12772.659385733452,0.0,1.0,209.10359701697388,0.0,0.0,0.0,0.0,100000.0,-12772.659385733452,-0.1277265938573345
NIFTY500,GOLDBEES,6539942.2062222175,5.0,135.8,238.0,544606.7169099234,4.0,1.0,15106.658302707156,0.0,0.0,0.0,0.0,6539942.2062222175,544606.7169099234,0.08327393419345125
NIFTY500,GVT&D,404419.11705839867,2.0,134.5,213.0,258530.31202331508,2.0,0.0,1167.4104965004244,0.0,0.0,0.0,0.0,404419.11705839867,258530.31202331508,0.6392633313275914
NIFTY500,HINDCOPPER,655873.2068603558,2.0,39.0,43.0,89226.27802437468,1.0,1.0,1550.9062006535396,0.0,0.0,0.0,0.0,655873.2068603558,89226.27802437468,0.13604196221324247
NIFTY500,HSCL,184687.67053757823,1.0,132.0,132.0,75911.15825971033,1.0,0.0,489.4007106247274,0.0,0.0,0.0,0.0,184687.67053757823,75911.15825971033,0.4110245044444629
NIFTY500,HUBTOWN,573288.362506269,2.0,44.0,60.0,-54444.681487329566,1.0,1.0,1218.2465670405684,0.0,0.0,0.0,0.0,573288.362506269,-54444.681487329566,-0.09496910289494007
NIFTY500,IFCI,561746.4494963452,2.0,55.0,61.0,41874.85867953452,1.0,1.0,1292.4951568349572,0.0,0.0,0.0,0.0,561746.4494963452,41874.85867953452,0.07454405580503265
NIFTY500,INDIAGLYCO,352584.1003443385,1.0,30.0,30.0,-21419.645379159832,0.0,1.0,761.7616069591152,0.0,0.0,0.0,0.0,352584.1003443385,-21419.645379159832,-0.0607504574319747
NIFTY500,INDIGO,383470.73823856853,1.0,1.0,1.0,9079.030839999556,1.0,0.0,862.0751801165395,0.0,0.0,0.0,0.0,383470.73823856853,9079.030839999556,0.023675941694281822
NIFTY500,IONEXCHANG,171849.43928685476,1.0,17.0,17.0,-11652.349109645089,0.0,1.0,370.0248552837411,0.0,0.0,0.0,0.0,171849.43928685476,-11652.349109645089,-0.06780556956135736
NIFTY500,IRCON,151567.57806601247,1.0,65.0,65.0,16298.748648511391,1.0,0.0,353.9212899700037,0.0,0.0,0.0,0.0,151567.57806601247,16298.748648511391,0.10753453249357044
NIFTY500,JINDALSAW,151567.57806601247,1.0,227.0,227.0,254160.91172391915,1.0,0.0,600.6559206043449,0.0,0.0,0.0,0.0,151567.57806601247,254160.91172391915,1.6768817907298357
NIFTY500,JKTYRE,350974.1087269596,1.0,5.0,5.0,-2486.19265334151,0.0,1.0,777.8214344630024,0.0,0.0,0.0,0.0,350974.1087269596,-2486.19265334151,-0.007083692476232325
NIFTY500,KARURVYSYA,136327.0013305623,1.0,95.0,95.0,44566.859479204286,1.0,0.0,349.35599414840846,0.0,0.0,0.0,0.0,136327.0013305623,44566.859479204286,0.32691146320412107
NIFTY500,KTKBANK,135972.2402191826,1.0,4.0,4.0,-11362.81733273738,0.0,1.0,290.55127041083733,0.0,0.0,0.0,0.0,135972.2402191826,-11362.81733273738,-0.08356718484906116
NIFTY500,LAURUSLABS,387028.9492622442,1.0,27.0,27.0,-21800.546200263372,0.0,1.0,837.9555455853266,0.0,0.0,0.0,0.0,387028.9492622442,-21800.546200263372,-0.05632794715180774
NIFTY500,LTF,394911.79014918796,1.0,31.0,31.0,31482.508072231198,1.0,0.0,910.7538131603717,0.0,0.0,0.0,0.0,394911.79014918796,31482.508072231198,0.07972035491859557
NIFTY500,MAHSCOOTER,394911.79014918796,1.0,42.0,42.0,-65830.37775135803,0.0,1.0,809.8110712412494,0.0,0.0,0.0,0.0,394911.79014918796,-65830.37775135803,-0.16669641016918976
NIFTY500,MAHSEAMLES,294731.44409954536,1.0,45.0,45.0,14555.923190652335,1.0,0.0,670.442159696081,0.0,0.0,0.0,0.0,294731.44409954536,14555.923190652335,0.04938707247583696
NIFTY500,MCX,1358871.2469223787,4.0,38.75,77.0,-20685.827471304045,2.0,2.0,3000.0293144621564,0.0,0.0,0.0,0.0,1358871.2469223787,-20685.827471304045,-0.01522280165847505
NIFTY500,NAVA,259732.32219068173,1.0,27.0,27.0,-63281.08913158838,0.0,1.0,511.88027018679816,0.0,0.0,0.0,0.0,259732.32219068173,-63281.08913158838,-0.2436396386782033
NIFTY500,NCC,151567.57806601247,1.0,22.0,22.0,-15847.53322622279,0.0,1.0,320.575923552414,0.0,0.0,0.0,0.0,151567.57806601247,-15847.53322622279,-0.10455754079095127
NIFTY500,NETWEB,647495.412570612,2.0,109.5,127.0,-29852.252639630606,1.0,1.0,1408.7576854454048,0.0,0.0,0.0,0.0,647495.412570612,-29852.252639630606,-0.04610419172101099
NIFTY500,OLECTRA,259610.4950417655,2.0,44.5,51.0,26872.516485262924,1.0,1.0,605.1257985205204,0.0,0.0,0.0,0.0,259610.4950417655,26872.516485262924,0.10351090190302106
NIFTY500,ONIDA,350974.1087269596,1.0,5.0,5.0,-23200.904969769006,0.0,1.0,756.3340451867598,0.0,0.0,0.0,0.0,350974.1087269596,-23200.904969769006,-0.06610432049794919
NIFTY500,POONAWALLA,100000.0,1.0,92.0,92.0,1630.8946637133922,1.0,0.0,224.04441628079846,0.0,0.0,0.0,0.0,100000.0,1630.8946637133922,0.016308946637133923
NIFTY500,RBLBANK,426394.29822141916,1.0,89.0,89.0,-43041.52106050716,0.0,1.0,903.4521751883276,0.0,0.0,0.0,0.0,426394.29822141916,-43041.52106050716,-0.10094300331885875
NIFTY500,RECLTD,324761.6248749257,2.0,38.0,64.0,45217.170763779344,2.0,0.0,769.0200128380001,0.0,0.0,0.0,0.0,324761.6248749257,45217.170763779344,0.13923187747688376
NIFTY500,RSWM,100000.0,1.0,17.0,17.0,-23173.508635182254,0.0,1.0,198.31478695712144,0.0,0.0,0.0,0.0,100000.0,-23173.508635182254,-0.23173508635182255
NIFTY500,RVNL,287539.81828519504,2.0,58.0,112.0,2473.916888049018,1.0,1.0,641.9187106529691,0.0,0.0,0.0,0.0,287539.81828519504,2473.916888049018,0.00860373670263391
NIFTY500,SAREGAMA,178457.38602853112,2.0,17.0,28.0,15756.870798514006,2.0,0.0,413.1494103530335,0.0,0.0,0.0,0.0,178457.38602853112,15756.870798514006,0.08829486494885033
NIFTY500,SHOPERSTOP,126378.08442112408,1.0,136.0,136.0,30359.21759477156,1.0,0.0,312.4967105888763,0.0,0.0,0.0,0.0,126378.08442112408,30359.21759477156,0.24022533443066668
NIFTY500,SHREECEM,383470.73823856853,1.0,1.0,1.0,-1962.608792648185,0.0,1.0,850.6216776294912,0.0,0.0,0.0,0.0,383470.73823856853,-1962.608792648185,-0.005118014484399036
NIFTY500,SOLARINDS,344147.90469531366,1.0,74.0,74.0,3751.703653628705,1.0,0.0,769.1137616399367,0.0,0.0,0.0,0.0,344147.90469531366,3751.703653628705,0.010901428143083484
NIFTY500,SONATSOFTW,151567.57806601247,1.0,71.0,71.0,24264.97379317318,1.0,0.0,362.18466230802034,0.0,0.0,0.0,0.0,151567.57806601247,24264.97379317318,0.1600934322682455
NIFTY500,SOUTHBANK,135972.2402191826,1.0,4.0,4.0,-2191.58188010953,0.0,1.0,300.06460099947464,0.0,0.0,0.0,0.0,135972.2402191826,-2191.58188010953,-0.01611786256206984
NIFTY500,SYRMA,394911.79014918796,1.0,78.0,78.0,-35304.168445923715,0.0,1.0,841.4759349600541,282580.2688623917,295195.13754618337,12614.868683791661,45.0,677492.0590115797,-22689.299762132054,-0.03349013388471945
NIFTY500,TATAINVEST,376932.85963005753,2.0,65.0,67.0,15019.009508668285,1.0,1.0,853.6995763936418,0.0,0.0,0.0,0.0,376932.85963005753,15019.009508668285,0.0398453176075144
NIFTY500,TIMKEN,126378.08442112408,1.0,56.0,56.0,3447.4076491867454,1.0,0.0,284.58106649999104,0.0,0.0,0.0,0.0,126378.08442112408,3447.4076491867454,0.027278524318339104
NIFTY500,TRIDENT,87761.05575491075,1.0,38.0,38.0,31454.884438914727,1.0,0.0,227.76724557523596,0.0,0.0,0.0,0.0,87761.05575491075,31454.884438914727,0.35841506427131425
NIFTY500,WOCKPHARMA,504731.3937308432,2.0,61.5,63.0,30471.435609598615,2.0,0.0,1153.891867117483,0.0,0.0,0.0,0.0,504731.3937308432,30471.435609598615,0.06037158771591695
NIFTY500,WSTCSTPAPR,128533.20054005976,1.0,120.0,120.0,-7177.426181341827,0.0,1.0,278.3518756534606,0.0,0.0,0.0,0.0,128533.20054005976,-7177.426181341827,-0.055841029019617766
NIFTY500,ZENSARTECH,135720.04483978968,1.0,139.0,139.0,25228.32127623257,1.0,0.0,327.94652741743243,0.0,0.0,0.0,0.0,135720.04483978968,25228.32127623257,0.18588500546115547
